id,name,age,email,city
1,User_1,35,user1@example.com,Houston
2,User_2,36,user2@example.com,New York
3,User_3,19,user3@example.com,Chicago
4,User_4,58,user4@example.com,Houston
5,User_5,51,user5@example.com,New York
6,User_6,20,user6@example.com,New York
7,User_7,64,user7@example.com,Chicago
8,User_8,33,user8@example.com,Los Angeles
9,User_9,20,user9@example.com,Chicago
10,User_10,21,user10@example.com,Phoenix
11,User_11,30,user11@example.com,Houston
12,User_12,34,user12@example.com,Los Angeles
13,User_13,31,user13@example.com,Phoenix
14,User_14,56,user14@example.com,New York
15,User_15,47,user15@example.com,New York
16,User_16,64,user16@example.com,Los Angeles
17,User_17,62,user17@example.com,Chicago
18,User_18,44,user18@example.com,Los Angeles
19,User_19,25,user19@example.com,Houston
20,User_20,27,user20@example.com,Chicago
21,User_21,44,user21@example.com,Houston
22,User_22,33,user22@example.com,Phoenix
23,User_23,44,user23@example.com,Chicago
24,User_24,36,user24@example.com,Phoenix
25,User_25,23,user25@example.com,Chicago
26,User_26,36,user26@example.com,New York
27,User_27,28,user27@example.com,Los Angeles
28,User_28,49,user28@example.com,Los Angeles
29,User_29,27,user29@example.com,Los Angeles
30,User_30,39,user30@example.com,Los Angeles
31,User_31,61,user31@example.com,New York
32,User_32,40,user32@example.com,Houston
33,User_33,18,user33@example.com,Chicago
34,User_34,47,user34@example.com,Los Angeles
35,User_35,62,user35@example.com,Los Angeles
36,User_36,30,user36@example.com,Chicago
37,User_37,55,user37@example.com,New York
38,User_38,34,user38@example.com,Houston
39,User_39,53,user39@example.com,Los Angeles
40,User_40,24,user40@example.com,New York
41,User_41,45,user41@example.com,Houston
42,User_42,50,user42@example.com,Los Angeles
43,User_43,57,user43@example.com,Phoenix
44,User_44,62,user44@example.com,Phoenix
45,User_45,42,user45@example.com,Los Angeles
46,User_46,31,user46@example.com,Phoenix
47,User_47,60,user47@example.com,Houston
48,User_48,64,user48@example.com,New York
49,User_49,41,user49@example.com,New York
50,User_50,59,user50@example.com,Phoenix
51,User_51,55,user51@example.com,Los Angeles
52,User_52,53,user52@example.com,Houston
53,User_53,18,user53@example.com,Chicago
54,User_54,45,user54@example.com,Los Angeles
55,User_55,19,user55@example.com,Houston
56,User_56,46,user56@example.com,Chicago
57,User_57,41,user57@example.com,Los Angeles
58,User_58,21,user58@example.com,Chicago
59,User_59,53,user59@example.com,Houston
60,User_60,32,user60@example.com,New York
61,User_61,41,user61@example.com,Phoenix
62,User_62,19,user62@example.com,Chicago
63,User_63,40,user63@example.com,Chicago
64,User_64,57,user64@example.com,Chicago
65,User_65,43,user65@example.com,Houston
66,User_66,22,user66@example.com,Houston
67,User_67,36,user67@example.com,New York
68,User_68,61,user68@example.com,Chicago
69,User_69,55,user69@example.com,Chicago
70,User_70,37,user70@example.com,Los Angeles
71,User_71,34,user71@example.com,Phoenix
72,User_72,37,user72@example.com,Houston
73,User_73,55,user73@example.com,New York
74,User_74,23,user74@example.com,Phoenix
75,User_75,23,user75@example.com,Phoenix
76,User_76,52,user76@example.com,Los Angeles
77,User_77,58,user77@example.com,Phoenix
78,User_78,56,user78@example.com,Los Angeles
79,User_79,34,user79@example.com,New York
80,User_80,37,user80@example.com,Chicago
81,User_81,35,user81@example.com,New York
82,User_82,42,user82@example.com,Phoenix
83,User_83,32,user83@example.com,Los Angeles
84,User_84,21,user84@example.com,Los Angeles
85,User_85,51,user85@example.com,Los Angeles
86,User_86,26,user86@example.com,Chicago
87,User_87,57,user87@example.com,Houston
88,User_88,29,user88@example.com,Phoenix
89,User_89,26,user89@example.com,New York
90,User_90,62,user90@example.com,Phoenix
91,User_91,43,user91@example.com,New York
92,User_92,57,user92@example.com,Chicago
93,User_93,54,user93@example.com,Phoenix
94,User_94,34,user94@example.com,Houston
95,User_95,51,user95@example.com,Chicago
96,User_96,53,user96@example.com,Phoenix
97,User_97,29,user97@example.com,New York
98,User_98,51,user98@example.com,Chicago
99,User_99,53,user99@example.com,Chicago
100,User_100,63,user100@example.com,Houston
101,User_101,60,user101@example.com,New York
102,User_102,55,user102@example.com,Chicago
103,User_103,27,user103@example.com,New York
104,User_104,48,user104@example.com,Los Angeles
105,User_105,21,user105@example.com,Chicago
106,User_106,36,user106@example.com,Houston
107,User_107,19,user107@example.com,Phoenix
108,User_108,54,user108@example.com,Los Angeles
109,User_109,46,user109@example.com,Chicago
110,User_110,26,user110@example.com,Phoenix
111,User_111,34,user111@example.com,Phoenix
112,User_112,53,user112@example.com,Houston
113,User_113,18,user113@example.com,Chicago
114,User_114,30,user114@example.com,New York
115,User_115,64,user115@example.com,Phoenix
116,User_116,41,user116@example.com,Los Angeles
117,User_117,49,user117@example.com,Los Angeles
118,User_118,30,user118@example.com,Phoenix
119,User_119,28,user119@example.com,New York
120,User_120,32,user120@example.com,Phoenix
121,User_121,59,user121@example.com,Los Angeles
122,User_122,48,user122@example.com,New York
123,User_123,39,user123@example.com,Phoenix
124,User_124,45,user124@example.com,Chicago
125,User_125,31,user125@example.com,Los Angeles
126,User_126,50,user126@example.com,Los Angeles
127,User_127,52,user127@example.com,New York
128,User_128,26,user128@example.com,New York
129,User_129,39,user129@example.com,Los Angeles
130,User_130,41,user130@example.com,Chicago
131,User_131,21,user131@example.com,Houston
132,User_132,42,user132@example.com,Phoenix
133,User_133,49,user133@example.com,Los Angeles
134,User_134,52,user134@example.com,Phoenix
135,User_135,48,user135@example.com,New York
136,User_136,26,user136@example.com,Los Angeles
137,User_137,21,user137@example.com,Los Angeles
138,User_138,19,user138@example.com,Phoenix
139,User_139,49,user139@example.com,Los Angeles
140,User_140,21,user140@example.com,Los Angeles
141,User_141,26,user141@example.com,New York
142,User_142,42,user142@example.com,Chicago
143,User_143,26,user143@example.com,Phoenix
144,User_144,41,user144@example.com,Chicago
145,User_145,34,user145@example.com,Chicago
146,User_146,22,user146@example.com,Phoenix
147,User_147,20,user147@example.com,Phoenix
148,User_148,42,user148@example.com,Houston
149,User_149,30,user149@example.com,Chicago
150,User_150,63,user150@example.com,Los Angeles
151,User_151,24,user151@example.com,Phoenix
152,User_152,28,user152@example.com,Chicago
153,User_153,43,user153@example.com,Chicago
154,User_154,33,user154@example.com,New York
155,User_155,19,user155@example.com,Phoenix
156,User_156,53,user156@example.com,Chicago
157,User_157,28,user157@example.com,Los Angeles
158,User_158,49,user158@example.com,Phoenix
159,User_159,37,user159@example.com,New York
160,User_160,23,user160@example.com,Phoenix
161,User_161,19,user161@example.com,Chicago
162,User_162,20,user162@example.com,Chicago
163,User_163,52,user163@example.com,Phoenix
164,User_164,47,user164@example.com,New York
165,User_165,42,user165@example.com,New York
166,User_166,55,user166@example.com,Chicago
167,User_167,20,user167@example.com,Phoenix
168,User_168,25,user168@example.com,Houston
169,User_169,29,user169@example.com,Phoenix
170,User_170,25,user170@example.com,Los Angeles
171,User_171,35,user171@example.com,Los Angeles
172,User_172,37,user172@example.com,Houston
173,User_173,59,user173@example.com,New York
174,User_174,37,user174@example.com,New York
175,User_175,65,user175@example.com,Phoenix
176,User_176,45,user176@example.com,Houston
177,User_177,54,user177@example.com,Houston
178,User_178,47,user178@example.com,New York
179,User_179,19,user179@example.com,New York
180,User_180,57,user180@example.com,Houston
181,User_181,48,user181@example.com,Los Angeles
182,User_182,41,user182@example.com,Chicago
183,User_183,44,user183@example.com,Chicago
184,User_184,44,user184@example.com,Chicago
185,User_185,41,user185@example.com,New York
186,User_186,25,user186@example.com,Phoenix
187,User_187,63,user187@example.com,Houston
188,User_188,35,user188@example.com,New York
189,User_189,23,user189@example.com,Houston
190,User_190,52,user190@example.com,New York
191,User_191,38,user191@example.com,Los Angeles
192,User_192,52,user192@example.com,New York
193,User_193,61,user193@example.com,Los Angeles
194,User_194,40,user194@example.com,Chicago
195,User_195,19,user195@example.com,Houston
196,User_196,21,user196@example.com,Los Angeles
197,User_197,32,user197@example.com,New York
198,User_198,36,user198@example.com,Houston
199,User_199,43,user199@example.com,Houston
200,User_200,32,user200@example.com,Phoenix
201,User_201,25,user201@example.com,New York
202,User_202,48,user202@example.com,Chicago
203,User_203,39,user203@example.com,Houston
204,User_204,29,user204@example.com,Los Angeles
205,User_205,34,user205@example.com,Los Angeles
206,User_206,28,user206@example.com,Phoenix
207,User_207,43,user207@example.com,Los Angeles
208,User_208,32,user208@example.com,Phoenix
209,User_209,50,user209@example.com,Phoenix
210,User_210,51,user210@example.com,Chicago
211,User_211,57,user211@example.com,Houston
212,User_212,56,user212@example.com,Phoenix
213,User_213,24,user213@example.com,Los Angeles
214,User_214,34,user214@example.com,Phoenix
215,User_215,35,user215@example.com,Houston
216,User_216,59,user216@example.com,Chicago
217,User_217,29,user217@example.com,Houston
218,User_218,24,user218@example.com,Phoenix
219,User_219,29,user219@example.com,Los Angeles
220,User_220,59,user220@example.com,Chicago
221,User_221,60,user221@example.com,Houston
222,User_222,42,user222@example.com,Phoenix
223,User_223,25,user223@example.com,New York
224,User_224,58,user224@example.com,Houston
225,User_225,44,user225@example.com,Chicago
226,User_226,19,user226@example.com,Phoenix
227,User_227,53,user227@example.com,Chicago
228,User_228,56,user228@example.com,New York
229,User_229,36,user229@example.com,Phoenix
230,User_230,35,user230@example.com,Los Angeles
231,User_231,45,user231@example.com,Houston
232,User_232,30,user232@example.com,Phoenix
233,User_233,32,user233@example.com,Los Angeles
234,User_234,46,user234@example.com,New York
235,User_235,27,user235@example.com,New York
236,User_236,18,user236@example.com,Houston
237,User_237,23,user237@example.com,New York
238,User_238,56,user238@example.com,Phoenix
239,User_239,29,user239@example.com,Chicago
240,User_240,54,user240@example.com,Chicago
241,User_241,38,user241@example.com,Phoenix
242,User_242,64,user242@example.com,Houston
243,User_243,22,user243@example.com,Phoenix
244,User_244,32,user244@example.com,Los Angeles
245,User_245,52,user245@example.com,New York
246,User_246,53,user246@example.com,Los Angeles
247,User_247,63,user247@example.com,Houston
248,User_248,38,user248@example.com,Chicago
249,User_249,43,user249@example.com,Chicago
250,User_250,20,user250@example.com,Los Angeles
251,User_251,27,user251@example.com,Phoenix
252,User_252,35,user252@example.com,Houston
253,User_253,26,user253@example.com,New York
254,User_254,26,user254@example.com,Phoenix
255,User_255,64,user255@example.com,Chicago
256,User_256,57,user256@example.com,Chicago
257,User_257,38,user257@example.com,Houston
258,User_258,22,user258@example.com,Houston
259,User_259,28,user259@example.com,Phoenix
260,User_260,55,user260@example.com,Houston
261,User_261,38,user261@example.com,Chicago
262,User_262,51,user262@example.com,Los Angeles
263,User_263,43,user263@example.com,New York
264,User_264,54,user264@example.com,Los Angeles
265,User_265,54,user265@example.com,New York
266,User_266,52,user266@example.com,Houston
267,User_267,21,user267@example.com,Phoenix
268,User_268,46,user268@example.com,Los Angeles
269,User_269,40,user269@example.com,New York
270,User_270,26,user270@example.com,New York
271,User_271,62,user271@example.com,Houston
272,User_272,51,user272@example.com,New York
273,User_273,49,user273@example.com,Phoenix
274,User_274,25,user274@example.com,New York
275,User_275,43,user275@example.com,New York
276,User_276,51,user276@example.com,Phoenix
277,User_277,28,user277@example.com,Los Angeles
278,User_278,65,user278@example.com,Chicago
279,User_279,32,user279@example.com,Houston
280,User_280,43,user280@example.com,Phoenix
281,User_281,41,user281@example.com,Los Angeles
282,User_282,31,user282@example.com,New York
283,User_283,60,user283@example.com,Phoenix
284,User_284,59,user284@example.com,Phoenix
285,User_285,58,user285@example.com,Phoenix
286,User_286,48,user286@example.com,Phoenix
287,User_287,61,user287@example.com,New York
288,User_288,24,user288@example.com,Chicago
289,User_289,62,user289@example.com,Phoenix
290,User_290,42,user290@example.com,Los Angeles
291,User_291,26,user291@example.com,Houston
292,User_292,34,user292@example.com,Phoenix
293,User_293,25,user293@example.com,New York
294,User_294,28,user294@example.com,Los Angeles
295,User_295,45,user295@example.com,Phoenix
296,User_296,23,user296@example.com,Houston
297,User_297,59,user297@example.com,Phoenix
298,User_298,23,user298@example.com,Houston
299,User_299,36,user299@example.com,New York
300,User_300,31,user300@example.com,Houston
301,User_301,25,user301@example.com,Los Angeles
302,User_302,65,user302@example.com,Houston
303,User_303,54,user303@example.com,Los Angeles
304,User_304,40,user304@example.com,New York
305,User_305,51,user305@example.com,Phoenix
306,User_306,26,user306@example.com,Houston
307,User_307,41,user307@example.com,New York
308,User_308,63,user308@example.com,Phoenix
309,User_309,26,user309@example.com,Los Angeles
310,User_310,36,user310@example.com,New York
311,User_311,63,user311@example.com,New York
312,User_312,63,user312@example.com,Phoenix
313,User_313,52,user313@example.com,Phoenix
314,User_314,28,user314@example.com,Phoenix
315,User_315,24,user315@example.com,Los Angeles
316,User_316,42,user316@example.com,New York
317,User_317,33,user317@example.com,New York
318,User_318,49,user318@example.com,Houston
319,User_319,21,user319@example.com,Los Angeles
320,User_320,20,user320@example.com,Phoenix
321,User_321,58,user321@example.com,Phoenix
322,User_322,45,user322@example.com,Chicago
323,User_323,59,user323@example.com,Phoenix
324,User_324,23,user324@example.com,Phoenix
325,User_325,19,user325@example.com,New York
326,User_326,25,user326@example.com,Phoenix
327,User_327,49,user327@example.com,Phoenix
328,User_328,40,user328@example.com,New York
329,User_329,31,user329@example.com,Phoenix
330,User_330,44,user330@example.com,Chicago
331,User_331,34,user331@example.com,New York
332,User_332,59,user332@example.com,Phoenix
333,User_333,26,user333@example.com,Chicago
334,User_334,33,user334@example.com,Houston
335,User_335,51,user335@example.com,Chicago
336,User_336,39,user336@example.com,Chicago
337,User_337,32,user337@example.com,Chicago
338,User_338,47,user338@example.com,Los Angeles
339,User_339,65,user339@example.com,Houston
340,User_340,33,user340@example.com,Chicago
341,User_341,43,user341@example.com,Chicago
342,User_342,47,user342@example.com,Los Angeles
343,User_343,56,user343@example.com,Los Angeles
344,User_344,49,user344@example.com,Los Angeles
345,User_345,48,user345@example.com,Los Angeles
346,User_346,33,user346@example.com,Los Angeles
347,User_347,46,user347@example.com,Houston
348,User_348,59,user348@example.com,New York
349,User_349,35,user349@example.com,Los Angeles
350,User_350,62,user350@example.com,New York
351,User_351,23,user351@example.com,New York
352,User_352,46,user352@example.com,Houston
353,User_353,19,user353@example.com,Phoenix
354,User_354,22,user354@example.com,Phoenix
355,User_355,48,user355@example.com,Phoenix
356,User_356,37,user356@example.com,New York
357,User_357,60,user357@example.com,Los Angeles
358,User_358,49,user358@example.com,New York
359,User_359,35,user359@example.com,New York
360,User_360,22,user360@example.com,Los Angeles
361,User_361,58,user361@example.com,New York
362,User_362,30,user362@example.com,New York
363,User_363,59,user363@example.com,Los Angeles
364,User_364,42,user364@example.com,Houston
365,User_365,65,user365@example.com,New York
366,User_366,31,user366@example.com,New York
367,User_367,21,user367@example.com,Los Angeles
368,User_368,47,user368@example.com,Los Angeles
369,User_369,56,user369@example.com,New York
370,User_370,55,user370@example.com,Los Angeles
371,User_371,26,user371@example.com,New York
372,User_372,30,user372@example.com,Los Angeles
373,User_373,37,user373@example.com,New York
374,User_374,59,user374@example.com,New York
375,User_375,54,user375@example.com,Houston
376,User_376,44,user376@example.com,Chicago
377,User_377,59,user377@example.com,Los Angeles
378,User_378,56,user378@example.com,Chicago
379,User_379,21,user379@example.com,Phoenix
380,User_380,20,user380@example.com,Chicago
381,User_381,64,user381@example.com,Phoenix
382,User_382,47,user382@example.com,Chicago
383,User_383,32,user383@example.com,Los Angeles
384,User_384,37,user384@example.com,Phoenix
385,User_385,18,user385@example.com,Phoenix
386,User_386,65,user386@example.com,Chicago
387,User_387,24,user387@example.com,Phoenix
388,User_388,48,user388@example.com,Chicago
389,User_389,58,user389@example.com,Phoenix
390,User_390,30,user390@example.com,Houston
391,User_391,53,user391@example.com,Houston
392,User_392,20,user392@example.com,Houston
393,User_393,23,user393@example.com,Los Angeles
394,User_394,62,user394@example.com,Los Angeles
395,User_395,55,user395@example.com,New York
396,User_396,64,user396@example.com,New York
397,User_397,20,user397@example.com,Phoenix
398,User_398,58,user398@example.com,New York
399,User_399,64,user399@example.com,New York
400,User_400,46,user400@example.com,Los Angeles
401,User_401,31,user401@example.com,Chicago
402,User_402,64,user402@example.com,Los Angeles
403,User_403,40,user403@example.com,Phoenix
404,User_404,40,user404@example.com,Chicago
405,User_405,18,user405@example.com,Houston
406,User_406,33,user406@example.com,Phoenix
407,User_407,20,user407@example.com,Chicago
408,User_408,46,user408@example.com,Los Angeles
409,User_409,29,user409@example.com,Houston
410,User_410,47,user410@example.com,Houston
411,User_411,35,user411@example.com,Houston
412,User_412,29,user412@example.com,New York
413,User_413,56,user413@example.com,Los Angeles
414,User_414,50,user414@example.com,New York
415,User_415,33,user415@example.com,New York
416,User_416,24,user416@example.com,Chicago
417,User_417,56,user417@example.com,Phoenix
418,User_418,20,user418@example.com,Houston
419,User_419,20,user419@example.com,Chicago
420,User_420,38,user420@example.com,Houston
421,User_421,65,user421@example.com,Houston
422,User_422,32,user422@example.com,Houston
423,User_423,57,user423@example.com,New York
424,User_424,25,user424@example.com,Phoenix
425,User_425,41,user425@example.com,Phoenix
426,User_426,35,user426@example.com,New York
427,User_427,47,user427@example.com,Houston
428,User_428,49,user428@example.com,Houston
429,User_429,38,user429@example.com,Chicago
430,User_430,40,user430@example.com,Houston
431,User_431,19,user431@example.com,Chicago
432,User_432,62,user432@example.com,Houston
433,User_433,28,user433@example.com,Chicago
434,User_434,33,user434@example.com,Chicago
435,User_435,65,user435@example.com,Phoenix
436,User_436,51,user436@example.com,Houston
437,User_437,23,user437@example.com,New York
438,User_438,56,user438@example.com,Houston
439,User_439,19,user439@example.com,Chicago
440,User_440,44,user440@example.com,Houston
441,User_441,61,user441@example.com,Houston
442,User_442,52,user442@example.com,Chicago
443,User_443,29,user443@example.com,Houston
444,User_444,64,user444@example.com,Houston
445,User_445,24,user445@example.com,New York
446,User_446,58,user446@example.com,Houston
447,User_447,50,user447@example.com,Los Angeles
448,User_448,26,user448@example.com,Los Angeles
449,User_449,32,user449@example.com,Phoenix
450,User_450,27,user450@example.com,Phoenix
451,User_451,34,user451@example.com,New York
452,User_452,57,user452@example.com,Chicago
453,User_453,40,user453@example.com,Chicago
454,User_454,61,user454@example.com,Houston
455,User_455,32,user455@example.com,Houston
456,User_456,35,user456@example.com,New York
457,User_457,51,user457@example.com,Chicago
458,User_458,63,user458@example.com,Phoenix
459,User_459,65,user459@example.com,Los Angeles
460,User_460,38,user460@example.com,Phoenix
461,User_461,31,user461@example.com,New York
462,User_462,48,user462@example.com,Phoenix
463,User_463,26,user463@example.com,Chicago
464,User_464,56,user464@example.com,Chicago
465,User_465,35,user465@example.com,Phoenix
466,User_466,38,user466@example.com,Phoenix
467,User_467,37,user467@example.com,Chicago
468,User_468,62,user468@example.com,Phoenix
469,User_469,60,user469@example.com,Chicago
470,User_470,42,user470@example.com,Houston
471,User_471,64,user471@example.com,Phoenix
472,User_472,21,user472@example.com,New York
473,User_473,60,user473@example.com,New York
474,User_474,33,user474@example.com,Phoenix
475,User_475,59,user475@example.com,Los Angeles
476,User_476,18,user476@example.com,Houston
477,User_477,63,user477@example.com,Los Angeles
478,User_478,43,user478@example.com,Houston
479,User_479,61,user479@example.com,New York
480,User_480,24,user480@example.com,New York
481,User_481,53,user481@example.com,Phoenix
482,User_482,56,user482@example.com,Phoenix
483,User_483,64,user483@example.com,Houston
484,User_484,53,user484@example.com,Phoenix
485,User_485,37,user485@example.com,Houston
486,User_486,36,user486@example.com,Phoenix
487,User_487,30,user487@example.com,Los Angeles
488,User_488,50,user488@example.com,Los Angeles
489,User_489,51,user489@example.com,Los Angeles
490,User_490,62,user490@example.com,Los Angeles
491,User_491,44,user491@example.com,Chicago
492,User_492,63,user492@example.com,Chicago
493,User_493,30,user493@example.com,New York
494,User_494,32,user494@example.com,New York
495,User_495,35,user495@example.com,Houston
496,User_496,34,user496@example.com,Chicago
497,User_497,57,user497@example.com,New York
498,User_498,36,user498@example.com,Houston
499,User_499,31,user499@example.com,Chicago
500,User_500,51,user500@example.com,Chicago
501,User_501,56,user501@example.com,Phoenix
502,User_502,19,user502@example.com,Los Angeles
503,User_503,43,user503@example.com,New York
504,User_504,47,user504@example.com,Chicago
505,User_505,43,user505@example.com,New York
506,User_506,54,user506@example.com,New York
507,User_507,31,user507@example.com,New York
508,User_508,61,user508@example.com,New York
509,User_509,26,user509@example.com,New York
510,User_510,52,user510@example.com,Houston
511,User_511,43,user511@example.com,Phoenix
512,User_512,59,user512@example.com,New York
513,User_513,19,user513@example.com,Chicago
514,User_514,29,user514@example.com,Phoenix
515,User_515,25,user515@example.com,Los Angeles
516,User_516,53,user516@example.com,Los Angeles
517,User_517,29,user517@example.com,New York
518,User_518,19,user518@example.com,Phoenix
519,User_519,64,user519@example.com,New York
520,User_520,28,user520@example.com,Chicago
521,User_521,32,user521@example.com,Chicago
522,User_522,48,user522@example.com,Los Angeles
523,User_523,46,user523@example.com,Los Angeles
524,User_524,39,user524@example.com,Phoenix
525,User_525,40,user525@example.com,Houston
526,User_526,56,user526@example.com,Chicago
527,User_527,51,user527@example.com,Phoenix
528,User_528,37,user528@example.com,Phoenix
529,User_529,46,user529@example.com,New York
530,User_530,50,user530@example.com,Los Angeles
531,User_531,48,user531@example.com,Los Angeles
532,User_532,62,user532@example.com,Phoenix
533,User_533,18,user533@example.com,New York
534,User_534,46,user534@example.com,Los Angeles
535,User_535,36,user535@example.com,Phoenix
536,User_536,39,user536@example.com,Phoenix
537,User_537,18,user537@example.com,Phoenix
538,User_538,63,user538@example.com,Phoenix
539,User_539,27,user539@example.com,Chicago
540,User_540,41,user540@example.com,Los Angeles
541,User_541,46,user541@example.com,Houston
542,User_542,20,user542@example.com,Houston
543,User_543,47,user543@example.com,Los Angeles
544,User_544,48,user544@example.com,New York
545,User_545,38,user545@example.com,Chicago
546,User_546,20,user546@example.com,Houston
547,User_547,48,user547@example.com,Houston
548,User_548,18,user548@example.com,Chicago
549,User_549,49,user549@example.com,Phoenix
550,User_550,51,user550@example.com,New York
551,User_551,46,user551@example.com,Los Angeles
552,User_552,52,user552@example.com,Houston
553,User_553,23,user553@example.com,Houston
554,User_554,18,user554@example.com,Los Angeles
555,User_555,37,user555@example.com,Los Angeles
556,User_556,53,user556@example.com,Phoenix
557,User_557,27,user557@example.com,New York
558,User_558,61,user558@example.com,Phoenix
559,User_559,53,user559@example.com,New York
560,User_560,31,user560@example.com,Phoenix
561,User_561,58,user561@example.com,New York
562,User_562,60,user562@example.com,Los Angeles
563,User_563,45,user563@example.com,Chicago
564,User_564,41,user564@example.com,Phoenix
565,User_565,54,user565@example.com,Los Angeles
566,User_566,60,user566@example.com,Phoenix
567,User_567,36,user567@example.com,Houston
568,User_568,49,user568@example.com,Phoenix
569,User_569,48,user569@example.com,Chicago
570,User_570,51,user570@example.com,New York
571,User_571,39,user571@example.com,New York
572,User_572,57,user572@example.com,Phoenix
573,User_573,54,user573@example.com,Houston
574,User_574,34,user574@example.com,Chicago
575,User_575,21,user575@example.com,New York
576,User_576,46,user576@example.com,Houston
577,User_577,60,user577@example.com,Phoenix
578,User_578,36,user578@example.com,New York
579,User_579,32,user579@example.com,New York
580,User_580,20,user580@example.com,Chicago
581,User_581,48,user581@example.com,Phoenix
582,User_582,51,user582@example.com,Phoenix
583,User_583,51,user583@example.com,Chicago
584,User_584,38,user584@example.com,Houston
585,User_585,50,user585@example.com,New York
586,User_586,48,user586@example.com,Phoenix
587,User_587,32,user587@example.com,New York
588,User_588,30,user588@example.com,New York
589,User_589,55,user589@example.com,Los Angeles
590,User_590,60,user590@example.com,Chicago
591,User_591,38,user591@example.com,Houston
592,User_592,26,user592@example.com,Chicago
593,User_593,25,user593@example.com,Chicago
594,User_594,49,user594@example.com,Houston
595,User_595,51,user595@example.com,Chicago
596,User_596,61,user596@example.com,Houston
597,User_597,38,user597@example.com,Los Angeles
598,User_598,19,user598@example.com,Houston
599,User_599,27,user599@example.com,Los Angeles
600,User_600,18,user600@example.com,Phoenix
601,User_601,50,user601@example.com,New York
602,User_602,57,user602@example.com,Chicago
603,User_603,48,user603@example.com,New York
604,User_604,57,user604@example.com,Phoenix
605,User_605,22,user605@example.com,New York
606,User_606,60,user606@example.com,Phoenix
607,User_607,23,user607@example.com,New York
608,User_608,60,user608@example.com,Chicago
609,User_609,63,user609@example.com,Los Angeles
610,User_610,42,user610@example.com,Phoenix
611,User_611,57,user611@example.com,Phoenix
612,User_612,39,user612@example.com,Chicago
613,User_613,36,user613@example.com,Phoenix
614,User_614,42,user614@example.com,Los Angeles
615,User_615,25,user615@example.com,Phoenix
616,User_616,46,user616@example.com,Chicago
617,User_617,41,user617@example.com,Los Angeles
618,User_618,28,user618@example.com,Chicago
619,User_619,60,user619@example.com,New York
620,User_620,30,user620@example.com,Houston
621,User_621,57,user621@example.com,Chicago
622,User_622,58,user622@example.com,Los Angeles
623,User_623,31,user623@example.com,New York
624,User_624,31,user624@example.com,Phoenix
625,User_625,32,user625@example.com,New York
626,User_626,48,user626@example.com,Houston
627,User_627,50,user627@example.com,Chicago
628,User_628,45,user628@example.com,Houston
629,User_629,34,user629@example.com,Phoenix
630,User_630,64,user630@example.com,New York
631,User_631,49,user631@example.com,Houston
632,User_632,39,user632@example.com,Phoenix
633,User_633,27,user633@example.com,Chicago
634,User_634,23,user634@example.com,Houston
635,User_635,62,user635@example.com,Los Angeles
636,User_636,27,user636@example.com,Houston
637,User_637,41,user637@example.com,Phoenix
638,User_638,58,user638@example.com,Chicago
639,User_639,41,user639@example.com,Phoenix
640,User_640,36,user640@example.com,Phoenix
641,User_641,45,user641@example.com,Houston
642,User_642,50,user642@example.com,Houston
643,User_643,41,user643@example.com,Phoenix
644,User_644,22,user644@example.com,Phoenix
645,User_645,33,user645@example.com,Chicago
646,User_646,22,user646@example.com,New York
647,User_647,19,user647@example.com,Los Angeles
648,User_648,20,user648@example.com,Los Angeles
649,User_649,30,user649@example.com,Houston
650,User_650,36,user650@example.com,Chicago
651,User_651,50,user651@example.com,Los Angeles
652,User_652,18,user652@example.com,Houston
653,User_653,25,user653@example.com,Chicago
654,User_654,46,user654@example.com,Houston
655,User_655,56,user655@example.com,Chicago
656,User_656,34,user656@example.com,Houston
657,User_657,32,user657@example.com,Chicago
658,User_658,25,user658@example.com,Chicago
659,User_659,23,user659@example.com,New York
660,User_660,42,user660@example.com,Phoenix
661,User_661,44,user661@example.com,Chicago
662,User_662,33,user662@example.com,Los Angeles
663,User_663,39,user663@example.com,Phoenix
664,User_664,34,user664@example.com,Chicago
665,User_665,34,user665@example.com,New York
666,User_666,25,user666@example.com,Houston
667,User_667,64,user667@example.com,Los Angeles
668,User_668,31,user668@example.com,New York
669,User_669,18,user669@example.com,New York
670,User_670,34,user670@example.com,Los Angeles
671,User_671,50,user671@example.com,Chicago
672,User_672,50,user672@example.com,Houston
673,User_673,56,user673@example.com,Los Angeles
674,User_674,38,user674@example.com,New York
675,User_675,45,user675@example.com,New York
676,User_676,41,user676@example.com,Chicago
677,User_677,25,user677@example.com,Houston
678,User_678,29,user678@example.com,Los Angeles
679,User_679,44,user679@example.com,Chicago
680,User_680,24,user680@example.com,Chicago
681,User_681,62,user681@example.com,New York
682,User_682,46,user682@example.com,New York
683,User_683,52,user683@example.com,Houston
684,User_684,50,user684@example.com,New York
685,User_685,55,user685@example.com,New York
686,User_686,52,user686@example.com,Houston
687,User_687,44,user687@example.com,Chicago
688,User_688,19,user688@example.com,Houston
689,User_689,53,user689@example.com,Phoenix
690,User_690,47,user690@example.com,Chicago
691,User_691,57,user691@example.com,Houston
692,User_692,26,user692@example.com,Houston
693,User_693,42,user693@example.com,Chicago
694,User_694,34,user694@example.com,Chicago
695,User_695,27,user695@example.com,Houston
696,User_696,55,user696@example.com,Chicago
697,User_697,30,user697@example.com,New York
698,User_698,23,user698@example.com,New York
699,User_699,50,user699@example.com,Chicago
700,User_700,47,user700@example.com,Chicago
701,User_701,40,user701@example.com,Los Angeles
702,User_702,23,user702@example.com,Chicago
703,User_703,26,user703@example.com,Houston
704,User_704,27,user704@example.com,Los Angeles
705,User_705,51,user705@example.com,Chicago
706,User_706,20,user706@example.com,Chicago
707,User_707,59,user707@example.com,Phoenix
708,User_708,40,user708@example.com,Los Angeles
709,User_709,41,user709@example.com,Los Angeles
710,User_710,27,user710@example.com,Los Angeles
711,User_711,21,user711@example.com,Houston
712,User_712,22,user712@example.com,Houston
713,User_713,64,user713@example.com,Phoenix
714,User_714,41,user714@example.com,Chicago
715,User_715,59,user715@example.com,New York
716,User_716,45,user716@example.com,Houston
717,User_717,56,user717@example.com,Houston
718,User_718,62,user718@example.com,Houston
719,User_719,40,user719@example.com,Phoenix
720,User_720,51,user720@example.com,Los Angeles
721,User_721,59,user721@example.com,Los Angeles
722,User_722,40,user722@example.com,Houston
723,User_723,28,user723@example.com,Los Angeles
724,User_724,27,user724@example.com,Los Angeles
725,User_725,48,user725@example.com,Chicago
726,User_726,30,user726@example.com,Houston
727,User_727,23,user727@example.com,Los Angeles
728,User_728,39,user728@example.com,Los Angeles
729,User_729,32,user729@example.com,Los Angeles
730,User_730,58,user730@example.com,New York
731,User_731,52,user731@example.com,Phoenix
732,User_732,27,user732@example.com,Phoenix
733,User_733,43,user733@example.com,Chicago
734,User_734,20,user734@example.com,Houston
735,User_735,38,user735@example.com,Houston
736,User_736,18,user736@example.com,Phoenix
737,User_737,41,user737@example.com,Los Angeles
738,User_738,34,user738@example.com,Chicago
739,User_739,61,user739@example.com,New York
740,User_740,53,user740@example.com,Phoenix
741,User_741,24,user741@example.com,New York
742,User_742,51,user742@example.com,Los Angeles
743,User_743,56,user743@example.com,Los Angeles
744,User_744,52,user744@example.com,Los Angeles
745,User_745,62,user745@example.com,New York
746,User_746,56,user746@example.com,New York
747,User_747,55,user747@example.com,Los Angeles
748,User_748,35,user748@example.com,Houston
749,User_749,28,user749@example.com,New York
750,User_750,47,user750@example.com,Los Angeles
751,User_751,43,user751@example.com,Houston
752,User_752,25,user752@example.com,Los Angeles
753,User_753,23,user753@example.com,Houston
754,User_754,23,user754@example.com,New York
755,User_755,25,user755@example.com,Chicago
756,User_756,63,user756@example.com,Houston
757,User_757,46,user757@example.com,Chicago
758,User_758,24,user758@example.com,Los Angeles
759,User_759,55,user759@example.com,Los Angeles
760,User_760,24,user760@example.com,Chicago
761,User_761,50,user761@example.com,Chicago
762,User_762,57,user762@example.com,Phoenix
763,User_763,40,user763@example.com,Los Angeles
764,User_764,23,user764@example.com,Chicago
765,User_765,61,user765@example.com,Houston
766,User_766,42,user766@example.com,New York
767,User_767,29,user767@example.com,Los Angeles
768,User_768,22,user768@example.com,Phoenix
769,User_769,56,user769@example.com,Chicago
770,User_770,56,user770@example.com,Phoenix
771,User_771,58,user771@example.com,Chicago
772,User_772,20,user772@example.com,Phoenix
773,User_773,52,user773@example.com,Los Angeles
774,User_774,40,user774@example.com,Houston
775,User_775,48,user775@example.com,Los Angeles
776,User_776,24,user776@example.com,Phoenix
777,User_777,38,user777@example.com,Los Angeles
778,User_778,32,user778@example.com,Houston
779,User_779,32,user779@example.com,New York
780,User_780,44,user780@example.com,Chicago
781,User_781,53,user781@example.com,Phoenix
782,User_782,22,user782@example.com,Phoenix
783,User_783,61,user783@example.com,Phoenix
784,User_784,59,user784@example.com,Los Angeles
785,User_785,57,user785@example.com,Chicago
786,User_786,33,user786@example.com,New York
787,User_787,27,user787@example.com,Phoenix
788,User_788,55,user788@example.com,New York
789,User_789,55,user789@example.com,Chicago
790,User_790,48,user790@example.com,Phoenix
791,User_791,65,user791@example.com,Houston
792,User_792,40,user792@example.com,Phoenix
793,User_793,36,user793@example.com,Chicago
794,User_794,63,user794@example.com,Chicago
795,User_795,47,user795@example.com,Los Angeles
796,User_796,31,user796@example.com,Phoenix
797,User_797,47,user797@example.com,Phoenix
798,User_798,42,user798@example.com,Houston
799,User_799,49,user799@example.com,Los Angeles
800,User_800,42,user800@example.com,Houston
801,User_801,64,user801@example.com,Phoenix
802,User_802,48,user802@example.com,New York
803,User_803,63,user803@example.com,Los Angeles
804,User_804,65,user804@example.com,New York
805,User_805,26,user805@example.com,Los Angeles
806,User_806,63,user806@example.com,Chicago
807,User_807,46,user807@example.com,Los Angeles
808,User_808,63,user808@example.com,Houston
809,User_809,19,user809@example.com,Los Angeles
810,User_810,41,user810@example.com,New York
811,User_811,22,user811@example.com,Phoenix
812,User_812,53,user812@example.com,Houston
813,User_813,33,user813@example.com,Houston
814,User_814,32,user814@example.com,Houston
815,User_815,27,user815@example.com,Houston
816,User_816,25,user816@example.com,New York
817,User_817,49,user817@example.com,Chicago
818,User_818,30,user818@example.com,New York
819,User_819,22,user819@example.com,New York
820,User_820,26,user820@example.com,Chicago
821,User_821,18,user821@example.com,Chicago
822,User_822,31,user822@example.com,Houston
823,User_823,43,user823@example.com,New York
824,User_824,55,user824@example.com,Chicago
825,User_825,61,user825@example.com,New York
826,User_826,41,user826@example.com,Los Angeles
827,User_827,22,user827@example.com,New York
828,User_828,26,user828@example.com,New York
829,User_829,43,user829@example.com,Phoenix
830,User_830,63,user830@example.com,Los Angeles
831,User_831,30,user831@example.com,Houston
832,User_832,44,user832@example.com,Chicago
833,User_833,45,user833@example.com,Houston
834,User_834,35,user834@example.com,Houston
835,User_835,65,user835@example.com,Los Angeles
836,User_836,61,user836@example.com,Phoenix
837,User_837,31,user837@example.com,Chicago
838,User_838,22,user838@example.com,Phoenix
839,User_839,52,user839@example.com,Los Angeles
840,User_840,34,user840@example.com,Houston
841,User_841,56,user841@example.com,New York
842,User_842,21,user842@example.com,Phoenix
843,User_843,18,user843@example.com,Chicago
844,User_844,64,user844@example.com,Phoenix
845,User_845,64,user845@example.com,Houston
846,User_846,44,user846@example.com,Chicago
847,User_847,51,user847@example.com,Los Angeles
848,User_848,29,user848@example.com,Houston
849,User_849,27,user849@example.com,Phoenix
850,User_850,60,user850@example.com,New York
851,User_851,43,user851@example.com,Houston
852,User_852,47,user852@example.com,Los Angeles
853,User_853,20,user853@example.com,Los Angeles
854,User_854,29,user854@example.com,New York
855,User_855,40,user855@example.com,Chicago
856,User_856,56,user856@example.com,Phoenix
857,User_857,44,user857@example.com,Los Angeles
858,User_858,62,user858@example.com,Phoenix
859,User_859,38,user859@example.com,Houston
860,User_860,20,user860@example.com,Houston
861,User_861,59,user861@example.com,Phoenix
862,User_862,43,user862@example.com,New York
863,User_863,55,user863@example.com,Los Angeles
864,User_864,44,user864@example.com,New York
865,User_865,37,user865@example.com,Chicago
866,User_866,18,user866@example.com,Chicago
867,User_867,18,user867@example.com,Los Angeles
868,User_868,43,user868@example.com,Houston
869,User_869,18,user869@example.com,Houston
870,User_870,28,user870@example.com,Houston
871,User_871,22,user871@example.com,Phoenix
872,User_872,52,user872@example.com,Chicago
873,User_873,24,user873@example.com,Los Angeles
874,User_874,28,user874@example.com,New York
875,User_875,59,user875@example.com,Chicago
876,User_876,49,user876@example.com,Chicago
877,User_877,54,user877@example.com,Phoenix
878,User_878,44,user878@example.com,Phoenix
879,User_879,38,user879@example.com,New York
880,User_880,61,user880@example.com,Phoenix
881,User_881,56,user881@example.com,Los Angeles
882,User_882,45,user882@example.com,Phoenix
883,User_883,31,user883@example.com,Phoenix
884,User_884,49,user884@example.com,Los Angeles
885,User_885,18,user885@example.com,Los Angeles
886,User_886,37,user886@example.com,Houston
887,User_887,33,user887@example.com,Chicago
888,User_888,20,user888@example.com,Chicago
889,User_889,64,user889@example.com,Chicago
890,User_890,53,user890@example.com,Los Angeles
891,User_891,37,user891@example.com,New York
892,User_892,57,user892@example.com,New York
893,User_893,63,user893@example.com,Los Angeles
894,User_894,56,user894@example.com,Chicago
895,User_895,43,user895@example.com,Phoenix
896,User_896,19,user896@example.com,Chicago
897,User_897,41,user897@example.com,Chicago
898,User_898,26,user898@example.com,New York
899,User_899,53,user899@example.com,Los Angeles
900,User_900,29,user900@example.com,Los Angeles
901,User_901,41,user901@example.com,Houston
902,User_902,29,user902@example.com,Houston
903,User_903,56,user903@example.com,Chicago
904,User_904,22,user904@example.com,Los Angeles
905,User_905,36,user905@example.com,Phoenix
906,User_906,63,user906@example.com,Chicago
907,User_907,45,user907@example.com,Phoenix
908,User_908,48,user908@example.com,Chicago
909,User_909,30,user909@example.com,Houston
910,User_910,51,user910@example.com,Los Angeles
911,User_911,28,user911@example.com,Houston
912,User_912,52,user912@example.com,Los Angeles
913,User_913,62,user913@example.com,Houston
914,User_914,19,user914@example.com,Los Angeles
915,User_915,19,user915@example.com,Houston
916,User_916,56,user916@example.com,Phoenix
917,User_917,47,user917@example.com,Chicago
918,User_918,61,user918@example.com,Houston
919,User_919,64,user919@example.com,Los Angeles
920,User_920,62,user920@example.com,New York
921,User_921,40,user921@example.com,Houston
922,User_922,25,user922@example.com,Phoenix
923,User_923,48,user923@example.com,Chicago
924,User_924,47,user924@example.com,New York
925,User_925,40,user925@example.com,Chicago
926,User_926,19,user926@example.com,Phoenix
927,User_927,27,user927@example.com,Chicago
928,User_928,54,user928@example.com,Houston
929,User_929,22,user929@example.com,Phoenix
930,User_930,40,user930@example.com,Los Angeles
931,User_931,25,user931@example.com,Chicago
932,User_932,34,user932@example.com,Phoenix
933,User_933,23,user933@example.com,Phoenix
934,User_934,46,user934@example.com,Los Angeles
935,User_935,32,user935@example.com,Houston
936,User_936,52,user936@example.com,Chicago
937,User_937,60,user937@example.com,Los Angeles
938,User_938,23,user938@example.com,New York
939,User_939,51,user939@example.com,Los Angeles
940,User_940,46,user940@example.com,Houston
941,User_941,62,user941@example.com,New York
942,User_942,54,user942@example.com,New York
943,User_943,29,user943@example.com,Chicago
944,User_944,57,user944@example.com,Phoenix
945,User_945,50,user945@example.com,New York
946,User_946,55,user946@example.com,Los Angeles
947,User_947,46,user947@example.com,New York
948,User_948,45,user948@example.com,Chicago
949,User_949,42,user949@example.com,Phoenix
950,User_950,65,user950@example.com,New York
951,User_951,51,user951@example.com,New York
952,User_952,22,user952@example.com,Chicago
953,User_953,63,user953@example.com,New York
954,User_954,27,user954@example.com,New York
955,User_955,20,user955@example.com,Los Angeles
956,User_956,53,user956@example.com,Phoenix
957,User_957,39,user957@example.com,New York
958,User_958,46,user958@example.com,New York
959,User_959,48,user959@example.com,Los Angeles
960,User_960,37,user960@example.com,Los Angeles
961,User_961,25,user961@example.com,Houston
962,User_962,47,user962@example.com,Houston
963,User_963,63,user963@example.com,Houston
964,User_964,35,user964@example.com,New York
965,User_965,50,user965@example.com,Houston
966,User_966,35,user966@example.com,Los Angeles
967,User_967,65,user967@example.com,Los Angeles
968,User_968,57,user968@example.com,Houston
969,User_969,28,user969@example.com,Phoenix
970,User_970,64,user970@example.com,Los Angeles
971,User_971,32,user971@example.com,Houston
972,User_972,26,user972@example.com,Phoenix
973,User_973,40,user973@example.com,Chicago
974,User_974,61,user974@example.com,New York
975,User_975,42,user975@example.com,New York
976,User_976,41,user976@example.com,New York
977,User_977,27,user977@example.com,Houston
978,User_978,28,user978@example.com,Phoenix
979,User_979,38,user979@example.com,Phoenix
980,User_980,41,user980@example.com,Chicago
981,User_981,61,user981@example.com,Phoenix
982,User_982,21,user982@example.com,New York
983,User_983,55,user983@example.com,Chicago
984,User_984,31,user984@example.com,Chicago
985,User_985,61,user985@example.com,Chicago
986,User_986,63,user986@example.com,Los Angeles
987,User_987,48,user987@example.com,Chicago
988,User_988,30,user988@example.com,Phoenix
989,User_989,37,user989@example.com,Houston
990,User_990,62,user990@example.com,Houston
991,User_991,24,user991@example.com,New York
992,User_992,62,user992@example.com,Los Angeles
993,User_993,39,user993@example.com,Houston
994,User_994,63,user994@example.com,New York
995,User_995,54,user995@example.com,New York
996,User_996,46,user996@example.com,Los Angeles
997,User_997,56,user997@example.com,Houston
998,User_998,42,user998@example.com,Phoenix
999,User_999,65,user999@example.com,Houston
1000,User_1000,33,user1000@example.com,New York
1001,User_1001,18,user1001@example.com,New York
1002,User_1002,28,user1002@example.com,Los Angeles
1003,User_1003,27,user1003@example.com,New York
1004,User_1004,38,user1004@example.com,Phoenix
1005,User_1005,60,user1005@example.com,Houston
1006,User_1006,18,user1006@example.com,Houston
1007,User_1007,40,user1007@example.com,Houston
1008,User_1008,45,user1008@example.com,Los Angeles
1009,User_1009,29,user1009@example.com,Los Angeles
1010,User_1010,34,user1010@example.com,Houston
1011,User_1011,65,user1011@example.com,Phoenix
1012,User_1012,21,user1012@example.com,Chicago
1013,User_1013,44,user1013@example.com,Chicago
1014,User_1014,30,user1014@example.com,Chicago
1015,User_1015,18,user1015@example.com,Chicago
1016,User_1016,23,user1016@example.com,New York
1017,User_1017,25,user1017@example.com,Los Angeles
1018,User_1018,44,user1018@example.com,Houston
1019,User_1019,25,user1019@example.com,Chicago
1020,User_1020,64,user1020@example.com,Houston
1021,User_1021,58,user1021@example.com,Chicago
1022,User_1022,58,user1022@example.com,Los Angeles
1023,User_1023,30,user1023@example.com,Phoenix
1024,User_1024,31,user1024@example.com,Los Angeles
1025,User_1025,26,user1025@example.com,Houston
1026,User_1026,30,user1026@example.com,Chicago
1027,User_1027,65,user1027@example.com,Los Angeles
1028,User_1028,59,user1028@example.com,Phoenix
1029,User_1029,51,user1029@example.com,Phoenix
1030,User_1030,33,user1030@example.com,Houston
1031,User_1031,39,user1031@example.com,Los Angeles
1032,User_1032,58,user1032@example.com,Los Angeles
1033,User_1033,31,user1033@example.com,Chicago
1034,User_1034,51,user1034@example.com,Los Angeles
1035,User_1035,50,user1035@example.com,Chicago
1036,User_1036,59,user1036@example.com,Los Angeles
1037,User_1037,63,user1037@example.com,Los Angeles
1038,User_1038,42,user1038@example.com,Houston
1039,User_1039,20,user1039@example.com,Chicago
1040,User_1040,32,user1040@example.com,Los Angeles
1041,User_1041,44,user1041@example.com,New York
1042,User_1042,51,user1042@example.com,Chicago
1043,User_1043,27,user1043@example.com,Houston
1044,User_1044,45,user1044@example.com,New York
1045,User_1045,30,user1045@example.com,Phoenix
1046,User_1046,41,user1046@example.com,New York
1047,User_1047,47,user1047@example.com,Los Angeles
1048,User_1048,35,user1048@example.com,Chicago
1049,User_1049,59,user1049@example.com,New York
1050,User_1050,43,user1050@example.com,Houston
1051,User_1051,47,user1051@example.com,New York
1052,User_1052,24,user1052@example.com,New York
1053,User_1053,31,user1053@example.com,Houston
1054,User_1054,25,user1054@example.com,Chicago
1055,User_1055,52,user1055@example.com,Phoenix
1056,User_1056,63,user1056@example.com,Chicago
1057,User_1057,39,user1057@example.com,Chicago
1058,User_1058,38,user1058@example.com,New York
1059,User_1059,56,user1059@example.com,New York
1060,User_1060,27,user1060@example.com,Houston
1061,User_1061,24,user1061@example.com,Houston
1062,User_1062,53,user1062@example.com,Los Angeles
1063,User_1063,42,user1063@example.com,New York
1064,User_1064,41,user1064@example.com,Houston
1065,User_1065,40,user1065@example.com,New York
1066,User_1066,34,user1066@example.com,Chicago
1067,User_1067,36,user1067@example.com,Chicago
1068,User_1068,18,user1068@example.com,Phoenix
1069,User_1069,62,user1069@example.com,Houston
1070,User_1070,23,user1070@example.com,Houston
1071,User_1071,30,user1071@example.com,Houston
1072,User_1072,52,user1072@example.com,New York
1073,User_1073,65,user1073@example.com,Chicago
1074,User_1074,52,user1074@example.com,Los Angeles
1075,User_1075,40,user1075@example.com,Phoenix
1076,User_1076,23,user1076@example.com,Phoenix
1077,User_1077,48,user1077@example.com,Phoenix
1078,User_1078,27,user1078@example.com,Chicago
1079,User_1079,48,user1079@example.com,Los Angeles
1080,User_1080,47,user1080@example.com,Phoenix
1081,User_1081,50,user1081@example.com,Phoenix
1082,User_1082,20,user1082@example.com,Phoenix
1083,User_1083,38,user1083@example.com,Phoenix
1084,User_1084,45,user1084@example.com,Phoenix
1085,User_1085,22,user1085@example.com,Chicago
1086,User_1086,26,user1086@example.com,Phoenix
1087,User_1087,44,user1087@example.com,Chicago
1088,User_1088,33,user1088@example.com,Houston
1089,User_1089,29,user1089@example.com,Chicago
1090,User_1090,51,user1090@example.com,New York
1091,User_1091,46,user1091@example.com,Houston
1092,User_1092,28,user1092@example.com,New York
1093,User_1093,42,user1093@example.com,Houston
1094,User_1094,39,user1094@example.com,New York
1095,User_1095,46,user1095@example.com,Houston
1096,User_1096,45,user1096@example.com,New York
1097,User_1097,35,user1097@example.com,Los Angeles
1098,User_1098,42,user1098@example.com,Phoenix
1099,User_1099,31,user1099@example.com,New York
1100,User_1100,22,user1100@example.com,Houston
1101,User_1101,57,user1101@example.com,Phoenix
1102,User_1102,52,user1102@example.com,Los Angeles
1103,User_1103,33,user1103@example.com,Houston
1104,User_1104,63,user1104@example.com,New York
1105,User_1105,59,user1105@example.com,Chicago
1106,User_1106,62,user1106@example.com,New York
1107,User_1107,58,user1107@example.com,Houston
1108,User_1108,34,user1108@example.com,New York
1109,User_1109,28,user1109@example.com,Los Angeles
1110,User_1110,64,user1110@example.com,Houston
1111,User_1111,41,user1111@example.com,New York
1112,User_1112,29,user1112@example.com,New York
1113,User_1113,26,user1113@example.com,Chicago
1114,User_1114,65,user1114@example.com,Houston
1115,User_1115,57,user1115@example.com,Chicago
1116,User_1116,57,user1116@example.com,Houston
1117,User_1117,53,user1117@example.com,Chicago
1118,User_1118,34,user1118@example.com,Houston
1119,User_1119,22,user1119@example.com,Los Angeles
1120,User_1120,27,user1120@example.com,Houston
1121,User_1121,65,user1121@example.com,Los Angeles
1122,User_1122,64,user1122@example.com,Los Angeles
1123,User_1123,34,user1123@example.com,Chicago
1124,User_1124,55,user1124@example.com,New York
1125,User_1125,59,user1125@example.com,Los Angeles
1126,User_1126,51,user1126@example.com,Phoenix
1127,User_1127,52,user1127@example.com,Phoenix
1128,User_1128,37,user1128@example.com,Phoenix
1129,User_1129,39,user1129@example.com,Phoenix
1130,User_1130,39,user1130@example.com,Houston
1131,User_1131,52,user1131@example.com,Houston
1132,User_1132,36,user1132@example.com,Chicago
1133,User_1133,56,user1133@example.com,New York
1134,User_1134,42,user1134@example.com,Phoenix
1135,User_1135,26,user1135@example.com,Chicago
1136,User_1136,29,user1136@example.com,Phoenix
1137,User_1137,37,user1137@example.com,Phoenix
1138,User_1138,53,user1138@example.com,Houston
1139,User_1139,63,user1139@example.com,Houston
1140,User_1140,54,user1140@example.com,Los Angeles
1141,User_1141,33,user1141@example.com,New York
1142,User_1142,43,user1142@example.com,Chicago
1143,User_1143,21,user1143@example.com,Houston
1144,User_1144,45,user1144@example.com,New York
1145,User_1145,43,user1145@example.com,Chicago
1146,User_1146,48,user1146@example.com,Los Angeles
1147,User_1147,57,user1147@example.com,Houston
1148,User_1148,23,user1148@example.com,Phoenix
1149,User_1149,38,user1149@example.com,Houston
1150,User_1150,60,user1150@example.com,Chicago
1151,User_1151,41,user1151@example.com,New York
1152,User_1152,29,user1152@example.com,Los Angeles
1153,User_1153,63,user1153@example.com,Houston
1154,User_1154,47,user1154@example.com,Los Angeles
1155,User_1155,42,user1155@example.com,Chicago
1156,User_1156,24,user1156@example.com,Houston
1157,User_1157,19,user1157@example.com,Phoenix
1158,User_1158,62,user1158@example.com,Phoenix
1159,User_1159,52,user1159@example.com,Chicago
1160,User_1160,37,user1160@example.com,Los Angeles
1161,User_1161,21,user1161@example.com,Phoenix
1162,User_1162,33,user1162@example.com,Chicago
1163,User_1163,33,user1163@example.com,Chicago
1164,User_1164,29,user1164@example.com,Phoenix
1165,User_1165,25,user1165@example.com,Los Angeles
1166,User_1166,54,user1166@example.com,Los Angeles
1167,User_1167,30,user1167@example.com,Houston
1168,User_1168,27,user1168@example.com,New York
1169,User_1169,28,user1169@example.com,Phoenix
1170,User_1170,47,user1170@example.com,Phoenix
1171,User_1171,55,user1171@example.com,Phoenix
1172,User_1172,49,user1172@example.com,Chicago
1173,User_1173,59,user1173@example.com,Phoenix
1174,User_1174,22,user1174@example.com,New York
1175,User_1175,38,user1175@example.com,Houston
1176,User_1176,62,user1176@example.com,Phoenix
1177,User_1177,35,user1177@example.com,New York
1178,User_1178,34,user1178@example.com,Chicago
1179,User_1179,44,user1179@example.com,New York
1180,User_1180,48,user1180@example.com,New York
1181,User_1181,23,user1181@example.com,Chicago
1182,User_1182,31,user1182@example.com,New York
1183,User_1183,44,user1183@example.com,Los Angeles
1184,User_1184,30,user1184@example.com,Los Angeles
1185,User_1185,26,user1185@example.com,New York
1186,User_1186,61,user1186@example.com,Phoenix
1187,User_1187,42,user1187@example.com,Chicago
1188,User_1188,60,user1188@example.com,New York
1189,User_1189,54,user1189@example.com,Los Angeles
1190,User_1190,46,user1190@example.com,Phoenix
1191,User_1191,35,user1191@example.com,Chicago
1192,User_1192,58,user1192@example.com,Chicago
1193,User_1193,18,user1193@example.com,Houston
1194,User_1194,42,user1194@example.com,New York
1195,User_1195,35,user1195@example.com,Los Angeles
1196,User_1196,61,user1196@example.com,Houston
1197,User_1197,48,user1197@example.com,Phoenix
1198,User_1198,26,user1198@example.com,Chicago
1199,User_1199,32,user1199@example.com,Chicago
1200,User_1200,25,user1200@example.com,New York
1201,User_1201,37,user1201@example.com,Chicago
1202,User_1202,28,user1202@example.com,Los Angeles
1203,User_1203,27,user1203@example.com,Phoenix
1204,User_1204,61,user1204@example.com,New York
1205,User_1205,58,user1205@example.com,Houston
1206,User_1206,60,user1206@example.com,New York
1207,User_1207,62,user1207@example.com,Chicago
1208,User_1208,18,user1208@example.com,Phoenix
1209,User_1209,30,user1209@example.com,Chicago
1210,User_1210,21,user1210@example.com,Chicago
1211,User_1211,43,user1211@example.com,Houston
1212,User_1212,58,user1212@example.com,Phoenix
1213,User_1213,55,user1213@example.com,Houston
1214,User_1214,32,user1214@example.com,Phoenix
1215,User_1215,38,user1215@example.com,New York
1216,User_1216,22,user1216@example.com,Los Angeles
1217,User_1217,26,user1217@example.com,Phoenix
1218,User_1218,18,user1218@example.com,Phoenix
1219,User_1219,22,user1219@example.com,Houston
1220,User_1220,64,user1220@example.com,Phoenix
1221,User_1221,57,user1221@example.com,Houston
1222,User_1222,52,user1222@example.com,Chicago
1223,User_1223,58,user1223@example.com,Los Angeles
1224,User_1224,33,user1224@example.com,Chicago
1225,User_1225,53,user1225@example.com,New York
1226,User_1226,62,user1226@example.com,Phoenix
1227,User_1227,46,user1227@example.com,Houston
1228,User_1228,29,user1228@example.com,New York
1229,User_1229,46,user1229@example.com,Chicago
1230,User_1230,31,user1230@example.com,Los Angeles
1231,User_1231,41,user1231@example.com,Houston
1232,User_1232,65,user1232@example.com,Chicago
1233,User_1233,62,user1233@example.com,Phoenix
1234,User_1234,59,user1234@example.com,Houston
1235,User_1235,55,user1235@example.com,New York
1236,User_1236,61,user1236@example.com,Chicago
1237,User_1237,29,user1237@example.com,Houston
1238,User_1238,35,user1238@example.com,Los Angeles
1239,User_1239,41,user1239@example.com,Chicago
1240,User_1240,26,user1240@example.com,Chicago
1241,User_1241,50,user1241@example.com,Los Angeles
1242,User_1242,58,user1242@example.com,Phoenix
1243,User_1243,49,user1243@example.com,Houston
1244,User_1244,35,user1244@example.com,Los Angeles
1245,User_1245,46,user1245@example.com,Phoenix
1246,User_1246,57,user1246@example.com,Phoenix
1247,User_1247,62,user1247@example.com,Houston
1248,User_1248,19,user1248@example.com,Houston
1249,User_1249,45,user1249@example.com,Chicago
1250,User_1250,35,user1250@example.com,Houston
1251,User_1251,37,user1251@example.com,Houston
1252,User_1252,28,user1252@example.com,Los Angeles
1253,User_1253,45,user1253@example.com,Chicago
1254,User_1254,27,user1254@example.com,Los Angeles
1255,User_1255,39,user1255@example.com,Houston
1256,User_1256,63,user1256@example.com,Los Angeles
1257,User_1257,46,user1257@example.com,Los Angeles
1258,User_1258,64,user1258@example.com,Houston
1259,User_1259,19,user1259@example.com,Houston
1260,User_1260,22,user1260@example.com,New York
1261,User_1261,21,user1261@example.com,Phoenix
1262,User_1262,65,user1262@example.com,Phoenix
1263,User_1263,21,user1263@example.com,New York
1264,User_1264,21,user1264@example.com,Phoenix
1265,User_1265,53,user1265@example.com,Houston
1266,User_1266,27,user1266@example.com,Los Angeles
1267,User_1267,25,user1267@example.com,Houston
1268,User_1268,36,user1268@example.com,Chicago
1269,User_1269,26,user1269@example.com,Chicago
1270,User_1270,60,user1270@example.com,Houston
1271,User_1271,52,user1271@example.com,Phoenix
1272,User_1272,30,user1272@example.com,Chicago
1273,User_1273,43,user1273@example.com,Chicago
1274,User_1274,47,user1274@example.com,Houston
1275,User_1275,25,user1275@example.com,Houston
1276,User_1276,36,user1276@example.com,Houston
1277,User_1277,30,user1277@example.com,New York
1278,User_1278,36,user1278@example.com,Chicago
1279,User_1279,41,user1279@example.com,Phoenix
1280,User_1280,64,user1280@example.com,Phoenix
1281,User_1281,61,user1281@example.com,Chicago
1282,User_1282,33,user1282@example.com,Houston
1283,User_1283,46,user1283@example.com,Phoenix
1284,User_1284,41,user1284@example.com,Phoenix
1285,User_1285,62,user1285@example.com,Chicago
1286,User_1286,60,user1286@example.com,Los Angeles
1287,User_1287,42,user1287@example.com,Houston
1288,User_1288,20,user1288@example.com,New York
1289,User_1289,19,user1289@example.com,Chicago
1290,User_1290,34,user1290@example.com,Phoenix
1291,User_1291,54,user1291@example.com,New York
1292,User_1292,53,user1292@example.com,Houston
1293,User_1293,26,user1293@example.com,Chicago
1294,User_1294,26,user1294@example.com,Houston
1295,User_1295,58,user1295@example.com,Houston
1296,User_1296,64,user1296@example.com,Chicago
1297,User_1297,65,user1297@example.com,Phoenix
1298,User_1298,60,user1298@example.com,Chicago
1299,User_1299,59,user1299@example.com,Phoenix
1300,User_1300,52,user1300@example.com,Los Angeles
1301,User_1301,51,user1301@example.com,Chicago
1302,User_1302,42,user1302@example.com,Los Angeles
1303,User_1303,64,user1303@example.com,Phoenix
1304,User_1304,60,user1304@example.com,Houston
1305,User_1305,42,user1305@example.com,Phoenix
1306,User_1306,50,user1306@example.com,Houston
1307,User_1307,59,user1307@example.com,Phoenix
1308,User_1308,64,user1308@example.com,Houston
1309,User_1309,47,user1309@example.com,Los Angeles
1310,User_1310,61,user1310@example.com,Phoenix
1311,User_1311,47,user1311@example.com,Los Angeles
1312,User_1312,31,user1312@example.com,Phoenix
1313,User_1313,49,user1313@example.com,Phoenix
1314,User_1314,41,user1314@example.com,Houston
1315,User_1315,42,user1315@example.com,Los Angeles
1316,User_1316,24,user1316@example.com,Chicago
1317,User_1317,32,user1317@example.com,Chicago
1318,User_1318,62,user1318@example.com,New York
1319,User_1319,52,user1319@example.com,Phoenix
1320,User_1320,65,user1320@example.com,Phoenix
1321,User_1321,64,user1321@example.com,Chicago
1322,User_1322,28,user1322@example.com,Chicago
1323,User_1323,41,user1323@example.com,Chicago
1324,User_1324,48,user1324@example.com,Houston
1325,User_1325,51,user1325@example.com,Chicago
1326,User_1326,62,user1326@example.com,Houston
1327,User_1327,43,user1327@example.com,Houston
1328,User_1328,22,user1328@example.com,Chicago
1329,User_1329,33,user1329@example.com,Phoenix
1330,User_1330,65,user1330@example.com,Houston
1331,User_1331,27,user1331@example.com,Houston
1332,User_1332,52,user1332@example.com,Los Angeles
1333,User_1333,25,user1333@example.com,Houston
1334,User_1334,42,user1334@example.com,Phoenix
1335,User_1335,45,user1335@example.com,Houston
1336,User_1336,46,user1336@example.com,New York
1337,User_1337,30,user1337@example.com,New York
1338,User_1338,51,user1338@example.com,Phoenix
1339,User_1339,43,user1339@example.com,Chicago
1340,User_1340,38,user1340@example.com,New York
1341,User_1341,34,user1341@example.com,New York
1342,User_1342,20,user1342@example.com,Phoenix
1343,User_1343,56,user1343@example.com,Houston
1344,User_1344,35,user1344@example.com,Phoenix
1345,User_1345,49,user1345@example.com,Phoenix
1346,User_1346,57,user1346@example.com,Houston
1347,User_1347,54,user1347@example.com,New York
1348,User_1348,28,user1348@example.com,Chicago
1349,User_1349,27,user1349@example.com,New York
1350,User_1350,33,user1350@example.com,New York
1351,User_1351,33,user1351@example.com,Chicago
1352,User_1352,51,user1352@example.com,New York
1353,User_1353,35,user1353@example.com,Chicago
1354,User_1354,35,user1354@example.com,Houston
1355,User_1355,34,user1355@example.com,Los Angeles
1356,User_1356,45,user1356@example.com,Houston
1357,User_1357,21,user1357@example.com,Houston
1358,User_1358,58,user1358@example.com,New York
1359,User_1359,26,user1359@example.com,Phoenix
1360,User_1360,22,user1360@example.com,Houston
1361,User_1361,39,user1361@example.com,Houston
1362,User_1362,33,user1362@example.com,Los Angeles
1363,User_1363,63,user1363@example.com,Los Angeles
1364,User_1364,48,user1364@example.com,New York
1365,User_1365,27,user1365@example.com,Los Angeles
1366,User_1366,31,user1366@example.com,New York
1367,User_1367,31,user1367@example.com,Los Angeles
1368,User_1368,24,user1368@example.com,Los Angeles
1369,User_1369,34,user1369@example.com,Phoenix
1370,User_1370,29,user1370@example.com,Phoenix
1371,User_1371,51,user1371@example.com,Los Angeles
1372,User_1372,65,user1372@example.com,Los Angeles
1373,User_1373,57,user1373@example.com,Chicago
1374,User_1374,31,user1374@example.com,Phoenix
1375,User_1375,42,user1375@example.com,Chicago
1376,User_1376,49,user1376@example.com,Phoenix
1377,User_1377,52,user1377@example.com,Chicago
1378,User_1378,27,user1378@example.com,Los Angeles
1379,User_1379,43,user1379@example.com,New York
1380,User_1380,58,user1380@example.com,Phoenix
1381,User_1381,19,user1381@example.com,Chicago
1382,User_1382,43,user1382@example.com,New York
1383,User_1383,23,user1383@example.com,Phoenix
1384,User_1384,35,user1384@example.com,Chicago
1385,User_1385,43,user1385@example.com,New York
1386,User_1386,60,user1386@example.com,Los Angeles
1387,User_1387,20,user1387@example.com,New York
1388,User_1388,35,user1388@example.com,Houston
1389,User_1389,27,user1389@example.com,New York
1390,User_1390,34,user1390@example.com,Phoenix
1391,User_1391,38,user1391@example.com,Los Angeles
1392,User_1392,56,user1392@example.com,Los Angeles
1393,User_1393,59,user1393@example.com,New York
1394,User_1394,54,user1394@example.com,New York
1395,User_1395,23,user1395@example.com,Phoenix
1396,User_1396,21,user1396@example.com,Chicago
1397,User_1397,32,user1397@example.com,Los Angeles
1398,User_1398,55,user1398@example.com,Los Angeles
1399,User_1399,48,user1399@example.com,New York
1400,User_1400,45,user1400@example.com,Los Angeles
1401,User_1401,60,user1401@example.com,Houston
1402,User_1402,25,user1402@example.com,Phoenix
1403,User_1403,30,user1403@example.com,Los Angeles
1404,User_1404,40,user1404@example.com,Houston
1405,User_1405,38,user1405@example.com,Phoenix
1406,User_1406,52,user1406@example.com,Los Angeles
1407,User_1407,65,user1407@example.com,New York
1408,User_1408,29,user1408@example.com,Houston
1409,User_1409,53,user1409@example.com,Los Angeles
1410,User_1410,56,user1410@example.com,New York
1411,User_1411,46,user1411@example.com,Phoenix
1412,User_1412,46,user1412@example.com,Chicago
1413,User_1413,29,user1413@example.com,Los Angeles
1414,User_1414,26,user1414@example.com,Los Angeles
1415,User_1415,51,user1415@example.com,Phoenix
1416,User_1416,31,user1416@example.com,New York
1417,User_1417,33,user1417@example.com,Chicago
1418,User_1418,30,user1418@example.com,Houston
1419,User_1419,64,user1419@example.com,New York
1420,User_1420,54,user1420@example.com,Chicago
1421,User_1421,63,user1421@example.com,New York
1422,User_1422,24,user1422@example.com,Los Angeles
1423,User_1423,25,user1423@example.com,Houston
1424,User_1424,41,user1424@example.com,Los Angeles
1425,User_1425,42,user1425@example.com,New York
1426,User_1426,41,user1426@example.com,Chicago
1427,User_1427,50,user1427@example.com,New York
1428,User_1428,53,user1428@example.com,Phoenix
1429,User_1429,49,user1429@example.com,Los Angeles
1430,User_1430,52,user1430@example.com,Chicago
1431,User_1431,39,user1431@example.com,Chicago
1432,User_1432,30,user1432@example.com,Houston
1433,User_1433,53,user1433@example.com,Chicago
1434,User_1434,23,user1434@example.com,Phoenix
1435,User_1435,36,user1435@example.com,Chicago
1436,User_1436,41,user1436@example.com,Houston
1437,User_1437,43,user1437@example.com,Los Angeles
1438,User_1438,54,user1438@example.com,New York
1439,User_1439,57,user1439@example.com,New York
1440,User_1440,59,user1440@example.com,New York
1441,User_1441,32,user1441@example.com,Los Angeles
1442,User_1442,49,user1442@example.com,New York
1443,User_1443,64,user1443@example.com,Phoenix
1444,User_1444,52,user1444@example.com,Chicago
1445,User_1445,19,user1445@example.com,New York
1446,User_1446,51,user1446@example.com,Houston
1447,User_1447,39,user1447@example.com,Phoenix
1448,User_1448,61,user1448@example.com,New York
1449,User_1449,51,user1449@example.com,Los Angeles
1450,User_1450,48,user1450@example.com,Phoenix
1451,User_1451,52,user1451@example.com,Los Angeles
1452,User_1452,34,user1452@example.com,Phoenix
1453,User_1453,29,user1453@example.com,Los Angeles
1454,User_1454,48,user1454@example.com,New York
1455,User_1455,29,user1455@example.com,Los Angeles
1456,User_1456,35,user1456@example.com,Phoenix
1457,User_1457,43,user1457@example.com,Houston
1458,User_1458,22,user1458@example.com,Phoenix
1459,User_1459,57,user1459@example.com,Los Angeles
1460,User_1460,41,user1460@example.com,Chicago
1461,User_1461,21,user1461@example.com,Los Angeles
1462,User_1462,55,user1462@example.com,Chicago
1463,User_1463,65,user1463@example.com,Houston
1464,User_1464,32,user1464@example.com,Phoenix
1465,User_1465,63,user1465@example.com,Los Angeles
1466,User_1466,28,user1466@example.com,Chicago
1467,User_1467,38,user1467@example.com,Phoenix
1468,User_1468,46,user1468@example.com,New York
1469,User_1469,49,user1469@example.com,Chicago
1470,User_1470,32,user1470@example.com,Houston
1471,User_1471,63,user1471@example.com,Houston
1472,User_1472,58,user1472@example.com,Houston
1473,User_1473,21,user1473@example.com,Los Angeles
1474,User_1474,19,user1474@example.com,New York
1475,User_1475,58,user1475@example.com,Phoenix
1476,User_1476,62,user1476@example.com,Los Angeles
1477,User_1477,58,user1477@example.com,Phoenix
1478,User_1478,43,user1478@example.com,Houston
1479,User_1479,24,user1479@example.com,Houston
1480,User_1480,23,user1480@example.com,Houston
1481,User_1481,45,user1481@example.com,Los Angeles
1482,User_1482,61,user1482@example.com,Houston
1483,User_1483,34,user1483@example.com,Chicago
1484,User_1484,28,user1484@example.com,Houston
1485,User_1485,49,user1485@example.com,New York
1486,User_1486,52,user1486@example.com,Phoenix
1487,User_1487,35,user1487@example.com,Phoenix
1488,User_1488,63,user1488@example.com,Phoenix
1489,User_1489,61,user1489@example.com,Chicago
1490,User_1490,18,user1490@example.com,Houston
1491,User_1491,23,user1491@example.com,Houston
1492,User_1492,36,user1492@example.com,Houston
1493,User_1493,21,user1493@example.com,New York
1494,User_1494,55,user1494@example.com,Los Angeles
1495,User_1495,44,user1495@example.com,Los Angeles
1496,User_1496,63,user1496@example.com,Phoenix
1497,User_1497,20,user1497@example.com,Houston
1498,User_1498,53,user1498@example.com,Phoenix
1499,User_1499,58,user1499@example.com,Houston
1500,User_1500,38,user1500@example.com,New York
1501,User_1501,40,user1501@example.com,Houston
1502,User_1502,22,user1502@example.com,Phoenix
1503,User_1503,54,user1503@example.com,Houston
1504,User_1504,46,user1504@example.com,Chicago
1505,User_1505,45,user1505@example.com,Chicago
1506,User_1506,41,user1506@example.com,Phoenix
1507,User_1507,25,user1507@example.com,Houston
1508,User_1508,22,user1508@example.com,Los Angeles
1509,User_1509,46,user1509@example.com,Phoenix
1510,User_1510,44,user1510@example.com,Phoenix
1511,User_1511,19,user1511@example.com,Los Angeles
1512,User_1512,26,user1512@example.com,Phoenix
1513,User_1513,46,user1513@example.com,Phoenix
1514,User_1514,47,user1514@example.com,Houston
1515,User_1515,56,user1515@example.com,Phoenix
1516,User_1516,40,user1516@example.com,Los Angeles
1517,User_1517,30,user1517@example.com,Phoenix
1518,User_1518,22,user1518@example.com,Los Angeles
1519,User_1519,39,user1519@example.com,Chicago
1520,User_1520,20,user1520@example.com,Houston
1521,User_1521,33,user1521@example.com,Los Angeles
1522,User_1522,49,user1522@example.com,Chicago
1523,User_1523,28,user1523@example.com,Phoenix
1524,User_1524,27,user1524@example.com,Houston
1525,User_1525,42,user1525@example.com,Phoenix
1526,User_1526,64,user1526@example.com,Chicago
1527,User_1527,20,user1527@example.com,Los Angeles
1528,User_1528,35,user1528@example.com,Los Angeles
1529,User_1529,34,user1529@example.com,Houston
1530,User_1530,49,user1530@example.com,New York
1531,User_1531,45,user1531@example.com,Chicago
1532,User_1532,61,user1532@example.com,New York
1533,User_1533,20,user1533@example.com,New York
1534,User_1534,22,user1534@example.com,Chicago
1535,User_1535,40,user1535@example.com,Los Angeles
1536,User_1536,28,user1536@example.com,Los Angeles
1537,User_1537,58,user1537@example.com,Phoenix
1538,User_1538,27,user1538@example.com,Los Angeles
1539,User_1539,35,user1539@example.com,Los Angeles
1540,User_1540,47,user1540@example.com,New York
1541,User_1541,53,user1541@example.com,Chicago
1542,User_1542,47,user1542@example.com,Los Angeles
1543,User_1543,19,user1543@example.com,New York
1544,User_1544,51,user1544@example.com,New York
1545,User_1545,34,user1545@example.com,Los Angeles
1546,User_1546,57,user1546@example.com,Chicago
1547,User_1547,60,user1547@example.com,Phoenix
1548,User_1548,24,user1548@example.com,Chicago
1549,User_1549,59,user1549@example.com,Los Angeles
1550,User_1550,36,user1550@example.com,Los Angeles
1551,User_1551,36,user1551@example.com,Houston
1552,User_1552,63,user1552@example.com,New York
1553,User_1553,33,user1553@example.com,Chicago
1554,User_1554,35,user1554@example.com,Chicago
1555,User_1555,22,user1555@example.com,Chicago
1556,User_1556,18,user1556@example.com,Houston
1557,User_1557,64,user1557@example.com,Los Angeles
1558,User_1558,44,user1558@example.com,Houston
1559,User_1559,21,user1559@example.com,Phoenix
1560,User_1560,36,user1560@example.com,Houston
1561,User_1561,41,user1561@example.com,New York
1562,User_1562,35,user1562@example.com,Los Angeles
1563,User_1563,46,user1563@example.com,Los Angeles
1564,User_1564,64,user1564@example.com,Houston
1565,User_1565,47,user1565@example.com,New York
1566,User_1566,61,user1566@example.com,Phoenix
1567,User_1567,56,user1567@example.com,Houston
1568,User_1568,23,user1568@example.com,Chicago
1569,User_1569,33,user1569@example.com,New York
1570,User_1570,32,user1570@example.com,Houston
1571,User_1571,41,user1571@example.com,Houston
1572,User_1572,43,user1572@example.com,Chicago
1573,User_1573,40,user1573@example.com,Los Angeles
1574,User_1574,63,user1574@example.com,Chicago
1575,User_1575,42,user1575@example.com,Houston
1576,User_1576,62,user1576@example.com,Chicago
1577,User_1577,38,user1577@example.com,Chicago
1578,User_1578,61,user1578@example.com,Houston
1579,User_1579,65,user1579@example.com,Phoenix
1580,User_1580,33,user1580@example.com,Los Angeles
1581,User_1581,22,user1581@example.com,Houston
1582,User_1582,59,user1582@example.com,Houston
1583,User_1583,25,user1583@example.com,Los Angeles
1584,User_1584,41,user1584@example.com,Houston
1585,User_1585,42,user1585@example.com,Chicago
1586,User_1586,40,user1586@example.com,New York
1587,User_1587,32,user1587@example.com,Houston
1588,User_1588,61,user1588@example.com,Los Angeles
1589,User_1589,29,user1589@example.com,Los Angeles
1590,User_1590,40,user1590@example.com,New York
1591,User_1591,39,user1591@example.com,Phoenix
1592,User_1592,51,user1592@example.com,Houston
1593,User_1593,60,user1593@example.com,New York
1594,User_1594,63,user1594@example.com,Houston
1595,User_1595,48,user1595@example.com,Phoenix
1596,User_1596,60,user1596@example.com,Houston
1597,User_1597,61,user1597@example.com,Los Angeles
1598,User_1598,29,user1598@example.com,Los Angeles
1599,User_1599,29,user1599@example.com,New York
1600,User_1600,51,user1600@example.com,Phoenix
1601,User_1601,42,user1601@example.com,New York
1602,User_1602,21,user1602@example.com,Houston
1603,User_1603,31,user1603@example.com,Houston
1604,User_1604,62,user1604@example.com,Los Angeles
1605,User_1605,27,user1605@example.com,Los Angeles
1606,User_1606,41,user1606@example.com,Phoenix
1607,User_1607,28,user1607@example.com,Los Angeles
1608,User_1608,31,user1608@example.com,Houston
1609,User_1609,45,user1609@example.com,New York
1610,User_1610,60,user1610@example.com,Houston
1611,User_1611,60,user1611@example.com,Phoenix
1612,User_1612,56,user1612@example.com,Chicago
1613,User_1613,26,user1613@example.com,Chicago
1614,User_1614,59,user1614@example.com,Houston
1615,User_1615,44,user1615@example.com,New York
1616,User_1616,38,user1616@example.com,Los Angeles
1617,User_1617,23,user1617@example.com,New York
1618,User_1618,61,user1618@example.com,Houston
1619,User_1619,39,user1619@example.com,Chicago
1620,User_1620,29,user1620@example.com,New York
1621,User_1621,32,user1621@example.com,Chicago
1622,User_1622,29,user1622@example.com,Los Angeles
1623,User_1623,46,user1623@example.com,New York
1624,User_1624,60,user1624@example.com,Phoenix
1625,User_1625,64,user1625@example.com,Phoenix
1626,User_1626,39,user1626@example.com,New York
1627,User_1627,51,user1627@example.com,Houston
1628,User_1628,40,user1628@example.com,Houston
1629,User_1629,61,user1629@example.com,Houston
1630,User_1630,64,user1630@example.com,New York
1631,User_1631,65,user1631@example.com,New York
1632,User_1632,62,user1632@example.com,Chicago
1633,User_1633,36,user1633@example.com,Houston
1634,User_1634,19,user1634@example.com,New York
1635,User_1635,18,user1635@example.com,New York
1636,User_1636,49,user1636@example.com,Houston
1637,User_1637,40,user1637@example.com,Houston
1638,User_1638,34,user1638@example.com,Chicago
1639,User_1639,39,user1639@example.com,Phoenix
1640,User_1640,19,user1640@example.com,Phoenix
1641,User_1641,26,user1641@example.com,Chicago
1642,User_1642,64,user1642@example.com,Phoenix
1643,User_1643,30,user1643@example.com,Los Angeles
1644,User_1644,31,user1644@example.com,Phoenix
1645,User_1645,40,user1645@example.com,Los Angeles
1646,User_1646,39,user1646@example.com,Chicago
1647,User_1647,51,user1647@example.com,Los Angeles
1648,User_1648,51,user1648@example.com,Phoenix
1649,User_1649,58,user1649@example.com,Houston
1650,User_1650,57,user1650@example.com,New York
1651,User_1651,28,user1651@example.com,New York
1652,User_1652,49,user1652@example.com,Los Angeles
1653,User_1653,50,user1653@example.com,Chicago
1654,User_1654,25,user1654@example.com,Phoenix
1655,User_1655,65,user1655@example.com,Houston
1656,User_1656,28,user1656@example.com,Houston
1657,User_1657,28,user1657@example.com,Phoenix
1658,User_1658,34,user1658@example.com,New York
1659,User_1659,57,user1659@example.com,Phoenix
1660,User_1660,52,user1660@example.com,Houston
1661,User_1661,18,user1661@example.com,Los Angeles
1662,User_1662,40,user1662@example.com,Phoenix
1663,User_1663,49,user1663@example.com,New York
1664,User_1664,36,user1664@example.com,Los Angeles
1665,User_1665,26,user1665@example.com,Houston
1666,User_1666,46,user1666@example.com,New York
1667,User_1667,40,user1667@example.com,Houston
1668,User_1668,40,user1668@example.com,Chicago
1669,User_1669,48,user1669@example.com,New York
1670,User_1670,58,user1670@example.com,New York
1671,User_1671,29,user1671@example.com,Chicago
1672,User_1672,57,user1672@example.com,New York
1673,User_1673,22,user1673@example.com,Chicago
1674,User_1674,51,user1674@example.com,New York
1675,User_1675,51,user1675@example.com,Houston
1676,User_1676,52,user1676@example.com,Chicago
1677,User_1677,53,user1677@example.com,Chicago
1678,User_1678,24,user1678@example.com,Chicago
1679,User_1679,56,user1679@example.com,Chicago
1680,User_1680,46,user1680@example.com,Chicago
1681,User_1681,40,user1681@example.com,Los Angeles
1682,User_1682,35,user1682@example.com,Chicago
1683,User_1683,33,user1683@example.com,Chicago
1684,User_1684,45,user1684@example.com,New York
1685,User_1685,32,user1685@example.com,Houston
1686,User_1686,60,user1686@example.com,New York
1687,User_1687,29,user1687@example.com,Los Angeles
1688,User_1688,37,user1688@example.com,New York
1689,User_1689,45,user1689@example.com,Phoenix
1690,User_1690,27,user1690@example.com,Houston
1691,User_1691,28,user1691@example.com,Phoenix
1692,User_1692,46,user1692@example.com,Los Angeles
1693,User_1693,37,user1693@example.com,Houston
1694,User_1694,44,user1694@example.com,Chicago
1695,User_1695,36,user1695@example.com,New York
1696,User_1696,19,user1696@example.com,Los Angeles
1697,User_1697,52,user1697@example.com,New York
1698,User_1698,42,user1698@example.com,Los Angeles
1699,User_1699,64,user1699@example.com,Phoenix
1700,User_1700,48,user1700@example.com,Los Angeles
1701,User_1701,32,user1701@example.com,New York
1702,User_1702,26,user1702@example.com,Phoenix
1703,User_1703,23,user1703@example.com,Phoenix
1704,User_1704,19,user1704@example.com,Chicago
1705,User_1705,53,user1705@example.com,Chicago
1706,User_1706,32,user1706@example.com,New York
1707,User_1707,29,user1707@example.com,Phoenix
1708,User_1708,31,user1708@example.com,Chicago
1709,User_1709,40,user1709@example.com,Los Angeles
1710,User_1710,32,user1710@example.com,Phoenix
1711,User_1711,48,user1711@example.com,Chicago
1712,User_1712,47,user1712@example.com,New York
1713,User_1713,42,user1713@example.com,New York
1714,User_1714,65,user1714@example.com,Los Angeles
1715,User_1715,53,user1715@example.com,New York
1716,User_1716,65,user1716@example.com,New York
1717,User_1717,27,user1717@example.com,Los Angeles
1718,User_1718,50,user1718@example.com,Los Angeles
1719,User_1719,34,user1719@example.com,Los Angeles
1720,User_1720,63,user1720@example.com,Chicago
1721,User_1721,65,user1721@example.com,Los Angeles
1722,User_1722,38,user1722@example.com,New York
1723,User_1723,38,user1723@example.com,Phoenix
1724,User_1724,40,user1724@example.com,Houston
1725,User_1725,22,user1725@example.com,New York
1726,User_1726,61,user1726@example.com,Los Angeles
1727,User_1727,64,user1727@example.com,Houston
1728,User_1728,65,user1728@example.com,New York
1729,User_1729,40,user1729@example.com,New York
1730,User_1730,56,user1730@example.com,Los Angeles
1731,User_1731,27,user1731@example.com,Chicago
1732,User_1732,35,user1732@example.com,Chicago
1733,User_1733,54,user1733@example.com,New York
1734,User_1734,63,user1734@example.com,Chicago
1735,User_1735,38,user1735@example.com,Chicago
1736,User_1736,62,user1736@example.com,Phoenix
1737,User_1737,36,user1737@example.com,Chicago
1738,User_1738,63,user1738@example.com,Phoenix
1739,User_1739,24,user1739@example.com,New York
1740,User_1740,40,user1740@example.com,Chicago
1741,User_1741,25,user1741@example.com,Chicago
1742,User_1742,35,user1742@example.com,Los Angeles
1743,User_1743,63,user1743@example.com,New York
1744,User_1744,52,user1744@example.com,Houston
1745,User_1745,47,user1745@example.com,Los Angeles
1746,User_1746,35,user1746@example.com,Houston
1747,User_1747,61,user1747@example.com,Houston
1748,User_1748,37,user1748@example.com,Los Angeles
1749,User_1749,37,user1749@example.com,Phoenix
1750,User_1750,54,user1750@example.com,Los Angeles
1751,User_1751,40,user1751@example.com,Los Angeles
1752,User_1752,44,user1752@example.com,Houston
1753,User_1753,35,user1753@example.com,Phoenix
1754,User_1754,54,user1754@example.com,Phoenix
1755,User_1755,38,user1755@example.com,Los Angeles
1756,User_1756,62,user1756@example.com,Los Angeles
1757,User_1757,27,user1757@example.com,Phoenix
1758,User_1758,51,user1758@example.com,Los Angeles
1759,User_1759,52,user1759@example.com,New York
1760,User_1760,51,user1760@example.com,New York
1761,User_1761,40,user1761@example.com,Phoenix
1762,User_1762,19,user1762@example.com,Houston
1763,User_1763,40,user1763@example.com,Los Angeles
1764,User_1764,25,user1764@example.com,Houston
1765,User_1765,54,user1765@example.com,Los Angeles
1766,User_1766,20,user1766@example.com,New York
1767,User_1767,42,user1767@example.com,Los Angeles
1768,User_1768,30,user1768@example.com,New York
1769,User_1769,62,user1769@example.com,Phoenix
1770,User_1770,36,user1770@example.com,New York
1771,User_1771,29,user1771@example.com,Los Angeles
1772,User_1772,52,user1772@example.com,Houston
1773,User_1773,58,user1773@example.com,Phoenix
1774,User_1774,58,user1774@example.com,Chicago
1775,User_1775,59,user1775@example.com,Houston
1776,User_1776,32,user1776@example.com,Phoenix
1777,User_1777,46,user1777@example.com,Houston
1778,User_1778,40,user1778@example.com,Phoenix
1779,User_1779,24,user1779@example.com,Chicago
1780,User_1780,42,user1780@example.com,New York
1781,User_1781,44,user1781@example.com,Los Angeles
1782,User_1782,34,user1782@example.com,Los Angeles
1783,User_1783,35,user1783@example.com,Phoenix
1784,User_1784,52,user1784@example.com,New York
1785,User_1785,54,user1785@example.com,New York
1786,User_1786,51,user1786@example.com,Phoenix
1787,User_1787,35,user1787@example.com,Houston
1788,User_1788,42,user1788@example.com,New York
1789,User_1789,26,user1789@example.com,New York
1790,User_1790,65,user1790@example.com,Houston
1791,User_1791,34,user1791@example.com,Los Angeles
1792,User_1792,44,user1792@example.com,Chicago
1793,User_1793,44,user1793@example.com,New York
1794,User_1794,64,user1794@example.com,New York
1795,User_1795,30,user1795@example.com,Chicago
1796,User_1796,47,user1796@example.com,Phoenix
1797,User_1797,60,user1797@example.com,Chicago
1798,User_1798,31,user1798@example.com,Los Angeles
1799,User_1799,59,user1799@example.com,Phoenix
1800,User_1800,43,user1800@example.com,Los Angeles
1801,User_1801,51,user1801@example.com,Los Angeles
1802,User_1802,31,user1802@example.com,Phoenix
1803,User_1803,48,user1803@example.com,Houston
1804,User_1804,34,user1804@example.com,Phoenix
1805,User_1805,52,user1805@example.com,Chicago
1806,User_1806,64,user1806@example.com,Houston
1807,User_1807,54,user1807@example.com,Houston
1808,User_1808,59,user1808@example.com,Houston
1809,User_1809,56,user1809@example.com,Phoenix
1810,User_1810,63,user1810@example.com,Houston
1811,User_1811,22,user1811@example.com,Los Angeles
1812,User_1812,33,user1812@example.com,New York
1813,User_1813,34,user1813@example.com,Chicago
1814,User_1814,23,user1814@example.com,New York
1815,User_1815,47,user1815@example.com,Phoenix
1816,User_1816,61,user1816@example.com,New York
1817,User_1817,58,user1817@example.com,Houston
1818,User_1818,53,user1818@example.com,New York
1819,User_1819,21,user1819@example.com,New York
1820,User_1820,61,user1820@example.com,Chicago
1821,User_1821,46,user1821@example.com,Phoenix
1822,User_1822,35,user1822@example.com,Phoenix
1823,User_1823,38,user1823@example.com,Chicago
1824,User_1824,50,user1824@example.com,Phoenix
1825,User_1825,23,user1825@example.com,Phoenix
1826,User_1826,38,user1826@example.com,Houston
1827,User_1827,37,user1827@example.com,New York
1828,User_1828,41,user1828@example.com,Chicago
1829,User_1829,57,user1829@example.com,Los Angeles
1830,User_1830,25,user1830@example.com,Chicago
1831,User_1831,28,user1831@example.com,New York
1832,User_1832,49,user1832@example.com,New York
1833,User_1833,24,user1833@example.com,New York
1834,User_1834,44,user1834@example.com,Los Angeles
1835,User_1835,32,user1835@example.com,Chicago
1836,User_1836,28,user1836@example.com,New York
1837,User_1837,49,user1837@example.com,New York
1838,User_1838,58,user1838@example.com,Phoenix
1839,User_1839,64,user1839@example.com,Los Angeles
1840,User_1840,63,user1840@example.com,New York
1841,User_1841,50,user1841@example.com,Chicago
1842,User_1842,38,user1842@example.com,Houston
1843,User_1843,57,user1843@example.com,New York
1844,User_1844,57,user1844@example.com,Chicago
1845,User_1845,24,user1845@example.com,Chicago
1846,User_1846,41,user1846@example.com,Phoenix
1847,User_1847,51,user1847@example.com,Los Angeles
1848,User_1848,27,user1848@example.com,Phoenix
1849,User_1849,63,user1849@example.com,Chicago
1850,User_1850,45,user1850@example.com,Los Angeles
1851,User_1851,37,user1851@example.com,New York
1852,User_1852,38,user1852@example.com,Houston
1853,User_1853,51,user1853@example.com,Los Angeles
1854,User_1854,53,user1854@example.com,Phoenix
1855,User_1855,40,user1855@example.com,Los Angeles
1856,User_1856,63,user1856@example.com,New York
1857,User_1857,47,user1857@example.com,Chicago
1858,User_1858,44,user1858@example.com,Phoenix
1859,User_1859,44,user1859@example.com,Phoenix
1860,User_1860,39,user1860@example.com,Phoenix
1861,User_1861,51,user1861@example.com,Chicago
1862,User_1862,25,user1862@example.com,New York
1863,User_1863,39,user1863@example.com,Los Angeles
1864,User_1864,56,user1864@example.com,Chicago
1865,User_1865,23,user1865@example.com,New York
1866,User_1866,64,user1866@example.com,Chicago
1867,User_1867,31,user1867@example.com,Houston
1868,User_1868,20,user1868@example.com,New York
1869,User_1869,36,user1869@example.com,Los Angeles
1870,User_1870,27,user1870@example.com,Los Angeles
1871,User_1871,21,user1871@example.com,Houston
1872,User_1872,44,user1872@example.com,Phoenix
1873,User_1873,41,user1873@example.com,Chicago
1874,User_1874,35,user1874@example.com,Los Angeles
1875,User_1875,38,user1875@example.com,Los Angeles
1876,User_1876,60,user1876@example.com,Phoenix
1877,User_1877,50,user1877@example.com,Phoenix
1878,User_1878,24,user1878@example.com,Los Angeles
1879,User_1879,64,user1879@example.com,Los Angeles
1880,User_1880,21,user1880@example.com,Chicago
1881,User_1881,41,user1881@example.com,Phoenix
1882,User_1882,57,user1882@example.com,Phoenix
1883,User_1883,57,user1883@example.com,Chicago
1884,User_1884,63,user1884@example.com,Chicago
1885,User_1885,37,user1885@example.com,Los Angeles
1886,User_1886,54,user1886@example.com,Houston
1887,User_1887,38,user1887@example.com,New York
1888,User_1888,25,user1888@example.com,New York
1889,User_1889,50,user1889@example.com,Houston
1890,User_1890,63,user1890@example.com,Houston
1891,User_1891,60,user1891@example.com,Houston
1892,User_1892,62,user1892@example.com,Los Angeles
1893,User_1893,64,user1893@example.com,Phoenix
1894,User_1894,28,user1894@example.com,Chicago
1895,User_1895,20,user1895@example.com,Chicago
1896,User_1896,45,user1896@example.com,New York
1897,User_1897,33,user1897@example.com,Chicago
1898,User_1898,25,user1898@example.com,Los Angeles
1899,User_1899,30,user1899@example.com,Los Angeles
1900,User_1900,48,user1900@example.com,Houston
1901,User_1901,31,user1901@example.com,Phoenix
1902,User_1902,24,user1902@example.com,Los Angeles
1903,User_1903,41,user1903@example.com,Los Angeles
1904,User_1904,39,user1904@example.com,Chicago
1905,User_1905,58,user1905@example.com,New York
1906,User_1906,35,user1906@example.com,Houston
1907,User_1907,34,user1907@example.com,Chicago
1908,User_1908,18,user1908@example.com,Houston
1909,User_1909,36,user1909@example.com,New York
1910,User_1910,46,user1910@example.com,New York
1911,User_1911,40,user1911@example.com,Phoenix
1912,User_1912,26,user1912@example.com,Phoenix
1913,User_1913,29,user1913@example.com,Phoenix
1914,User_1914,36,user1914@example.com,Houston
1915,User_1915,21,user1915@example.com,Houston
1916,User_1916,52,user1916@example.com,Los Angeles
1917,User_1917,64,user1917@example.com,Los Angeles
1918,User_1918,45,user1918@example.com,New York
1919,User_1919,30,user1919@example.com,Houston
1920,User_1920,22,user1920@example.com,Los Angeles
1921,User_1921,49,user1921@example.com,Houston
1922,User_1922,39,user1922@example.com,Houston
1923,User_1923,64,user1923@example.com,Houston
1924,User_1924,54,user1924@example.com,Chicago
1925,User_1925,52,user1925@example.com,Chicago
1926,User_1926,29,user1926@example.com,Los Angeles
1927,User_1927,29,user1927@example.com,Los Angeles
1928,User_1928,64,user1928@example.com,Chicago
1929,User_1929,50,user1929@example.com,New York
1930,User_1930,27,user1930@example.com,Chicago
1931,User_1931,47,user1931@example.com,Phoenix
1932,User_1932,48,user1932@example.com,Houston
1933,User_1933,23,user1933@example.com,Phoenix
1934,User_1934,19,user1934@example.com,Phoenix
1935,User_1935,59,user1935@example.com,Chicago
1936,User_1936,23,user1936@example.com,Houston
1937,User_1937,44,user1937@example.com,Phoenix
1938,User_1938,39,user1938@example.com,Chicago
1939,User_1939,48,user1939@example.com,Phoenix
1940,User_1940,37,user1940@example.com,Los Angeles
1941,User_1941,25,user1941@example.com,Los Angeles
1942,User_1942,58,user1942@example.com,Chicago
1943,User_1943,38,user1943@example.com,Phoenix
1944,User_1944,53,user1944@example.com,New York
1945,User_1945,38,user1945@example.com,Houston
1946,User_1946,26,user1946@example.com,Phoenix
1947,User_1947,33,user1947@example.com,Phoenix
1948,User_1948,60,user1948@example.com,New York
1949,User_1949,54,user1949@example.com,Houston
1950,User_1950,61,user1950@example.com,Houston
1951,User_1951,18,user1951@example.com,Houston
1952,User_1952,50,user1952@example.com,New York
1953,User_1953,51,user1953@example.com,Los Angeles
1954,User_1954,51,user1954@example.com,New York
1955,User_1955,46,user1955@example.com,Houston
1956,User_1956,29,user1956@example.com,New York
1957,User_1957,47,user1957@example.com,Phoenix
1958,User_1958,35,user1958@example.com,Phoenix
1959,User_1959,32,user1959@example.com,Houston
1960,User_1960,42,user1960@example.com,Houston
1961,User_1961,41,user1961@example.com,Los Angeles
1962,User_1962,46,user1962@example.com,Houston
1963,User_1963,51,user1963@example.com,Los Angeles
1964,User_1964,41,user1964@example.com,Chicago
1965,User_1965,64,user1965@example.com,Chicago
1966,User_1966,32,user1966@example.com,New York
1967,User_1967,43,user1967@example.com,Phoenix
1968,User_1968,42,user1968@example.com,Chicago
1969,User_1969,57,user1969@example.com,Chicago
1970,User_1970,44,user1970@example.com,Chicago
1971,User_1971,27,user1971@example.com,Phoenix
1972,User_1972,47,user1972@example.com,Los Angeles
1973,User_1973,53,user1973@example.com,Houston
1974,User_1974,54,user1974@example.com,New York
1975,User_1975,51,user1975@example.com,Los Angeles
1976,User_1976,63,user1976@example.com,Los Angeles
1977,User_1977,54,user1977@example.com,Houston
1978,User_1978,18,user1978@example.com,Los Angeles
1979,User_1979,46,user1979@example.com,Houston
1980,User_1980,19,user1980@example.com,Chicago
1981,User_1981,61,user1981@example.com,Los Angeles
1982,User_1982,60,user1982@example.com,Los Angeles
1983,User_1983,43,user1983@example.com,Houston
1984,User_1984,56,user1984@example.com,Los Angeles
1985,User_1985,28,user1985@example.com,Phoenix
1986,User_1986,47,user1986@example.com,Chicago
1987,User_1987,21,user1987@example.com,New York
1988,User_1988,26,user1988@example.com,New York
1989,User_1989,39,user1989@example.com,New York
1990,User_1990,55,user1990@example.com,Chicago
1991,User_1991,43,user1991@example.com,Phoenix
1992,User_1992,36,user1992@example.com,New York
1993,User_1993,63,user1993@example.com,Chicago
1994,User_1994,38,user1994@example.com,Chicago
1995,User_1995,59,user1995@example.com,New York
1996,User_1996,22,user1996@example.com,New York
1997,User_1997,26,user1997@example.com,Chicago
1998,User_1998,59,user1998@example.com,Los Angeles
1999,User_1999,53,user1999@example.com,New York
2000,User_2000,36,user2000@example.com,Los Angeles
2001,User_2001,49,user2001@example.com,New York
2002,User_2002,42,user2002@example.com,Los Angeles
2003,User_2003,37,user2003@example.com,Houston
2004,User_2004,41,user2004@example.com,Phoenix
2005,User_2005,63,user2005@example.com,Los Angeles
2006,User_2006,50,user2006@example.com,New York
2007,User_2007,26,user2007@example.com,New York
2008,User_2008,61,user2008@example.com,Houston
2009,User_2009,23,user2009@example.com,New York
2010,User_2010,58,user2010@example.com,Los Angeles
2011,User_2011,44,user2011@example.com,Los Angeles
2012,User_2012,52,user2012@example.com,Phoenix
2013,User_2013,33,user2013@example.com,New York
2014,User_2014,43,user2014@example.com,Phoenix
2015,User_2015,40,user2015@example.com,Chicago
2016,User_2016,60,user2016@example.com,New York
2017,User_2017,39,user2017@example.com,Los Angeles
2018,User_2018,38,user2018@example.com,Chicago
2019,User_2019,56,user2019@example.com,New York
2020,User_2020,63,user2020@example.com,Houston
2021,User_2021,52,user2021@example.com,Chicago
2022,User_2022,43,user2022@example.com,Los Angeles
2023,User_2023,26,user2023@example.com,Houston
2024,User_2024,36,user2024@example.com,Phoenix
2025,User_2025,27,user2025@example.com,Los Angeles
2026,User_2026,32,user2026@example.com,Chicago
2027,User_2027,42,user2027@example.com,Houston
2028,User_2028,43,user2028@example.com,Houston
2029,User_2029,60,user2029@example.com,Chicago
2030,User_2030,24,user2030@example.com,Phoenix
2031,User_2031,49,user2031@example.com,Phoenix
2032,User_2032,32,user2032@example.com,Chicago
2033,User_2033,49,user2033@example.com,Los Angeles
2034,User_2034,54,user2034@example.com,Houston
2035,User_2035,19,user2035@example.com,New York
2036,User_2036,49,user2036@example.com,Phoenix
2037,User_2037,62,user2037@example.com,New York
2038,User_2038,43,user2038@example.com,Phoenix
2039,User_2039,33,user2039@example.com,New York
2040,User_2040,54,user2040@example.com,Phoenix
2041,User_2041,59,user2041@example.com,Houston
2042,User_2042,62,user2042@example.com,Chicago
2043,User_2043,27,user2043@example.com,Los Angeles
2044,User_2044,21,user2044@example.com,Chicago
2045,User_2045,20,user2045@example.com,Houston
2046,User_2046,47,user2046@example.com,Houston
2047,User_2047,46,user2047@example.com,Houston
2048,User_2048,59,user2048@example.com,Chicago
2049,User_2049,64,user2049@example.com,Phoenix
2050,User_2050,61,user2050@example.com,Chicago
2051,User_2051,27,user2051@example.com,Phoenix
2052,User_2052,33,user2052@example.com,Houston
2053,User_2053,22,user2053@example.com,Chicago
2054,User_2054,28,user2054@example.com,Houston
2055,User_2055,50,user2055@example.com,New York
2056,User_2056,35,user2056@example.com,Chicago
2057,User_2057,61,user2057@example.com,Phoenix
2058,User_2058,62,user2058@example.com,Chicago
2059,User_2059,57,user2059@example.com,Phoenix
2060,User_2060,41,user2060@example.com,Phoenix
2061,User_2061,32,user2061@example.com,Phoenix
2062,User_2062,24,user2062@example.com,Phoenix
2063,User_2063,36,user2063@example.com,Los Angeles
2064,User_2064,59,user2064@example.com,Phoenix
2065,User_2065,57,user2065@example.com,Chicago
2066,User_2066,50,user2066@example.com,Phoenix
2067,User_2067,57,user2067@example.com,Houston
2068,User_2068,49,user2068@example.com,Los Angeles
2069,User_2069,58,user2069@example.com,Phoenix
2070,User_2070,42,user2070@example.com,Los Angeles
2071,User_2071,62,user2071@example.com,New York
2072,User_2072,18,user2072@example.com,New York
2073,User_2073,36,user2073@example.com,Los Angeles
2074,User_2074,59,user2074@example.com,Phoenix
2075,User_2075,57,user2075@example.com,Los Angeles
2076,User_2076,35,user2076@example.com,Chicago
2077,User_2077,32,user2077@example.com,Phoenix
2078,User_2078,26,user2078@example.com,Los Angeles
2079,User_2079,46,user2079@example.com,Los Angeles
2080,User_2080,36,user2080@example.com,Phoenix
2081,User_2081,48,user2081@example.com,Phoenix
2082,User_2082,27,user2082@example.com,Phoenix
2083,User_2083,62,user2083@example.com,New York
2084,User_2084,45,user2084@example.com,New York
2085,User_2085,20,user2085@example.com,New York
2086,User_2086,58,user2086@example.com,Phoenix
2087,User_2087,36,user2087@example.com,Houston
2088,User_2088,32,user2088@example.com,Phoenix
2089,User_2089,41,user2089@example.com,Houston
2090,User_2090,20,user2090@example.com,Chicago
2091,User_2091,27,user2091@example.com,Chicago
2092,User_2092,57,user2092@example.com,Phoenix
2093,User_2093,47,user2093@example.com,New York
2094,User_2094,35,user2094@example.com,Houston
2095,User_2095,65,user2095@example.com,Chicago
2096,User_2096,50,user2096@example.com,Los Angeles
2097,User_2097,64,user2097@example.com,New York
2098,User_2098,39,user2098@example.com,New York
2099,User_2099,28,user2099@example.com,New York
2100,User_2100,65,user2100@example.com,New York
2101,User_2101,65,user2101@example.com,Los Angeles
2102,User_2102,56,user2102@example.com,New York
2103,User_2103,39,user2103@example.com,Houston
2104,User_2104,47,user2104@example.com,Phoenix
2105,User_2105,20,user2105@example.com,Chicago
2106,User_2106,52,user2106@example.com,Phoenix
2107,User_2107,27,user2107@example.com,Phoenix
2108,User_2108,61,user2108@example.com,Phoenix
2109,User_2109,32,user2109@example.com,Phoenix
2110,User_2110,21,user2110@example.com,Houston
2111,User_2111,42,user2111@example.com,Phoenix
2112,User_2112,29,user2112@example.com,Los Angeles
2113,User_2113,43,user2113@example.com,Houston
2114,User_2114,38,user2114@example.com,Los Angeles
2115,User_2115,60,user2115@example.com,Los Angeles
2116,User_2116,51,user2116@example.com,Houston
2117,User_2117,33,user2117@example.com,Phoenix
2118,User_2118,58,user2118@example.com,Houston
2119,User_2119,46,user2119@example.com,Phoenix
2120,User_2120,32,user2120@example.com,Chicago
2121,User_2121,33,user2121@example.com,Chicago
2122,User_2122,45,user2122@example.com,Phoenix
2123,User_2123,49,user2123@example.com,New York
2124,User_2124,35,user2124@example.com,Los Angeles
2125,User_2125,63,user2125@example.com,Chicago
2126,User_2126,48,user2126@example.com,Phoenix
2127,User_2127,23,user2127@example.com,Chicago
2128,User_2128,51,user2128@example.com,Phoenix
2129,User_2129,19,user2129@example.com,Chicago
2130,User_2130,52,user2130@example.com,Chicago
2131,User_2131,19,user2131@example.com,Chicago
2132,User_2132,21,user2132@example.com,Houston
2133,User_2133,54,user2133@example.com,New York
2134,User_2134,65,user2134@example.com,Chicago
2135,User_2135,19,user2135@example.com,Houston
2136,User_2136,30,user2136@example.com,Phoenix
2137,User_2137,35,user2137@example.com,Chicago
2138,User_2138,37,user2138@example.com,New York
2139,User_2139,32,user2139@example.com,Chicago
2140,User_2140,58,user2140@example.com,Phoenix
2141,User_2141,59,user2141@example.com,Chicago
2142,User_2142,58,user2142@example.com,Chicago
2143,User_2143,63,user2143@example.com,Phoenix
2144,User_2144,42,user2144@example.com,Chicago
2145,User_2145,22,user2145@example.com,New York
2146,User_2146,23,user2146@example.com,New York
2147,User_2147,46,user2147@example.com,Phoenix
2148,User_2148,23,user2148@example.com,Los Angeles
2149,User_2149,41,user2149@example.com,Phoenix
2150,User_2150,33,user2150@example.com,Los Angeles
2151,User_2151,28,user2151@example.com,Phoenix
2152,User_2152,20,user2152@example.com,Phoenix
2153,User_2153,45,user2153@example.com,Chicago
2154,User_2154,64,user2154@example.com,Houston
2155,User_2155,26,user2155@example.com,Phoenix
2156,User_2156,52,user2156@example.com,New York
2157,User_2157,60,user2157@example.com,New York
2158,User_2158,37,user2158@example.com,Chicago
2159,User_2159,46,user2159@example.com,Chicago
2160,User_2160,55,user2160@example.com,Houston
2161,User_2161,54,user2161@example.com,Phoenix
2162,User_2162,39,user2162@example.com,Phoenix
2163,User_2163,55,user2163@example.com,Chicago
2164,User_2164,18,user2164@example.com,Houston
2165,User_2165,19,user2165@example.com,Phoenix
2166,User_2166,33,user2166@example.com,Chicago
2167,User_2167,50,user2167@example.com,Phoenix
2168,User_2168,36,user2168@example.com,Chicago
2169,User_2169,35,user2169@example.com,Los Angeles
2170,User_2170,38,user2170@example.com,Phoenix
2171,User_2171,32,user2171@example.com,Chicago
2172,User_2172,20,user2172@example.com,Phoenix
2173,User_2173,65,user2173@example.com,Los Angeles
2174,User_2174,51,user2174@example.com,Houston
2175,User_2175,38,user2175@example.com,Chicago
2176,User_2176,37,user2176@example.com,New York
2177,User_2177,25,user2177@example.com,Houston
2178,User_2178,36,user2178@example.com,Houston
2179,User_2179,25,user2179@example.com,Chicago
2180,User_2180,30,user2180@example.com,Houston
2181,User_2181,60,user2181@example.com,New York
2182,User_2182,29,user2182@example.com,Phoenix
2183,User_2183,33,user2183@example.com,Los Angeles
2184,User_2184,57,user2184@example.com,New York
2185,User_2185,37,user2185@example.com,Los Angeles
2186,User_2186,36,user2186@example.com,Phoenix
2187,User_2187,30,user2187@example.com,Houston
2188,User_2188,31,user2188@example.com,Los Angeles
2189,User_2189,33,user2189@example.com,Los Angeles
2190,User_2190,51,user2190@example.com,Chicago
2191,User_2191,40,user2191@example.com,Phoenix
2192,User_2192,45,user2192@example.com,Chicago
2193,User_2193,20,user2193@example.com,Houston
2194,User_2194,48,user2194@example.com,Los Angeles
2195,User_2195,60,user2195@example.com,Phoenix
2196,User_2196,56,user2196@example.com,Phoenix
2197,User_2197,59,user2197@example.com,Phoenix
2198,User_2198,40,user2198@example.com,New York
2199,User_2199,25,user2199@example.com,New York
2200,User_2200,18,user2200@example.com,Houston
2201,User_2201,20,user2201@example.com,Houston
2202,User_2202,39,user2202@example.com,New York
2203,User_2203,32,user2203@example.com,Houston
2204,User_2204,60,user2204@example.com,Los Angeles
2205,User_2205,56,user2205@example.com,Phoenix
2206,User_2206,52,user2206@example.com,Phoenix
2207,User_2207,63,user2207@example.com,Chicago
2208,User_2208,47,user2208@example.com,Phoenix
2209,User_2209,30,user2209@example.com,Houston
2210,User_2210,42,user2210@example.com,Phoenix
2211,User_2211,35,user2211@example.com,Phoenix
2212,User_2212,44,user2212@example.com,Chicago
2213,User_2213,28,user2213@example.com,Phoenix
2214,User_2214,52,user2214@example.com,Phoenix
2215,User_2215,42,user2215@example.com,Houston
2216,User_2216,50,user2216@example.com,Los Angeles
2217,User_2217,48,user2217@example.com,Chicago
2218,User_2218,53,user2218@example.com,Houston
2219,User_2219,48,user2219@example.com,Chicago
2220,User_2220,59,user2220@example.com,Houston
2221,User_2221,42,user2221@example.com,Los Angeles
2222,User_2222,37,user2222@example.com,New York
2223,User_2223,53,user2223@example.com,New York
2224,User_2224,64,user2224@example.com,Houston
2225,User_2225,41,user2225@example.com,Los Angeles
2226,User_2226,20,user2226@example.com,Los Angeles
2227,User_2227,58,user2227@example.com,Houston
2228,User_2228,56,user2228@example.com,Phoenix
2229,User_2229,42,user2229@example.com,Houston
2230,User_2230,58,user2230@example.com,Houston
2231,User_2231,36,user2231@example.com,Chicago
2232,User_2232,64,user2232@example.com,Chicago
2233,User_2233,48,user2233@example.com,Los Angeles
2234,User_2234,32,user2234@example.com,Houston
2235,User_2235,63,user2235@example.com,Chicago
2236,User_2236,48,user2236@example.com,Chicago
2237,User_2237,41,user2237@example.com,Phoenix
2238,User_2238,18,user2238@example.com,Phoenix
2239,User_2239,61,user2239@example.com,New York
2240,User_2240,45,user2240@example.com,Houston
2241,User_2241,36,user2241@example.com,Chicago
2242,User_2242,54,user2242@example.com,Los Angeles
2243,User_2243,65,user2243@example.com,Chicago
2244,User_2244,65,user2244@example.com,Chicago
2245,User_2245,41,user2245@example.com,Phoenix
2246,User_2246,35,user2246@example.com,Phoenix
2247,User_2247,23,user2247@example.com,Houston
2248,User_2248,20,user2248@example.com,New York
2249,User_2249,60,user2249@example.com,Chicago
2250,User_2250,30,user2250@example.com,New York
2251,User_2251,24,user2251@example.com,Houston
2252,User_2252,64,user2252@example.com,Los Angeles
2253,User_2253,65,user2253@example.com,Phoenix
2254,User_2254,30,user2254@example.com,Los Angeles
2255,User_2255,47,user2255@example.com,Houston
2256,User_2256,35,user2256@example.com,Houston
2257,User_2257,40,user2257@example.com,New York
2258,User_2258,53,user2258@example.com,Houston
2259,User_2259,34,user2259@example.com,Houston
2260,User_2260,39,user2260@example.com,Houston
2261,User_2261,38,user2261@example.com,Los Angeles
2262,User_2262,57,user2262@example.com,Phoenix
2263,User_2263,52,user2263@example.com,Chicago
2264,User_2264,26,user2264@example.com,Houston
2265,User_2265,64,user2265@example.com,Phoenix
2266,User_2266,65,user2266@example.com,Chicago
2267,User_2267,24,user2267@example.com,Phoenix
2268,User_2268,54,user2268@example.com,Houston
2269,User_2269,54,user2269@example.com,Chicago
2270,User_2270,23,user2270@example.com,Los Angeles
2271,User_2271,47,user2271@example.com,New York
2272,User_2272,18,user2272@example.com,Houston
2273,User_2273,54,user2273@example.com,Los Angeles
2274,User_2274,31,user2274@example.com,New York
2275,User_2275,29,user2275@example.com,Los Angeles
2276,User_2276,37,user2276@example.com,Houston
2277,User_2277,42,user2277@example.com,Los Angeles
2278,User_2278,50,user2278@example.com,Houston
2279,User_2279,52,user2279@example.com,Phoenix
2280,User_2280,63,user2280@example.com,New York
2281,User_2281,28,user2281@example.com,Houston
2282,User_2282,21,user2282@example.com,Houston
2283,User_2283,62,user2283@example.com,Houston
2284,User_2284,30,user2284@example.com,Houston
2285,User_2285,51,user2285@example.com,Chicago
2286,User_2286,63,user2286@example.com,Chicago
2287,User_2287,46,user2287@example.com,Chicago
2288,User_2288,33,user2288@example.com,Phoenix
2289,User_2289,32,user2289@example.com,Los Angeles
2290,User_2290,45,user2290@example.com,New York
2291,User_2291,43,user2291@example.com,New York
2292,User_2292,21,user2292@example.com,Phoenix
2293,User_2293,55,user2293@example.com,Los Angeles
2294,User_2294,44,user2294@example.com,Chicago
2295,User_2295,23,user2295@example.com,New York
2296,User_2296,19,user2296@example.com,Chicago
2297,User_2297,19,user2297@example.com,Phoenix
2298,User_2298,44,user2298@example.com,Houston
2299,User_2299,40,user2299@example.com,Houston
2300,User_2300,30,user2300@example.com,New York
2301,User_2301,45,user2301@example.com,Los Angeles
2302,User_2302,51,user2302@example.com,Chicago
2303,User_2303,50,user2303@example.com,Houston
2304,User_2304,51,user2304@example.com,New York
2305,User_2305,18,user2305@example.com,Los Angeles
2306,User_2306,47,user2306@example.com,Chicago
2307,User_2307,28,user2307@example.com,Houston
2308,User_2308,29,user2308@example.com,Chicago
2309,User_2309,56,user2309@example.com,New York
2310,User_2310,19,user2310@example.com,Phoenix
2311,User_2311,40,user2311@example.com,Houston
2312,User_2312,35,user2312@example.com,Chicago
2313,User_2313,46,user2313@example.com,Phoenix
2314,User_2314,46,user2314@example.com,Los Angeles
2315,User_2315,27,user2315@example.com,Chicago
2316,User_2316,63,user2316@example.com,Chicago
2317,User_2317,35,user2317@example.com,Chicago
2318,User_2318,49,user2318@example.com,Chicago
2319,User_2319,23,user2319@example.com,Houston
2320,User_2320,65,user2320@example.com,New York
2321,User_2321,41,user2321@example.com,Chicago
2322,User_2322,53,user2322@example.com,Los Angeles
2323,User_2323,44,user2323@example.com,New York
2324,User_2324,41,user2324@example.com,Chicago
2325,User_2325,26,user2325@example.com,Los Angeles
2326,User_2326,19,user2326@example.com,Chicago
2327,User_2327,26,user2327@example.com,New York
2328,User_2328,40,user2328@example.com,Phoenix
2329,User_2329,40,user2329@example.com,Chicago
2330,User_2330,34,user2330@example.com,New York
2331,User_2331,36,user2331@example.com,Los Angeles
2332,User_2332,20,user2332@example.com,New York
2333,User_2333,55,user2333@example.com,Houston
2334,User_2334,51,user2334@example.com,Houston
2335,User_2335,53,user2335@example.com,Los Angeles
2336,User_2336,22,user2336@example.com,Houston
2337,User_2337,53,user2337@example.com,Houston
2338,User_2338,34,user2338@example.com,New York
2339,User_2339,65,user2339@example.com,Houston
2340,User_2340,34,user2340@example.com,Los Angeles
2341,User_2341,18,user2341@example.com,Phoenix
2342,User_2342,20,user2342@example.com,Houston
2343,User_2343,34,user2343@example.com,New York
2344,User_2344,59,user2344@example.com,New York
2345,User_2345,32,user2345@example.com,New York
2346,User_2346,29,user2346@example.com,Houston
2347,User_2347,45,user2347@example.com,Houston
2348,User_2348,21,user2348@example.com,Phoenix
2349,User_2349,44,user2349@example.com,New York
2350,User_2350,59,user2350@example.com,Phoenix
2351,User_2351,65,user2351@example.com,New York
2352,User_2352,24,user2352@example.com,Houston
2353,User_2353,20,user2353@example.com,Phoenix
2354,User_2354,52,user2354@example.com,Houston
2355,User_2355,39,user2355@example.com,Los Angeles
2356,User_2356,57,user2356@example.com,New York
2357,User_2357,43,user2357@example.com,New York
2358,User_2358,50,user2358@example.com,New York
2359,User_2359,25,user2359@example.com,Houston
2360,User_2360,57,user2360@example.com,New York
2361,User_2361,26,user2361@example.com,New York
2362,User_2362,56,user2362@example.com,Houston
2363,User_2363,40,user2363@example.com,Houston
2364,User_2364,38,user2364@example.com,New York
2365,User_2365,36,user2365@example.com,New York
2366,User_2366,23,user2366@example.com,Chicago
2367,User_2367,23,user2367@example.com,Los Angeles
2368,User_2368,53,user2368@example.com,Houston
2369,User_2369,49,user2369@example.com,Los Angeles
2370,User_2370,31,user2370@example.com,Houston
2371,User_2371,48,user2371@example.com,New York
2372,User_2372,40,user2372@example.com,New York
2373,User_2373,65,user2373@example.com,New York
2374,User_2374,54,user2374@example.com,New York
2375,User_2375,39,user2375@example.com,Chicago
2376,User_2376,39,user2376@example.com,Chicago
2377,User_2377,47,user2377@example.com,Los Angeles
2378,User_2378,28,user2378@example.com,Los Angeles
2379,User_2379,52,user2379@example.com,Houston
2380,User_2380,42,user2380@example.com,Los Angeles
2381,User_2381,60,user2381@example.com,Los Angeles
2382,User_2382,31,user2382@example.com,Phoenix
2383,User_2383,28,user2383@example.com,Phoenix
2384,User_2384,64,user2384@example.com,Houston
2385,User_2385,65,user2385@example.com,Houston
2386,User_2386,59,user2386@example.com,Phoenix
2387,User_2387,52,user2387@example.com,New York
2388,User_2388,23,user2388@example.com,Houston
2389,User_2389,33,user2389@example.com,New York
2390,User_2390,40,user2390@example.com,Los Angeles
2391,User_2391,40,user2391@example.com,Phoenix
2392,User_2392,30,user2392@example.com,Phoenix
2393,User_2393,33,user2393@example.com,Los Angeles
2394,User_2394,28,user2394@example.com,Chicago
2395,User_2395,43,user2395@example.com,Houston
2396,User_2396,64,user2396@example.com,Los Angeles
2397,User_2397,44,user2397@example.com,Los Angeles
2398,User_2398,31,user2398@example.com,New York
2399,User_2399,53,user2399@example.com,Phoenix
2400,User_2400,34,user2400@example.com,Phoenix
2401,User_2401,49,user2401@example.com,Phoenix
2402,User_2402,25,user2402@example.com,Houston
2403,User_2403,55,user2403@example.com,Los Angeles
2404,User_2404,40,user2404@example.com,Phoenix
2405,User_2405,38,user2405@example.com,Los Angeles
2406,User_2406,36,user2406@example.com,New York
2407,User_2407,40,user2407@example.com,Houston
2408,User_2408,18,user2408@example.com,Houston
2409,User_2409,21,user2409@example.com,Chicago
2410,User_2410,39,user2410@example.com,Phoenix
2411,User_2411,55,user2411@example.com,Houston
2412,User_2412,49,user2412@example.com,Los Angeles
2413,User_2413,30,user2413@example.com,Phoenix
2414,User_2414,34,user2414@example.com,Los Angeles
2415,User_2415,28,user2415@example.com,New York
2416,User_2416,37,user2416@example.com,Phoenix
2417,User_2417,42,user2417@example.com,Houston
2418,User_2418,60,user2418@example.com,Phoenix
2419,User_2419,48,user2419@example.com,Houston
2420,User_2420,37,user2420@example.com,Los Angeles
2421,User_2421,53,user2421@example.com,Los Angeles
2422,User_2422,62,user2422@example.com,Houston
2423,User_2423,60,user2423@example.com,New York
2424,User_2424,36,user2424@example.com,Phoenix
2425,User_2425,44,user2425@example.com,Chicago
2426,User_2426,52,user2426@example.com,Chicago
2427,User_2427,43,user2427@example.com,Chicago
2428,User_2428,59,user2428@example.com,Los Angeles
2429,User_2429,64,user2429@example.com,Chicago
2430,User_2430,44,user2430@example.com,New York
2431,User_2431,37,user2431@example.com,Houston
2432,User_2432,33,user2432@example.com,Chicago
2433,User_2433,28,user2433@example.com,Houston
2434,User_2434,38,user2434@example.com,Houston
2435,User_2435,56,user2435@example.com,Phoenix
2436,User_2436,60,user2436@example.com,Los Angeles
2437,User_2437,37,user2437@example.com,Los Angeles
2438,User_2438,30,user2438@example.com,Houston
2439,User_2439,60,user2439@example.com,Houston
2440,User_2440,56,user2440@example.com,Los Angeles
2441,User_2441,56,user2441@example.com,Phoenix
2442,User_2442,49,user2442@example.com,Houston
2443,User_2443,49,user2443@example.com,Los Angeles
2444,User_2444,50,user2444@example.com,Los Angeles
2445,User_2445,33,user2445@example.com,Houston
2446,User_2446,65,user2446@example.com,Chicago
2447,User_2447,28,user2447@example.com,Chicago
2448,User_2448,21,user2448@example.com,Los Angeles
2449,User_2449,37,user2449@example.com,Chicago
2450,User_2450,42,user2450@example.com,Houston
2451,User_2451,60,user2451@example.com,Houston
2452,User_2452,55,user2452@example.com,Los Angeles
2453,User_2453,62,user2453@example.com,Houston
2454,User_2454,63,user2454@example.com,Chicago
2455,User_2455,29,user2455@example.com,Los Angeles
2456,User_2456,21,user2456@example.com,Phoenix
2457,User_2457,51,user2457@example.com,New York
2458,User_2458,41,user2458@example.com,Chicago
2459,User_2459,55,user2459@example.com,New York
2460,User_2460,56,user2460@example.com,Phoenix
2461,User_2461,61,user2461@example.com,Houston
2462,User_2462,31,user2462@example.com,New York
2463,User_2463,54,user2463@example.com,Houston
2464,User_2464,45,user2464@example.com,New York
2465,User_2465,38,user2465@example.com,New York
2466,User_2466,43,user2466@example.com,Los Angeles
2467,User_2467,22,user2467@example.com,Chicago
2468,User_2468,27,user2468@example.com,Chicago
2469,User_2469,53,user2469@example.com,Houston
2470,User_2470,31,user2470@example.com,New York
2471,User_2471,23,user2471@example.com,Phoenix
2472,User_2472,51,user2472@example.com,Chicago
2473,User_2473,48,user2473@example.com,Los Angeles
2474,User_2474,63,user2474@example.com,Houston
2475,User_2475,65,user2475@example.com,New York
2476,User_2476,41,user2476@example.com,Chicago
2477,User_2477,55,user2477@example.com,Chicago
2478,User_2478,51,user2478@example.com,Houston
2479,User_2479,39,user2479@example.com,Houston
2480,User_2480,21,user2480@example.com,Chicago
2481,User_2481,24,user2481@example.com,Los Angeles
2482,User_2482,44,user2482@example.com,Chicago
2483,User_2483,54,user2483@example.com,Los Angeles
2484,User_2484,41,user2484@example.com,Phoenix
2485,User_2485,61,user2485@example.com,New York
2486,User_2486,33,user2486@example.com,Houston
2487,User_2487,43,user2487@example.com,Phoenix
2488,User_2488,58,user2488@example.com,Los Angeles
2489,User_2489,47,user2489@example.com,Los Angeles
2490,User_2490,65,user2490@example.com,Los Angeles
2491,User_2491,21,user2491@example.com,Houston
2492,User_2492,47,user2492@example.com,Los Angeles
2493,User_2493,53,user2493@example.com,Los Angeles
2494,User_2494,56,user2494@example.com,Los Angeles
2495,User_2495,57,user2495@example.com,Phoenix
2496,User_2496,27,user2496@example.com,Phoenix
2497,User_2497,20,user2497@example.com,Houston
2498,User_2498,19,user2498@example.com,Phoenix
2499,User_2499,62,user2499@example.com,Chicago
2500,User_2500,46,user2500@example.com,Houston
2501,User_2501,25,user2501@example.com,New York
2502,User_2502,24,user2502@example.com,New York
2503,User_2503,36,user2503@example.com,Houston
2504,User_2504,39,user2504@example.com,Phoenix
2505,User_2505,64,user2505@example.com,Los Angeles
2506,User_2506,63,user2506@example.com,New York
2507,User_2507,22,user2507@example.com,Houston
2508,User_2508,65,user2508@example.com,New York
2509,User_2509,26,user2509@example.com,Houston
2510,User_2510,34,user2510@example.com,Chicago
2511,User_2511,28,user2511@example.com,Phoenix
2512,User_2512,48,user2512@example.com,Houston
2513,User_2513,50,user2513@example.com,Houston
2514,User_2514,27,user2514@example.com,Phoenix
2515,User_2515,26,user2515@example.com,New York
2516,User_2516,27,user2516@example.com,New York
2517,User_2517,37,user2517@example.com,Chicago
2518,User_2518,41,user2518@example.com,Phoenix
2519,User_2519,42,user2519@example.com,Phoenix
2520,User_2520,56,user2520@example.com,Chicago
2521,User_2521,21,user2521@example.com,Houston
2522,User_2522,34,user2522@example.com,Phoenix
2523,User_2523,23,user2523@example.com,Los Angeles
2524,User_2524,65,user2524@example.com,Los Angeles
2525,User_2525,49,user2525@example.com,Phoenix
2526,User_2526,27,user2526@example.com,Los Angeles
2527,User_2527,42,user2527@example.com,Houston
2528,User_2528,21,user2528@example.com,Houston
2529,User_2529,57,user2529@example.com,Houston
2530,User_2530,23,user2530@example.com,Los Angeles
2531,User_2531,60,user2531@example.com,Phoenix
2532,User_2532,23,user2532@example.com,Houston
2533,User_2533,59,user2533@example.com,Los Angeles
2534,User_2534,37,user2534@example.com,New York
2535,User_2535,27,user2535@example.com,New York
2536,User_2536,27,user2536@example.com,Phoenix
2537,User_2537,35,user2537@example.com,Los Angeles
2538,User_2538,32,user2538@example.com,Chicago
2539,User_2539,29,user2539@example.com,Chicago
2540,User_2540,20,user2540@example.com,Houston
2541,User_2541,52,user2541@example.com,Houston
2542,User_2542,33,user2542@example.com,Phoenix
2543,User_2543,35,user2543@example.com,Houston
2544,User_2544,53,user2544@example.com,Los Angeles
2545,User_2545,52,user2545@example.com,Phoenix
2546,User_2546,34,user2546@example.com,Phoenix
2547,User_2547,57,user2547@example.com,Phoenix
2548,User_2548,29,user2548@example.com,New York
2549,User_2549,61,user2549@example.com,New York
2550,User_2550,40,user2550@example.com,Los Angeles
2551,User_2551,26,user2551@example.com,Phoenix
2552,User_2552,61,user2552@example.com,Houston
2553,User_2553,42,user2553@example.com,Houston
2554,User_2554,64,user2554@example.com,Houston
2555,User_2555,24,user2555@example.com,Houston
2556,User_2556,60,user2556@example.com,Los Angeles
2557,User_2557,53,user2557@example.com,Chicago
2558,User_2558,28,user2558@example.com,Los Angeles
2559,User_2559,20,user2559@example.com,Los Angeles
2560,User_2560,26,user2560@example.com,Phoenix
2561,User_2561,36,user2561@example.com,Houston
2562,User_2562,21,user2562@example.com,New York
2563,User_2563,64,user2563@example.com,New York
2564,User_2564,24,user2564@example.com,Phoenix
2565,User_2565,61,user2565@example.com,New York
2566,User_2566,43,user2566@example.com,Chicago
2567,User_2567,38,user2567@example.com,Los Angeles
2568,User_2568,59,user2568@example.com,New York
2569,User_2569,26,user2569@example.com,New York
2570,User_2570,45,user2570@example.com,Phoenix
2571,User_2571,31,user2571@example.com,New York
2572,User_2572,60,user2572@example.com,Phoenix
2573,User_2573,54,user2573@example.com,Houston
2574,User_2574,31,user2574@example.com,Phoenix
2575,User_2575,49,user2575@example.com,Chicago
2576,User_2576,62,user2576@example.com,Houston
2577,User_2577,44,user2577@example.com,Los Angeles
2578,User_2578,24,user2578@example.com,Chicago
2579,User_2579,38,user2579@example.com,Los Angeles
2580,User_2580,45,user2580@example.com,Phoenix
2581,User_2581,51,user2581@example.com,Phoenix
2582,User_2582,29,user2582@example.com,Phoenix
2583,User_2583,24,user2583@example.com,Chicago
2584,User_2584,58,user2584@example.com,Los Angeles
2585,User_2585,33,user2585@example.com,New York
2586,User_2586,23,user2586@example.com,Chicago
2587,User_2587,39,user2587@example.com,Los Angeles
2588,User_2588,58,user2588@example.com,Chicago
2589,User_2589,44,user2589@example.com,Chicago
2590,User_2590,33,user2590@example.com,Chicago
2591,User_2591,62,user2591@example.com,Chicago
2592,User_2592,44,user2592@example.com,Chicago
2593,User_2593,25,user2593@example.com,Phoenix
2594,User_2594,39,user2594@example.com,New York
2595,User_2595,62,user2595@example.com,Houston
2596,User_2596,48,user2596@example.com,New York
2597,User_2597,48,user2597@example.com,Chicago
2598,User_2598,30,user2598@example.com,Houston
2599,User_2599,43,user2599@example.com,Houston
2600,User_2600,21,user2600@example.com,Los Angeles
2601,User_2601,20,user2601@example.com,Phoenix
2602,User_2602,34,user2602@example.com,Chicago
2603,User_2603,59,user2603@example.com,Houston
2604,User_2604,54,user2604@example.com,Phoenix
2605,User_2605,45,user2605@example.com,New York
2606,User_2606,33,user2606@example.com,Houston
2607,User_2607,34,user2607@example.com,Houston
2608,User_2608,36,user2608@example.com,Houston
2609,User_2609,64,user2609@example.com,Chicago
2610,User_2610,49,user2610@example.com,Phoenix
2611,User_2611,62,user2611@example.com,Los Angeles
2612,User_2612,56,user2612@example.com,New York
2613,User_2613,54,user2613@example.com,New York
2614,User_2614,30,user2614@example.com,Los Angeles
2615,User_2615,38,user2615@example.com,Phoenix
2616,User_2616,33,user2616@example.com,Chicago
2617,User_2617,24,user2617@example.com,New York
2618,User_2618,35,user2618@example.com,Los Angeles
2619,User_2619,50,user2619@example.com,Houston
2620,User_2620,24,user2620@example.com,New York
2621,User_2621,30,user2621@example.com,Phoenix
2622,User_2622,28,user2622@example.com,Houston
2623,User_2623,57,user2623@example.com,Chicago
2624,User_2624,59,user2624@example.com,Phoenix
2625,User_2625,54,user2625@example.com,Chicago
2626,User_2626,58,user2626@example.com,Houston
2627,User_2627,60,user2627@example.com,Chicago
2628,User_2628,22,user2628@example.com,Houston
2629,User_2629,34,user2629@example.com,Houston
2630,User_2630,64,user2630@example.com,Houston
2631,User_2631,19,user2631@example.com,New York
2632,User_2632,62,user2632@example.com,New York
2633,User_2633,59,user2633@example.com,Chicago
2634,User_2634,39,user2634@example.com,Chicago
2635,User_2635,54,user2635@example.com,Los Angeles
2636,User_2636,32,user2636@example.com,Phoenix
2637,User_2637,56,user2637@example.com,Chicago
2638,User_2638,39,user2638@example.com,Phoenix
2639,User_2639,65,user2639@example.com,Phoenix
2640,User_2640,34,user2640@example.com,Phoenix
2641,User_2641,65,user2641@example.com,Phoenix
2642,User_2642,37,user2642@example.com,New York
2643,User_2643,50,user2643@example.com,Chicago
2644,User_2644,55,user2644@example.com,Phoenix
2645,User_2645,58,user2645@example.com,Phoenix
2646,User_2646,25,user2646@example.com,New York
2647,User_2647,35,user2647@example.com,New York
2648,User_2648,63,user2648@example.com,New York
2649,User_2649,28,user2649@example.com,New York
2650,User_2650,21,user2650@example.com,Houston
2651,User_2651,26,user2651@example.com,Chicago
2652,User_2652,33,user2652@example.com,Houston
2653,User_2653,25,user2653@example.com,Houston
2654,User_2654,33,user2654@example.com,New York
2655,User_2655,57,user2655@example.com,Chicago
2656,User_2656,49,user2656@example.com,Chicago
2657,User_2657,47,user2657@example.com,New York
2658,User_2658,63,user2658@example.com,Phoenix
2659,User_2659,19,user2659@example.com,New York
2660,User_2660,49,user2660@example.com,Houston
2661,User_2661,46,user2661@example.com,Phoenix
2662,User_2662,18,user2662@example.com,New York
2663,User_2663,19,user2663@example.com,Los Angeles
2664,User_2664,43,user2664@example.com,Los Angeles
2665,User_2665,59,user2665@example.com,Phoenix
2666,User_2666,52,user2666@example.com,Phoenix
2667,User_2667,65,user2667@example.com,Chicago
2668,User_2668,24,user2668@example.com,Phoenix
2669,User_2669,65,user2669@example.com,Houston
2670,User_2670,32,user2670@example.com,Phoenix
2671,User_2671,42,user2671@example.com,Phoenix
2672,User_2672,56,user2672@example.com,Los Angeles
2673,User_2673,35,user2673@example.com,Chicago
2674,User_2674,36,user2674@example.com,New York
2675,User_2675,53,user2675@example.com,Los Angeles
2676,User_2676,39,user2676@example.com,Chicago
2677,User_2677,45,user2677@example.com,Chicago
2678,User_2678,38,user2678@example.com,Los Angeles
2679,User_2679,55,user2679@example.com,Phoenix
2680,User_2680,49,user2680@example.com,Chicago
2681,User_2681,23,user2681@example.com,Los Angeles
2682,User_2682,44,user2682@example.com,Houston
2683,User_2683,43,user2683@example.com,Houston
2684,User_2684,59,user2684@example.com,New York
2685,User_2685,29,user2685@example.com,Chicago
2686,User_2686,49,user2686@example.com,New York
2687,User_2687,34,user2687@example.com,Houston
2688,User_2688,19,user2688@example.com,Houston
2689,User_2689,59,user2689@example.com,Los Angeles
2690,User_2690,41,user2690@example.com,New York
2691,User_2691,65,user2691@example.com,Phoenix
2692,User_2692,44,user2692@example.com,Phoenix
2693,User_2693,65,user2693@example.com,Los Angeles
2694,User_2694,23,user2694@example.com,Los Angeles
2695,User_2695,46,user2695@example.com,Houston
2696,User_2696,41,user2696@example.com,New York
2697,User_2697,31,user2697@example.com,Houston
2698,User_2698,43,user2698@example.com,New York
2699,User_2699,53,user2699@example.com,Houston
2700,User_2700,26,user2700@example.com,Chicago
2701,User_2701,63,user2701@example.com,Houston
2702,User_2702,64,user2702@example.com,Phoenix
2703,User_2703,45,user2703@example.com,Houston
2704,User_2704,50,user2704@example.com,Chicago
2705,User_2705,19,user2705@example.com,Houston
2706,User_2706,58,user2706@example.com,Phoenix
2707,User_2707,33,user2707@example.com,New York
2708,User_2708,33,user2708@example.com,Los Angeles
2709,User_2709,28,user2709@example.com,Phoenix
2710,User_2710,47,user2710@example.com,Chicago
2711,User_2711,56,user2711@example.com,New York
2712,User_2712,55,user2712@example.com,New York
2713,User_2713,22,user2713@example.com,Chicago
2714,User_2714,64,user2714@example.com,New York
2715,User_2715,52,user2715@example.com,Houston
2716,User_2716,30,user2716@example.com,Chicago
2717,User_2717,42,user2717@example.com,Houston
2718,User_2718,37,user2718@example.com,New York
2719,User_2719,59,user2719@example.com,Phoenix
2720,User_2720,32,user2720@example.com,Chicago
2721,User_2721,53,user2721@example.com,Chicago
2722,User_2722,30,user2722@example.com,Houston
2723,User_2723,49,user2723@example.com,Houston
2724,User_2724,52,user2724@example.com,Los Angeles
2725,User_2725,24,user2725@example.com,Houston
2726,User_2726,34,user2726@example.com,Los Angeles
2727,User_2727,54,user2727@example.com,Chicago
2728,User_2728,39,user2728@example.com,Phoenix
2729,User_2729,20,user2729@example.com,Los Angeles
2730,User_2730,65,user2730@example.com,Los Angeles
2731,User_2731,58,user2731@example.com,Los Angeles
2732,User_2732,29,user2732@example.com,Houston
2733,User_2733,40,user2733@example.com,Los Angeles
2734,User_2734,19,user2734@example.com,Phoenix
2735,User_2735,60,user2735@example.com,Los Angeles
2736,User_2736,63,user2736@example.com,Chicago
2737,User_2737,46,user2737@example.com,Phoenix
2738,User_2738,40,user2738@example.com,Los Angeles
2739,User_2739,38,user2739@example.com,Chicago
2740,User_2740,23,user2740@example.com,New York
2741,User_2741,24,user2741@example.com,Phoenix
2742,User_2742,51,user2742@example.com,Houston
2743,User_2743,55,user2743@example.com,New York
2744,User_2744,20,user2744@example.com,Chicago
2745,User_2745,55,user2745@example.com,Los Angeles
2746,User_2746,48,user2746@example.com,New York
2747,User_2747,32,user2747@example.com,Chicago
2748,User_2748,51,user2748@example.com,Phoenix
2749,User_2749,33,user2749@example.com,Chicago
2750,User_2750,31,user2750@example.com,New York
2751,User_2751,65,user2751@example.com,Chicago
2752,User_2752,57,user2752@example.com,Phoenix
2753,User_2753,65,user2753@example.com,Houston
2754,User_2754,41,user2754@example.com,Los Angeles
2755,User_2755,54,user2755@example.com,Chicago
2756,User_2756,45,user2756@example.com,Los Angeles
2757,User_2757,23,user2757@example.com,Chicago
2758,User_2758,53,user2758@example.com,Los Angeles
2759,User_2759,62,user2759@example.com,Houston
2760,User_2760,24,user2760@example.com,Chicago
2761,User_2761,30,user2761@example.com,Chicago
2762,User_2762,23,user2762@example.com,Phoenix
2763,User_2763,35,user2763@example.com,Chicago
2764,User_2764,35,user2764@example.com,Houston
2765,User_2765,50,user2765@example.com,Los Angeles
2766,User_2766,59,user2766@example.com,Houston
2767,User_2767,25,user2767@example.com,Houston
2768,User_2768,26,user2768@example.com,Los Angeles
2769,User_2769,32,user2769@example.com,New York
2770,User_2770,63,user2770@example.com,Houston
2771,User_2771,19,user2771@example.com,Los Angeles
2772,User_2772,40,user2772@example.com,Los Angeles
2773,User_2773,47,user2773@example.com,Chicago
2774,User_2774,65,user2774@example.com,Chicago
2775,User_2775,31,user2775@example.com,New York
2776,User_2776,41,user2776@example.com,Phoenix
2777,User_2777,49,user2777@example.com,Chicago
2778,User_2778,54,user2778@example.com,Houston
2779,User_2779,35,user2779@example.com,Houston
2780,User_2780,19,user2780@example.com,New York
2781,User_2781,24,user2781@example.com,Chicago
2782,User_2782,24,user2782@example.com,New York
2783,User_2783,21,user2783@example.com,Houston
2784,User_2784,55,user2784@example.com,New York
2785,User_2785,64,user2785@example.com,Los Angeles
2786,User_2786,46,user2786@example.com,Houston
2787,User_2787,29,user2787@example.com,Phoenix
2788,User_2788,55,user2788@example.com,Chicago
2789,User_2789,51,user2789@example.com,Los Angeles
2790,User_2790,45,user2790@example.com,Houston
2791,User_2791,58,user2791@example.com,New York
2792,User_2792,23,user2792@example.com,Houston
2793,User_2793,18,user2793@example.com,Houston
2794,User_2794,52,user2794@example.com,Chicago
2795,User_2795,62,user2795@example.com,Chicago
2796,User_2796,37,user2796@example.com,Los Angeles
2797,User_2797,51,user2797@example.com,Los Angeles
2798,User_2798,18,user2798@example.com,Houston
2799,User_2799,61,user2799@example.com,New York
2800,User_2800,29,user2800@example.com,Los Angeles
2801,User_2801,51,user2801@example.com,Los Angeles
2802,User_2802,22,user2802@example.com,Phoenix
2803,User_2803,38,user2803@example.com,Chicago
2804,User_2804,34,user2804@example.com,Chicago
2805,User_2805,56,user2805@example.com,Los Angeles
2806,User_2806,57,user2806@example.com,Chicago
2807,User_2807,28,user2807@example.com,Phoenix
2808,User_2808,31,user2808@example.com,New York
2809,User_2809,38,user2809@example.com,Los Angeles
2810,User_2810,24,user2810@example.com,New York
2811,User_2811,30,user2811@example.com,Phoenix
2812,User_2812,44,user2812@example.com,Houston
2813,User_2813,46,user2813@example.com,New York
2814,User_2814,24,user2814@example.com,Chicago
2815,User_2815,46,user2815@example.com,Los Angeles
2816,User_2816,48,user2816@example.com,Los Angeles
2817,User_2817,39,user2817@example.com,New York
2818,User_2818,24,user2818@example.com,Houston
2819,User_2819,56,user2819@example.com,New York
2820,User_2820,36,user2820@example.com,Los Angeles
2821,User_2821,24,user2821@example.com,Chicago
2822,User_2822,55,user2822@example.com,Phoenix
2823,User_2823,30,user2823@example.com,Chicago
2824,User_2824,48,user2824@example.com,Phoenix
2825,User_2825,53,user2825@example.com,New York
2826,User_2826,19,user2826@example.com,Phoenix
2827,User_2827,56,user2827@example.com,New York
2828,User_2828,22,user2828@example.com,Houston
2829,User_2829,57,user2829@example.com,New York
2830,User_2830,18,user2830@example.com,Phoenix
2831,User_2831,53,user2831@example.com,Houston
2832,User_2832,32,user2832@example.com,Chicago
2833,User_2833,21,user2833@example.com,Phoenix
2834,User_2834,20,user2834@example.com,Houston
2835,User_2835,21,user2835@example.com,Phoenix
2836,User_2836,63,user2836@example.com,Chicago
2837,User_2837,42,user2837@example.com,Houston
2838,User_2838,55,user2838@example.com,New York
2839,User_2839,61,user2839@example.com,New York
2840,User_2840,54,user2840@example.com,Los Angeles
2841,User_2841,59,user2841@example.com,Los Angeles
2842,User_2842,27,user2842@example.com,Los Angeles
2843,User_2843,55,user2843@example.com,Houston
2844,User_2844,44,user2844@example.com,Chicago
2845,User_2845,65,user2845@example.com,Phoenix
2846,User_2846,30,user2846@example.com,Phoenix
2847,User_2847,20,user2847@example.com,Los Angeles
2848,User_2848,55,user2848@example.com,New York
2849,User_2849,54,user2849@example.com,Los Angeles
2850,User_2850,37,user2850@example.com,Los Angeles
2851,User_2851,40,user2851@example.com,Chicago
2852,User_2852,63,user2852@example.com,Houston
2853,User_2853,22,user2853@example.com,Houston
2854,User_2854,63,user2854@example.com,Houston
2855,User_2855,24,user2855@example.com,Houston
2856,User_2856,18,user2856@example.com,New York
2857,User_2857,26,user2857@example.com,Chicago
2858,User_2858,48,user2858@example.com,Houston
2859,User_2859,53,user2859@example.com,New York
2860,User_2860,38,user2860@example.com,Phoenix
2861,User_2861,65,user2861@example.com,New York
2862,User_2862,62,user2862@example.com,New York
2863,User_2863,57,user2863@example.com,New York
2864,User_2864,63,user2864@example.com,Phoenix
2865,User_2865,20,user2865@example.com,Los Angeles
2866,User_2866,33,user2866@example.com,Houston
2867,User_2867,47,user2867@example.com,Phoenix
2868,User_2868,22,user2868@example.com,New York
2869,User_2869,62,user2869@example.com,Chicago
2870,User_2870,36,user2870@example.com,Houston
2871,User_2871,20,user2871@example.com,Phoenix
2872,User_2872,58,user2872@example.com,Los Angeles
2873,User_2873,33,user2873@example.com,New York
2874,User_2874,38,user2874@example.com,Phoenix
2875,User_2875,41,user2875@example.com,Houston
2876,User_2876,20,user2876@example.com,Los Angeles
2877,User_2877,42,user2877@example.com,Houston
2878,User_2878,48,user2878@example.com,Chicago
2879,User_2879,19,user2879@example.com,Chicago
2880,User_2880,26,user2880@example.com,Houston
2881,User_2881,43,user2881@example.com,Phoenix
2882,User_2882,33,user2882@example.com,Chicago
2883,User_2883,47,user2883@example.com,Houston
2884,User_2884,62,user2884@example.com,Chicago
2885,User_2885,40,user2885@example.com,Houston
2886,User_2886,49,user2886@example.com,Chicago
2887,User_2887,57,user2887@example.com,New York
2888,User_2888,38,user2888@example.com,Los Angeles
2889,User_2889,65,user2889@example.com,Chicago
2890,User_2890,54,user2890@example.com,Los Angeles
2891,User_2891,47,user2891@example.com,Chicago
2892,User_2892,30,user2892@example.com,New York
2893,User_2893,24,user2893@example.com,New York
2894,User_2894,22,user2894@example.com,Los Angeles
2895,User_2895,35,user2895@example.com,New York
2896,User_2896,58,user2896@example.com,Chicago
2897,User_2897,55,user2897@example.com,Los Angeles
2898,User_2898,31,user2898@example.com,Phoenix
2899,User_2899,30,user2899@example.com,Phoenix
2900,User_2900,28,user2900@example.com,New York
2901,User_2901,19,user2901@example.com,Los Angeles
2902,User_2902,58,user2902@example.com,Phoenix
2903,User_2903,27,user2903@example.com,Los Angeles
2904,User_2904,25,user2904@example.com,New York
2905,User_2905,23,user2905@example.com,Los Angeles
2906,User_2906,20,user2906@example.com,Houston
2907,User_2907,49,user2907@example.com,Houston
2908,User_2908,60,user2908@example.com,New York
2909,User_2909,25,user2909@example.com,Phoenix
2910,User_2910,44,user2910@example.com,Los Angeles
2911,User_2911,45,user2911@example.com,Los Angeles
2912,User_2912,63,user2912@example.com,Los Angeles
2913,User_2913,50,user2913@example.com,Phoenix
2914,User_2914,33,user2914@example.com,Los Angeles
2915,User_2915,47,user2915@example.com,Los Angeles
2916,User_2916,54,user2916@example.com,Phoenix
2917,User_2917,37,user2917@example.com,Phoenix
2918,User_2918,39,user2918@example.com,Houston
2919,User_2919,47,user2919@example.com,Phoenix
2920,User_2920,29,user2920@example.com,New York
2921,User_2921,49,user2921@example.com,Chicago
2922,User_2922,41,user2922@example.com,Phoenix
2923,User_2923,20,user2923@example.com,Phoenix
2924,User_2924,44,user2924@example.com,New York
2925,User_2925,60,user2925@example.com,Los Angeles
2926,User_2926,64,user2926@example.com,Phoenix
2927,User_2927,31,user2927@example.com,Phoenix
2928,User_2928,28,user2928@example.com,Phoenix
2929,User_2929,51,user2929@example.com,Los Angeles
2930,User_2930,42,user2930@example.com,Phoenix
2931,User_2931,39,user2931@example.com,Phoenix
2932,User_2932,23,user2932@example.com,Los Angeles
2933,User_2933,37,user2933@example.com,Houston
2934,User_2934,36,user2934@example.com,Chicago
2935,User_2935,52,user2935@example.com,New York
2936,User_2936,26,user2936@example.com,New York
2937,User_2937,52,user2937@example.com,Phoenix
2938,User_2938,31,user2938@example.com,Los Angeles
2939,User_2939,46,user2939@example.com,Los Angeles
2940,User_2940,43,user2940@example.com,Los Angeles
2941,User_2941,49,user2941@example.com,New York
2942,User_2942,57,user2942@example.com,Phoenix
2943,User_2943,37,user2943@example.com,Los Angeles
2944,User_2944,40,user2944@example.com,Houston
2945,User_2945,54,user2945@example.com,Los Angeles
2946,User_2946,61,user2946@example.com,Phoenix
2947,User_2947,38,user2947@example.com,Houston
2948,User_2948,51,user2948@example.com,Chicago
2949,User_2949,25,user2949@example.com,Houston
2950,User_2950,29,user2950@example.com,Phoenix
2951,User_2951,36,user2951@example.com,Chicago
2952,User_2952,39,user2952@example.com,Los Angeles
2953,User_2953,25,user2953@example.com,Phoenix
2954,User_2954,24,user2954@example.com,New York
2955,User_2955,53,user2955@example.com,Phoenix
2956,User_2956,46,user2956@example.com,Los Angeles
2957,User_2957,39,user2957@example.com,Los Angeles
2958,User_2958,54,user2958@example.com,Phoenix
2959,User_2959,27,user2959@example.com,Phoenix
2960,User_2960,20,user2960@example.com,Phoenix
2961,User_2961,28,user2961@example.com,Phoenix
2962,User_2962,48,user2962@example.com,Phoenix
2963,User_2963,20,user2963@example.com,Phoenix
2964,User_2964,50,user2964@example.com,Houston
2965,User_2965,30,user2965@example.com,Phoenix
2966,User_2966,32,user2966@example.com,Phoenix
2967,User_2967,25,user2967@example.com,Phoenix
2968,User_2968,22,user2968@example.com,New York
2969,User_2969,51,user2969@example.com,Chicago
2970,User_2970,41,user2970@example.com,New York
2971,User_2971,30,user2971@example.com,Phoenix
2972,User_2972,40,user2972@example.com,Phoenix
2973,User_2973,36,user2973@example.com,Phoenix
2974,User_2974,49,user2974@example.com,Houston
2975,User_2975,39,user2975@example.com,Houston
2976,User_2976,38,user2976@example.com,Phoenix
2977,User_2977,48,user2977@example.com,New York
2978,User_2978,54,user2978@example.com,New York
2979,User_2979,52,user2979@example.com,Chicago
2980,User_2980,49,user2980@example.com,Los Angeles
2981,User_2981,62,user2981@example.com,Houston
2982,User_2982,60,user2982@example.com,New York
2983,User_2983,47,user2983@example.com,New York
2984,User_2984,49,user2984@example.com,New York
2985,User_2985,52,user2985@example.com,Chicago
2986,User_2986,62,user2986@example.com,New York
2987,User_2987,59,user2987@example.com,Chicago
2988,User_2988,36,user2988@example.com,Houston
2989,User_2989,50,user2989@example.com,Phoenix
2990,User_2990,62,user2990@example.com,Phoenix
2991,User_2991,31,user2991@example.com,Phoenix
2992,User_2992,36,user2992@example.com,Phoenix
2993,User_2993,52,user2993@example.com,Los Angeles
2994,User_2994,37,user2994@example.com,Phoenix
2995,User_2995,58,user2995@example.com,Chicago
2996,User_2996,51,user2996@example.com,New York
2997,User_2997,62,user2997@example.com,Houston
2998,User_2998,36,user2998@example.com,Phoenix
2999,User_2999,33,user2999@example.com,Houston
3000,User_3000,22,user3000@example.com,Houston
3001,User_3001,44,user3001@example.com,Phoenix
3002,User_3002,44,user3002@example.com,New York
3003,User_3003,51,user3003@example.com,Phoenix
3004,User_3004,53,user3004@example.com,Phoenix
3005,User_3005,58,user3005@example.com,Chicago
3006,User_3006,37,user3006@example.com,Los Angeles
3007,User_3007,32,user3007@example.com,Phoenix
3008,User_3008,60,user3008@example.com,Houston
3009,User_3009,22,user3009@example.com,Los Angeles
3010,User_3010,43,user3010@example.com,Phoenix
3011,User_3011,22,user3011@example.com,Chicago
3012,User_3012,57,user3012@example.com,New York
3013,User_3013,32,user3013@example.com,Los Angeles
3014,User_3014,22,user3014@example.com,Phoenix
3015,User_3015,50,user3015@example.com,Phoenix
3016,User_3016,23,user3016@example.com,New York
3017,User_3017,31,user3017@example.com,Houston
3018,User_3018,51,user3018@example.com,Los Angeles
3019,User_3019,41,user3019@example.com,New York
3020,User_3020,27,user3020@example.com,Houston
3021,User_3021,60,user3021@example.com,New York
3022,User_3022,21,user3022@example.com,Chicago
3023,User_3023,39,user3023@example.com,New York
3024,User_3024,36,user3024@example.com,New York
3025,User_3025,21,user3025@example.com,Houston
3026,User_3026,23,user3026@example.com,Phoenix
3027,User_3027,22,user3027@example.com,Los Angeles
3028,User_3028,53,user3028@example.com,Chicago
3029,User_3029,55,user3029@example.com,Houston
3030,User_3030,55,user3030@example.com,Houston
3031,User_3031,45,user3031@example.com,New York
3032,User_3032,61,user3032@example.com,Chicago
3033,User_3033,23,user3033@example.com,Chicago
3034,User_3034,33,user3034@example.com,Phoenix
3035,User_3035,52,user3035@example.com,New York
3036,User_3036,45,user3036@example.com,New York
3037,User_3037,40,user3037@example.com,Chicago
3038,User_3038,65,user3038@example.com,Los Angeles
3039,User_3039,62,user3039@example.com,Phoenix
3040,User_3040,20,user3040@example.com,Chicago
3041,User_3041,43,user3041@example.com,Los Angeles
3042,User_3042,26,user3042@example.com,Phoenix
3043,User_3043,53,user3043@example.com,Chicago
3044,User_3044,22,user3044@example.com,Chicago
3045,User_3045,25,user3045@example.com,Los Angeles
3046,User_3046,50,user3046@example.com,New York
3047,User_3047,47,user3047@example.com,Chicago
3048,User_3048,37,user3048@example.com,Chicago
3049,User_3049,46,user3049@example.com,Los Angeles
3050,User_3050,45,user3050@example.com,New York
3051,User_3051,52,user3051@example.com,Chicago
3052,User_3052,23,user3052@example.com,Houston
3053,User_3053,46,user3053@example.com,Chicago
3054,User_3054,58,user3054@example.com,Houston
3055,User_3055,52,user3055@example.com,New York
3056,User_3056,51,user3056@example.com,Chicago
3057,User_3057,47,user3057@example.com,Chicago
3058,User_3058,55,user3058@example.com,Los Angeles
3059,User_3059,58,user3059@example.com,Los Angeles
3060,User_3060,32,user3060@example.com,Houston
3061,User_3061,30,user3061@example.com,New York
3062,User_3062,49,user3062@example.com,Chicago
3063,User_3063,23,user3063@example.com,New York
3064,User_3064,48,user3064@example.com,Phoenix
3065,User_3065,46,user3065@example.com,New York
3066,User_3066,58,user3066@example.com,Los Angeles
3067,User_3067,63,user3067@example.com,Chicago
3068,User_3068,44,user3068@example.com,Houston
3069,User_3069,26,user3069@example.com,Chicago
3070,User_3070,42,user3070@example.com,Chicago
3071,User_3071,43,user3071@example.com,Houston
3072,User_3072,50,user3072@example.com,New York
3073,User_3073,59,user3073@example.com,Los Angeles
3074,User_3074,19,user3074@example.com,Los Angeles
3075,User_3075,62,user3075@example.com,Houston
3076,User_3076,37,user3076@example.com,New York
3077,User_3077,41,user3077@example.com,Los Angeles
3078,User_3078,18,user3078@example.com,Phoenix
3079,User_3079,63,user3079@example.com,New York
3080,User_3080,24,user3080@example.com,Los Angeles
3081,User_3081,51,user3081@example.com,Phoenix
3082,User_3082,58,user3082@example.com,Phoenix
3083,User_3083,18,user3083@example.com,New York
3084,User_3084,47,user3084@example.com,Houston
3085,User_3085,33,user3085@example.com,Houston
3086,User_3086,53,user3086@example.com,Houston
3087,User_3087,49,user3087@example.com,Chicago
3088,User_3088,44,user3088@example.com,Phoenix
3089,User_3089,27,user3089@example.com,Los Angeles
3090,User_3090,24,user3090@example.com,Houston
3091,User_3091,19,user3091@example.com,Phoenix
3092,User_3092,22,user3092@example.com,New York
3093,User_3093,57,user3093@example.com,Los Angeles
3094,User_3094,63,user3094@example.com,Phoenix
3095,User_3095,44,user3095@example.com,New York
3096,User_3096,51,user3096@example.com,Houston
3097,User_3097,35,user3097@example.com,Houston
3098,User_3098,44,user3098@example.com,Houston
3099,User_3099,45,user3099@example.com,Phoenix
3100,User_3100,28,user3100@example.com,New York
3101,User_3101,50,user3101@example.com,New York
3102,User_3102,50,user3102@example.com,Phoenix
3103,User_3103,28,user3103@example.com,Houston
3104,User_3104,31,user3104@example.com,Chicago
3105,User_3105,41,user3105@example.com,Houston
3106,User_3106,61,user3106@example.com,Chicago
3107,User_3107,60,user3107@example.com,Chicago
3108,User_3108,20,user3108@example.com,New York
3109,User_3109,48,user3109@example.com,New York
3110,User_3110,47,user3110@example.com,Phoenix
3111,User_3111,61,user3111@example.com,Houston
3112,User_3112,65,user3112@example.com,Houston
3113,User_3113,29,user3113@example.com,Los Angeles
3114,User_3114,38,user3114@example.com,Chicago
3115,User_3115,32,user3115@example.com,Los Angeles
3116,User_3116,29,user3116@example.com,Los Angeles
3117,User_3117,64,user3117@example.com,Phoenix
3118,User_3118,52,user3118@example.com,Phoenix
3119,User_3119,30,user3119@example.com,Houston
3120,User_3120,54,user3120@example.com,Houston
3121,User_3121,53,user3121@example.com,Houston
3122,User_3122,26,user3122@example.com,Houston
3123,User_3123,65,user3123@example.com,Phoenix
3124,User_3124,41,user3124@example.com,New York
3125,User_3125,42,user3125@example.com,Houston
3126,User_3126,61,user3126@example.com,Phoenix
3127,User_3127,31,user3127@example.com,Chicago
3128,User_3128,22,user3128@example.com,Phoenix
3129,User_3129,60,user3129@example.com,New York
3130,User_3130,50,user3130@example.com,New York
3131,User_3131,35,user3131@example.com,New York
3132,User_3132,42,user3132@example.com,Phoenix
3133,User_3133,64,user3133@example.com,Phoenix
3134,User_3134,47,user3134@example.com,Chicago
3135,User_3135,32,user3135@example.com,Los Angeles
3136,User_3136,65,user3136@example.com,Chicago
3137,User_3137,46,user3137@example.com,Phoenix
3138,User_3138,62,user3138@example.com,Houston
3139,User_3139,56,user3139@example.com,Houston
3140,User_3140,31,user3140@example.com,Chicago
3141,User_3141,22,user3141@example.com,New York
3142,User_3142,43,user3142@example.com,Chicago
3143,User_3143,26,user3143@example.com,Los Angeles
3144,User_3144,22,user3144@example.com,Houston
3145,User_3145,24,user3145@example.com,Houston
3146,User_3146,64,user3146@example.com,Los Angeles
3147,User_3147,58,user3147@example.com,Chicago
3148,User_3148,65,user3148@example.com,Chicago
3149,User_3149,49,user3149@example.com,Chicago
3150,User_3150,30,user3150@example.com,New York
3151,User_3151,58,user3151@example.com,Los Angeles
3152,User_3152,50,user3152@example.com,Los Angeles
3153,User_3153,63,user3153@example.com,Los Angeles
3154,User_3154,42,user3154@example.com,Houston
3155,User_3155,21,user3155@example.com,New York
3156,User_3156,38,user3156@example.com,Houston
3157,User_3157,56,user3157@example.com,Houston
3158,User_3158,48,user3158@example.com,Los Angeles
3159,User_3159,38,user3159@example.com,Chicago
3160,User_3160,64,user3160@example.com,New York
3161,User_3161,44,user3161@example.com,Los Angeles
3162,User_3162,22,user3162@example.com,Phoenix
3163,User_3163,48,user3163@example.com,Chicago
3164,User_3164,54,user3164@example.com,Los Angeles
3165,User_3165,26,user3165@example.com,New York
3166,User_3166,26,user3166@example.com,New York
3167,User_3167,35,user3167@example.com,Chicago
3168,User_3168,57,user3168@example.com,Phoenix
3169,User_3169,58,user3169@example.com,New York
3170,User_3170,59,user3170@example.com,Los Angeles
3171,User_3171,24,user3171@example.com,Phoenix
3172,User_3172,52,user3172@example.com,Phoenix
3173,User_3173,30,user3173@example.com,New York
3174,User_3174,34,user3174@example.com,Los Angeles
3175,User_3175,64,user3175@example.com,Chicago
3176,User_3176,62,user3176@example.com,Chicago
3177,User_3177,29,user3177@example.com,Phoenix
3178,User_3178,59,user3178@example.com,Los Angeles
3179,User_3179,64,user3179@example.com,Phoenix
3180,User_3180,47,user3180@example.com,Phoenix
3181,User_3181,37,user3181@example.com,Phoenix
3182,User_3182,62,user3182@example.com,Phoenix
3183,User_3183,57,user3183@example.com,Chicago
3184,User_3184,42,user3184@example.com,Chicago
3185,User_3185,45,user3185@example.com,Los Angeles
3186,User_3186,44,user3186@example.com,New York
3187,User_3187,46,user3187@example.com,Phoenix
3188,User_3188,44,user3188@example.com,Phoenix
3189,User_3189,20,user3189@example.com,Los Angeles
3190,User_3190,46,user3190@example.com,Los Angeles
3191,User_3191,21,user3191@example.com,New York
3192,User_3192,50,user3192@example.com,Los Angeles
3193,User_3193,37,user3193@example.com,Houston
3194,User_3194,31,user3194@example.com,Los Angeles
3195,User_3195,50,user3195@example.com,New York
3196,User_3196,33,user3196@example.com,New York
3197,User_3197,51,user3197@example.com,Phoenix
3198,User_3198,26,user3198@example.com,New York
3199,User_3199,60,user3199@example.com,Houston
3200,User_3200,51,user3200@example.com,Los Angeles
3201,User_3201,61,user3201@example.com,Houston
3202,User_3202,64,user3202@example.com,Los Angeles
3203,User_3203,20,user3203@example.com,New York
3204,User_3204,46,user3204@example.com,Chicago
3205,User_3205,39,user3205@example.com,Los Angeles
3206,User_3206,21,user3206@example.com,New York
3207,User_3207,27,user3207@example.com,New York
3208,User_3208,54,user3208@example.com,Los Angeles
3209,User_3209,39,user3209@example.com,Phoenix
3210,User_3210,22,user3210@example.com,Phoenix
3211,User_3211,30,user3211@example.com,Los Angeles
3212,User_3212,64,user3212@example.com,Chicago
3213,User_3213,29,user3213@example.com,Phoenix
3214,User_3214,32,user3214@example.com,Houston
3215,User_3215,51,user3215@example.com,New York
3216,User_3216,30,user3216@example.com,Houston
3217,User_3217,44,user3217@example.com,New York
3218,User_3218,28,user3218@example.com,Los Angeles
3219,User_3219,51,user3219@example.com,New York
3220,User_3220,38,user3220@example.com,Phoenix
3221,User_3221,34,user3221@example.com,New York
3222,User_3222,34,user3222@example.com,Los Angeles
3223,User_3223,48,user3223@example.com,Los Angeles
3224,User_3224,58,user3224@example.com,Chicago
3225,User_3225,18,user3225@example.com,Houston
3226,User_3226,44,user3226@example.com,Houston
3227,User_3227,30,user3227@example.com,Los Angeles
3228,User_3228,47,user3228@example.com,Houston
3229,User_3229,63,user3229@example.com,Chicago
3230,User_3230,65,user3230@example.com,Houston
3231,User_3231,48,user3231@example.com,Phoenix
3232,User_3232,21,user3232@example.com,New York
3233,User_3233,22,user3233@example.com,Los Angeles
3234,User_3234,22,user3234@example.com,Chicago
3235,User_3235,33,user3235@example.com,Phoenix
3236,User_3236,36,user3236@example.com,Phoenix
3237,User_3237,29,user3237@example.com,Los Angeles
3238,User_3238,35,user3238@example.com,Houston
3239,User_3239,27,user3239@example.com,Los Angeles
3240,User_3240,51,user3240@example.com,Houston
3241,User_3241,53,user3241@example.com,Phoenix
3242,User_3242,63,user3242@example.com,Phoenix
3243,User_3243,28,user3243@example.com,Houston
3244,User_3244,29,user3244@example.com,New York
3245,User_3245,44,user3245@example.com,Phoenix
3246,User_3246,63,user3246@example.com,Houston
3247,User_3247,30,user3247@example.com,New York
3248,User_3248,63,user3248@example.com,Los Angeles
3249,User_3249,29,user3249@example.com,Chicago
3250,User_3250,29,user3250@example.com,Chicago
3251,User_3251,52,user3251@example.com,Chicago
3252,User_3252,65,user3252@example.com,Chicago
3253,User_3253,30,user3253@example.com,Chicago
3254,User_3254,64,user3254@example.com,Chicago
3255,User_3255,63,user3255@example.com,Phoenix
3256,User_3256,34,user3256@example.com,Chicago
3257,User_3257,31,user3257@example.com,New York
3258,User_3258,41,user3258@example.com,Chicago
3259,User_3259,65,user3259@example.com,New York
3260,User_3260,35,user3260@example.com,Phoenix
3261,User_3261,24,user3261@example.com,Houston
3262,User_3262,59,user3262@example.com,New York
3263,User_3263,31,user3263@example.com,New York
3264,User_3264,54,user3264@example.com,Phoenix
3265,User_3265,28,user3265@example.com,Chicago
3266,User_3266,57,user3266@example.com,Houston
3267,User_3267,36,user3267@example.com,Los Angeles
3268,User_3268,58,user3268@example.com,Chicago
3269,User_3269,62,user3269@example.com,Chicago
3270,User_3270,56,user3270@example.com,Houston
3271,User_3271,34,user3271@example.com,Los Angeles
3272,User_3272,21,user3272@example.com,Houston
3273,User_3273,33,user3273@example.com,Houston
3274,User_3274,19,user3274@example.com,Chicago
3275,User_3275,35,user3275@example.com,Los Angeles
3276,User_3276,36,user3276@example.com,New York
3277,User_3277,44,user3277@example.com,Los Angeles
3278,User_3278,61,user3278@example.com,Chicago
3279,User_3279,21,user3279@example.com,Phoenix
3280,User_3280,63,user3280@example.com,Los Angeles
3281,User_3281,19,user3281@example.com,New York
3282,User_3282,23,user3282@example.com,Los Angeles
3283,User_3283,20,user3283@example.com,Chicago
3284,User_3284,42,user3284@example.com,Houston
3285,User_3285,21,user3285@example.com,New York
3286,User_3286,26,user3286@example.com,New York
3287,User_3287,19,user3287@example.com,Chicago
3288,User_3288,49,user3288@example.com,Los Angeles
3289,User_3289,24,user3289@example.com,New York
3290,User_3290,29,user3290@example.com,Houston
3291,User_3291,43,user3291@example.com,Phoenix
3292,User_3292,23,user3292@example.com,New York
3293,User_3293,54,user3293@example.com,Phoenix
3294,User_3294,60,user3294@example.com,Los Angeles
3295,User_3295,22,user3295@example.com,New York
3296,User_3296,20,user3296@example.com,Los Angeles
3297,User_3297,53,user3297@example.com,Los Angeles
3298,User_3298,38,user3298@example.com,Chicago
3299,User_3299,20,user3299@example.com,Los Angeles
3300,User_3300,50,user3300@example.com,Houston
3301,User_3301,19,user3301@example.com,Chicago
3302,User_3302,56,user3302@example.com,New York
3303,User_3303,24,user3303@example.com,Phoenix
3304,User_3304,41,user3304@example.com,Phoenix
3305,User_3305,19,user3305@example.com,Phoenix
3306,User_3306,23,user3306@example.com,Phoenix
3307,User_3307,55,user3307@example.com,Chicago
3308,User_3308,38,user3308@example.com,New York
3309,User_3309,35,user3309@example.com,Phoenix
3310,User_3310,59,user3310@example.com,New York
3311,User_3311,63,user3311@example.com,Phoenix
3312,User_3312,52,user3312@example.com,Phoenix
3313,User_3313,19,user3313@example.com,Chicago
3314,User_3314,27,user3314@example.com,Los Angeles
3315,User_3315,36,user3315@example.com,Los Angeles
3316,User_3316,43,user3316@example.com,Houston
3317,User_3317,51,user3317@example.com,Los Angeles
3318,User_3318,30,user3318@example.com,Phoenix
3319,User_3319,54,user3319@example.com,Houston
3320,User_3320,43,user3320@example.com,Chicago
3321,User_3321,33,user3321@example.com,Chicago
3322,User_3322,24,user3322@example.com,Chicago
3323,User_3323,36,user3323@example.com,Los Angeles
3324,User_3324,47,user3324@example.com,Los Angeles
3325,User_3325,36,user3325@example.com,Phoenix
3326,User_3326,45,user3326@example.com,Houston
3327,User_3327,42,user3327@example.com,Los Angeles
3328,User_3328,23,user3328@example.com,New York
3329,User_3329,50,user3329@example.com,Houston
3330,User_3330,40,user3330@example.com,New York
3331,User_3331,63,user3331@example.com,Los Angeles
3332,User_3332,40,user3332@example.com,Houston
3333,User_3333,29,user3333@example.com,Los Angeles
3334,User_3334,35,user3334@example.com,Houston
3335,User_3335,42,user3335@example.com,Chicago
3336,User_3336,18,user3336@example.com,Chicago
3337,User_3337,50,user3337@example.com,Houston
3338,User_3338,47,user3338@example.com,Phoenix
3339,User_3339,40,user3339@example.com,Chicago
3340,User_3340,28,user3340@example.com,New York
3341,User_3341,19,user3341@example.com,Phoenix
3342,User_3342,43,user3342@example.com,Los Angeles
3343,User_3343,46,user3343@example.com,Houston
3344,User_3344,32,user3344@example.com,Los Angeles
3345,User_3345,46,user3345@example.com,New York
3346,User_3346,33,user3346@example.com,New York
3347,User_3347,23,user3347@example.com,Phoenix
3348,User_3348,44,user3348@example.com,New York
3349,User_3349,30,user3349@example.com,New York
3350,User_3350,48,user3350@example.com,Chicago
3351,User_3351,38,user3351@example.com,Los Angeles
3352,User_3352,53,user3352@example.com,Houston
3353,User_3353,64,user3353@example.com,Chicago
3354,User_3354,31,user3354@example.com,Los Angeles
3355,User_3355,22,user3355@example.com,New York
3356,User_3356,46,user3356@example.com,Chicago
3357,User_3357,53,user3357@example.com,Chicago
3358,User_3358,46,user3358@example.com,Phoenix
3359,User_3359,43,user3359@example.com,Los Angeles
3360,User_3360,53,user3360@example.com,Houston
3361,User_3361,63,user3361@example.com,Houston
3362,User_3362,65,user3362@example.com,Chicago
3363,User_3363,35,user3363@example.com,Phoenix
3364,User_3364,48,user3364@example.com,Chicago
3365,User_3365,32,user3365@example.com,Los Angeles
3366,User_3366,45,user3366@example.com,Phoenix
3367,User_3367,62,user3367@example.com,Chicago
3368,User_3368,18,user3368@example.com,Chicago
3369,User_3369,41,user3369@example.com,Chicago
3370,User_3370,37,user3370@example.com,Phoenix
3371,User_3371,51,user3371@example.com,Houston
3372,User_3372,52,user3372@example.com,Houston
3373,User_3373,58,user3373@example.com,Houston
3374,User_3374,58,user3374@example.com,Chicago
3375,User_3375,51,user3375@example.com,Los Angeles
3376,User_3376,38,user3376@example.com,Phoenix
3377,User_3377,19,user3377@example.com,New York
3378,User_3378,38,user3378@example.com,Phoenix
3379,User_3379,33,user3379@example.com,Chicago
3380,User_3380,22,user3380@example.com,Phoenix
3381,User_3381,50,user3381@example.com,New York
3382,User_3382,52,user3382@example.com,New York
3383,User_3383,35,user3383@example.com,Houston
3384,User_3384,38,user3384@example.com,Phoenix
3385,User_3385,63,user3385@example.com,New York
3386,User_3386,63,user3386@example.com,Los Angeles
3387,User_3387,40,user3387@example.com,Phoenix
3388,User_3388,38,user3388@example.com,Houston
3389,User_3389,36,user3389@example.com,Houston
3390,User_3390,37,user3390@example.com,Chicago
3391,User_3391,53,user3391@example.com,Phoenix
3392,User_3392,49,user3392@example.com,Chicago
3393,User_3393,31,user3393@example.com,Phoenix
3394,User_3394,64,user3394@example.com,New York
3395,User_3395,41,user3395@example.com,New York
3396,User_3396,30,user3396@example.com,Phoenix
3397,User_3397,51,user3397@example.com,Chicago
3398,User_3398,27,user3398@example.com,Los Angeles
3399,User_3399,62,user3399@example.com,Phoenix
3400,User_3400,40,user3400@example.com,Los Angeles
3401,User_3401,18,user3401@example.com,Chicago
3402,User_3402,18,user3402@example.com,Houston
3403,User_3403,38,user3403@example.com,Phoenix
3404,User_3404,28,user3404@example.com,Houston
3405,User_3405,65,user3405@example.com,Houston
3406,User_3406,44,user3406@example.com,Chicago
3407,User_3407,18,user3407@example.com,Los Angeles
3408,User_3408,60,user3408@example.com,Los Angeles
3409,User_3409,41,user3409@example.com,Los Angeles
3410,User_3410,53,user3410@example.com,Los Angeles
3411,User_3411,47,user3411@example.com,Chicago
3412,User_3412,35,user3412@example.com,New York
3413,User_3413,40,user3413@example.com,Houston
3414,User_3414,27,user3414@example.com,Los Angeles
3415,User_3415,19,user3415@example.com,New York
3416,User_3416,26,user3416@example.com,Los Angeles
3417,User_3417,36,user3417@example.com,Chicago
3418,User_3418,61,user3418@example.com,Chicago
3419,User_3419,62,user3419@example.com,New York
3420,User_3420,57,user3420@example.com,Houston
3421,User_3421,32,user3421@example.com,Los Angeles
3422,User_3422,19,user3422@example.com,Los Angeles
3423,User_3423,41,user3423@example.com,Los Angeles
3424,User_3424,47,user3424@example.com,New York
3425,User_3425,62,user3425@example.com,Phoenix
3426,User_3426,28,user3426@example.com,Phoenix
3427,User_3427,61,user3427@example.com,Chicago
3428,User_3428,45,user3428@example.com,Chicago
3429,User_3429,24,user3429@example.com,Chicago
3430,User_3430,23,user3430@example.com,Los Angeles
3431,User_3431,51,user3431@example.com,Phoenix
3432,User_3432,26,user3432@example.com,Phoenix
3433,User_3433,20,user3433@example.com,Los Angeles
3434,User_3434,62,user3434@example.com,Phoenix
3435,User_3435,19,user3435@example.com,Los Angeles
3436,User_3436,48,user3436@example.com,New York
3437,User_3437,31,user3437@example.com,Chicago
3438,User_3438,33,user3438@example.com,Chicago
3439,User_3439,26,user3439@example.com,Phoenix
3440,User_3440,18,user3440@example.com,Chicago
3441,User_3441,37,user3441@example.com,Los Angeles
3442,User_3442,49,user3442@example.com,Los Angeles
3443,User_3443,63,user3443@example.com,Phoenix
3444,User_3444,41,user3444@example.com,New York
3445,User_3445,63,user3445@example.com,Houston
3446,User_3446,48,user3446@example.com,New York
3447,User_3447,44,user3447@example.com,Houston
3448,User_3448,39,user3448@example.com,Phoenix
3449,User_3449,41,user3449@example.com,New York
3450,User_3450,29,user3450@example.com,Chicago
3451,User_3451,29,user3451@example.com,Phoenix
3452,User_3452,47,user3452@example.com,New York
3453,User_3453,62,user3453@example.com,New York
3454,User_3454,60,user3454@example.com,New York
3455,User_3455,20,user3455@example.com,Phoenix
3456,User_3456,51,user3456@example.com,Houston
3457,User_3457,42,user3457@example.com,Los Angeles
3458,User_3458,18,user3458@example.com,Chicago
3459,User_3459,62,user3459@example.com,Phoenix
3460,User_3460,21,user3460@example.com,Los Angeles
3461,User_3461,57,user3461@example.com,Chicago
3462,User_3462,28,user3462@example.com,New York
3463,User_3463,57,user3463@example.com,Houston
3464,User_3464,29,user3464@example.com,Phoenix
3465,User_3465,23,user3465@example.com,Chicago
3466,User_3466,61,user3466@example.com,Phoenix
3467,User_3467,51,user3467@example.com,Houston
3468,User_3468,46,user3468@example.com,New York
3469,User_3469,44,user3469@example.com,New York
3470,User_3470,52,user3470@example.com,New York
3471,User_3471,48,user3471@example.com,Houston
3472,User_3472,47,user3472@example.com,Los Angeles
3473,User_3473,40,user3473@example.com,Chicago
3474,User_3474,25,user3474@example.com,Houston
3475,User_3475,44,user3475@example.com,New York
3476,User_3476,35,user3476@example.com,Chicago
3477,User_3477,28,user3477@example.com,Chicago
3478,User_3478,37,user3478@example.com,Houston
3479,User_3479,32,user3479@example.com,New York
3480,User_3480,56,user3480@example.com,Chicago
3481,User_3481,43,user3481@example.com,Los Angeles
3482,User_3482,56,user3482@example.com,Phoenix
3483,User_3483,38,user3483@example.com,Phoenix
3484,User_3484,65,user3484@example.com,New York
3485,User_3485,24,user3485@example.com,New York
3486,User_3486,34,user3486@example.com,Phoenix
3487,User_3487,65,user3487@example.com,Houston
3488,User_3488,51,user3488@example.com,Phoenix
3489,User_3489,45,user3489@example.com,Phoenix
3490,User_3490,62,user3490@example.com,Phoenix
3491,User_3491,47,user3491@example.com,New York
3492,User_3492,39,user3492@example.com,Los Angeles
3493,User_3493,44,user3493@example.com,Los Angeles
3494,User_3494,20,user3494@example.com,Chicago
3495,User_3495,29,user3495@example.com,Chicago
3496,User_3496,44,user3496@example.com,Chicago
3497,User_3497,34,user3497@example.com,Phoenix
3498,User_3498,32,user3498@example.com,Los Angeles
3499,User_3499,62,user3499@example.com,Chicago
3500,User_3500,55,user3500@example.com,Phoenix
3501,User_3501,59,user3501@example.com,Los Angeles
3502,User_3502,55,user3502@example.com,New York
3503,User_3503,44,user3503@example.com,Phoenix
3504,User_3504,46,user3504@example.com,Los Angeles
3505,User_3505,38,user3505@example.com,Houston
3506,User_3506,62,user3506@example.com,Phoenix
3507,User_3507,49,user3507@example.com,Chicago
3508,User_3508,51,user3508@example.com,Los Angeles
3509,User_3509,39,user3509@example.com,Houston
3510,User_3510,33,user3510@example.com,Chicago
3511,User_3511,24,user3511@example.com,Chicago
3512,User_3512,51,user3512@example.com,Chicago
3513,User_3513,46,user3513@example.com,Houston
3514,User_3514,33,user3514@example.com,Phoenix
3515,User_3515,58,user3515@example.com,New York
3516,User_3516,52,user3516@example.com,Los Angeles
3517,User_3517,59,user3517@example.com,Chicago
3518,User_3518,56,user3518@example.com,Houston
3519,User_3519,46,user3519@example.com,Chicago
3520,User_3520,55,user3520@example.com,Houston
3521,User_3521,52,user3521@example.com,Houston
3522,User_3522,30,user3522@example.com,Phoenix
3523,User_3523,43,user3523@example.com,Phoenix
3524,User_3524,41,user3524@example.com,Los Angeles
3525,User_3525,46,user3525@example.com,Chicago
3526,User_3526,54,user3526@example.com,Los Angeles
3527,User_3527,20,user3527@example.com,Chicago
3528,User_3528,21,user3528@example.com,Los Angeles
3529,User_3529,41,user3529@example.com,Phoenix
3530,User_3530,33,user3530@example.com,Phoenix
3531,User_3531,43,user3531@example.com,Phoenix
3532,User_3532,18,user3532@example.com,New York
3533,User_3533,35,user3533@example.com,New York
3534,User_3534,51,user3534@example.com,Los Angeles
3535,User_3535,57,user3535@example.com,Los Angeles
3536,User_3536,45,user3536@example.com,Chicago
3537,User_3537,20,user3537@example.com,Houston
3538,User_3538,37,user3538@example.com,Los Angeles
3539,User_3539,38,user3539@example.com,New York
3540,User_3540,54,user3540@example.com,Houston
3541,User_3541,49,user3541@example.com,New York
3542,User_3542,27,user3542@example.com,Phoenix
3543,User_3543,33,user3543@example.com,Phoenix
3544,User_3544,52,user3544@example.com,Chicago
3545,User_3545,36,user3545@example.com,New York
3546,User_3546,19,user3546@example.com,Los Angeles
3547,User_3547,24,user3547@example.com,Chicago
3548,User_3548,43,user3548@example.com,Houston
3549,User_3549,59,user3549@example.com,New York
3550,User_3550,63,user3550@example.com,Houston
3551,User_3551,42,user3551@example.com,Houston
3552,User_3552,38,user3552@example.com,New York
3553,User_3553,62,user3553@example.com,Phoenix
3554,User_3554,39,user3554@example.com,Houston
3555,User_3555,20,user3555@example.com,Los Angeles
3556,User_3556,32,user3556@example.com,Houston
3557,User_3557,46,user3557@example.com,Houston
3558,User_3558,51,user3558@example.com,New York
3559,User_3559,60,user3559@example.com,Chicago
3560,User_3560,26,user3560@example.com,Phoenix
3561,User_3561,32,user3561@example.com,Houston
3562,User_3562,60,user3562@example.com,Los Angeles
3563,User_3563,55,user3563@example.com,Phoenix
3564,User_3564,27,user3564@example.com,Houston
3565,User_3565,40,user3565@example.com,Phoenix
3566,User_3566,61,user3566@example.com,Los Angeles
3567,User_3567,59,user3567@example.com,Los Angeles
3568,User_3568,53,user3568@example.com,Los Angeles
3569,User_3569,46,user3569@example.com,Chicago
3570,User_3570,51,user3570@example.com,Chicago
3571,User_3571,31,user3571@example.com,Phoenix
3572,User_3572,61,user3572@example.com,Houston
3573,User_3573,47,user3573@example.com,Los Angeles
3574,User_3574,21,user3574@example.com,Houston
3575,User_3575,22,user3575@example.com,Houston
3576,User_3576,58,user3576@example.com,New York
3577,User_3577,29,user3577@example.com,New York
3578,User_3578,37,user3578@example.com,Phoenix
3579,User_3579,41,user3579@example.com,Chicago
3580,User_3580,26,user3580@example.com,Los Angeles
3581,User_3581,44,user3581@example.com,Phoenix
3582,User_3582,22,user3582@example.com,Chicago
3583,User_3583,63,user3583@example.com,Houston
3584,User_3584,48,user3584@example.com,Phoenix
3585,User_3585,53,user3585@example.com,Houston
3586,User_3586,23,user3586@example.com,Los Angeles
3587,User_3587,34,user3587@example.com,New York
3588,User_3588,49,user3588@example.com,New York
3589,User_3589,27,user3589@example.com,New York
3590,User_3590,64,user3590@example.com,Houston
3591,User_3591,43,user3591@example.com,Houston
3592,User_3592,63,user3592@example.com,Houston
3593,User_3593,30,user3593@example.com,New York
3594,User_3594,48,user3594@example.com,Houston
3595,User_3595,23,user3595@example.com,Chicago
3596,User_3596,59,user3596@example.com,New York
3597,User_3597,58,user3597@example.com,Phoenix
3598,User_3598,64,user3598@example.com,New York
3599,User_3599,28,user3599@example.com,Chicago
3600,User_3600,55,user3600@example.com,Houston
3601,User_3601,56,user3601@example.com,Houston
3602,User_3602,59,user3602@example.com,New York
3603,User_3603,40,user3603@example.com,New York
3604,User_3604,24,user3604@example.com,Phoenix
3605,User_3605,19,user3605@example.com,Chicago
3606,User_3606,61,user3606@example.com,New York
3607,User_3607,29,user3607@example.com,Los Angeles
3608,User_3608,65,user3608@example.com,New York
3609,User_3609,30,user3609@example.com,Los Angeles
3610,User_3610,20,user3610@example.com,New York
3611,User_3611,26,user3611@example.com,Houston
3612,User_3612,52,user3612@example.com,Phoenix
3613,User_3613,28,user3613@example.com,Los Angeles
3614,User_3614,21,user3614@example.com,Chicago
3615,User_3615,29,user3615@example.com,Houston
3616,User_3616,58,user3616@example.com,Chicago
3617,User_3617,33,user3617@example.com,Houston
3618,User_3618,21,user3618@example.com,New York
3619,User_3619,44,user3619@example.com,Los Angeles
3620,User_3620,26,user3620@example.com,Los Angeles
3621,User_3621,38,user3621@example.com,New York
3622,User_3622,40,user3622@example.com,Phoenix
3623,User_3623,63,user3623@example.com,Houston
3624,User_3624,24,user3624@example.com,Chicago
3625,User_3625,46,user3625@example.com,New York
3626,User_3626,38,user3626@example.com,New York
3627,User_3627,25,user3627@example.com,Los Angeles
3628,User_3628,35,user3628@example.com,Phoenix
3629,User_3629,23,user3629@example.com,Houston
3630,User_3630,60,user3630@example.com,Houston
3631,User_3631,53,user3631@example.com,Phoenix
3632,User_3632,60,user3632@example.com,Houston
3633,User_3633,39,user3633@example.com,Phoenix
3634,User_3634,20,user3634@example.com,Phoenix
3635,User_3635,56,user3635@example.com,Chicago
3636,User_3636,56,user3636@example.com,Houston
3637,User_3637,42,user3637@example.com,New York
3638,User_3638,40,user3638@example.com,Houston
3639,User_3639,18,user3639@example.com,New York
3640,User_3640,39,user3640@example.com,Phoenix
3641,User_3641,63,user3641@example.com,Chicago
3642,User_3642,53,user3642@example.com,Houston
3643,User_3643,59,user3643@example.com,Houston
3644,User_3644,32,user3644@example.com,Houston
3645,User_3645,47,user3645@example.com,Houston
3646,User_3646,49,user3646@example.com,New York
3647,User_3647,53,user3647@example.com,Los Angeles
3648,User_3648,33,user3648@example.com,New York
3649,User_3649,60,user3649@example.com,Phoenix
3650,User_3650,28,user3650@example.com,New York
3651,User_3651,18,user3651@example.com,New York
3652,User_3652,43,user3652@example.com,New York
3653,User_3653,54,user3653@example.com,Los Angeles
3654,User_3654,56,user3654@example.com,Houston
3655,User_3655,54,user3655@example.com,Phoenix
3656,User_3656,24,user3656@example.com,Chicago
3657,User_3657,62,user3657@example.com,Houston
3658,User_3658,65,user3658@example.com,Phoenix
3659,User_3659,50,user3659@example.com,Chicago
3660,User_3660,61,user3660@example.com,Houston
3661,User_3661,54,user3661@example.com,Houston
3662,User_3662,61,user3662@example.com,Houston
3663,User_3663,27,user3663@example.com,Los Angeles
3664,User_3664,60,user3664@example.com,Phoenix
3665,User_3665,43,user3665@example.com,Los Angeles
3666,User_3666,18,user3666@example.com,Los Angeles
3667,User_3667,25,user3667@example.com,Houston
3668,User_3668,55,user3668@example.com,New York
3669,User_3669,49,user3669@example.com,Phoenix
3670,User_3670,23,user3670@example.com,Chicago
3671,User_3671,46,user3671@example.com,Phoenix
3672,User_3672,32,user3672@example.com,Los Angeles
3673,User_3673,62,user3673@example.com,Chicago
3674,User_3674,27,user3674@example.com,Houston
3675,User_3675,64,user3675@example.com,New York
3676,User_3676,34,user3676@example.com,Los Angeles
3677,User_3677,51,user3677@example.com,Phoenix
3678,User_3678,35,user3678@example.com,New York
3679,User_3679,63,user3679@example.com,Phoenix
3680,User_3680,56,user3680@example.com,New York
3681,User_3681,36,user3681@example.com,Los Angeles
3682,User_3682,63,user3682@example.com,Chicago
3683,User_3683,41,user3683@example.com,Phoenix
3684,User_3684,34,user3684@example.com,Los Angeles
3685,User_3685,52,user3685@example.com,New York
3686,User_3686,26,user3686@example.com,Phoenix
3687,User_3687,42,user3687@example.com,New York
3688,User_3688,57,user3688@example.com,Los Angeles
3689,User_3689,33,user3689@example.com,Los Angeles
3690,User_3690,37,user3690@example.com,Los Angeles
3691,User_3691,51,user3691@example.com,Los Angeles
3692,User_3692,56,user3692@example.com,Houston
3693,User_3693,22,user3693@example.com,Houston
3694,User_3694,51,user3694@example.com,New York
3695,User_3695,36,user3695@example.com,Phoenix
3696,User_3696,54,user3696@example.com,Phoenix
3697,User_3697,41,user3697@example.com,New York
3698,User_3698,29,user3698@example.com,New York
3699,User_3699,47,user3699@example.com,Chicago
3700,User_3700,25,user3700@example.com,Los Angeles
3701,User_3701,24,user3701@example.com,Chicago
3702,User_3702,41,user3702@example.com,Los Angeles
3703,User_3703,43,user3703@example.com,New York
3704,User_3704,41,user3704@example.com,Houston
3705,User_3705,31,user3705@example.com,Chicago
3706,User_3706,61,user3706@example.com,Chicago
3707,User_3707,46,user3707@example.com,Los Angeles
3708,User_3708,43,user3708@example.com,New York
3709,User_3709,36,user3709@example.com,Los Angeles
3710,User_3710,54,user3710@example.com,Los Angeles
3711,User_3711,37,user3711@example.com,Chicago
3712,User_3712,40,user3712@example.com,Los Angeles
3713,User_3713,65,user3713@example.com,New York
3714,User_3714,26,user3714@example.com,Los Angeles
3715,User_3715,32,user3715@example.com,New York
3716,User_3716,65,user3716@example.com,New York
3717,User_3717,28,user3717@example.com,Los Angeles
3718,User_3718,19,user3718@example.com,New York
3719,User_3719,64,user3719@example.com,Los Angeles
3720,User_3720,25,user3720@example.com,Phoenix
3721,User_3721,64,user3721@example.com,New York
3722,User_3722,31,user3722@example.com,Houston
3723,User_3723,41,user3723@example.com,Houston
3724,User_3724,22,user3724@example.com,Phoenix
3725,User_3725,36,user3725@example.com,Chicago
3726,User_3726,54,user3726@example.com,Los Angeles
3727,User_3727,56,user3727@example.com,Chicago
3728,User_3728,38,user3728@example.com,Chicago
3729,User_3729,39,user3729@example.com,Los Angeles
3730,User_3730,33,user3730@example.com,New York
3731,User_3731,43,user3731@example.com,New York
3732,User_3732,57,user3732@example.com,Phoenix
3733,User_3733,62,user3733@example.com,Chicago
3734,User_3734,28,user3734@example.com,Los Angeles
3735,User_3735,42,user3735@example.com,Houston
3736,User_3736,36,user3736@example.com,Los Angeles
3737,User_3737,26,user3737@example.com,Phoenix
3738,User_3738,58,user3738@example.com,Phoenix
3739,User_3739,30,user3739@example.com,Chicago
3740,User_3740,33,user3740@example.com,New York
3741,User_3741,25,user3741@example.com,Houston
3742,User_3742,41,user3742@example.com,Chicago
3743,User_3743,38,user3743@example.com,Chicago
3744,User_3744,60,user3744@example.com,Houston
3745,User_3745,39,user3745@example.com,Houston
3746,User_3746,37,user3746@example.com,Phoenix
3747,User_3747,35,user3747@example.com,New York
3748,User_3748,46,user3748@example.com,Chicago
3749,User_3749,34,user3749@example.com,Chicago
3750,User_3750,39,user3750@example.com,Los Angeles
3751,User_3751,22,user3751@example.com,Houston
3752,User_3752,50,user3752@example.com,New York
3753,User_3753,57,user3753@example.com,Chicago
3754,User_3754,50,user3754@example.com,Houston
3755,User_3755,63,user3755@example.com,Phoenix
3756,User_3756,58,user3756@example.com,New York
3757,User_3757,19,user3757@example.com,Houston
3758,User_3758,52,user3758@example.com,New York
3759,User_3759,47,user3759@example.com,Chicago
3760,User_3760,42,user3760@example.com,Phoenix
3761,User_3761,52,user3761@example.com,Chicago
3762,User_3762,33,user3762@example.com,Houston
3763,User_3763,54,user3763@example.com,Los Angeles
3764,User_3764,23,user3764@example.com,Houston
3765,User_3765,52,user3765@example.com,New York
3766,User_3766,61,user3766@example.com,Los Angeles
3767,User_3767,63,user3767@example.com,Los Angeles
3768,User_3768,18,user3768@example.com,Los Angeles
3769,User_3769,64,user3769@example.com,Chicago
3770,User_3770,42,user3770@example.com,New York
3771,User_3771,18,user3771@example.com,Phoenix
3772,User_3772,23,user3772@example.com,Houston
3773,User_3773,23,user3773@example.com,Phoenix
3774,User_3774,42,user3774@example.com,Phoenix
3775,User_3775,37,user3775@example.com,Phoenix
3776,User_3776,58,user3776@example.com,Chicago
3777,User_3777,38,user3777@example.com,Houston
3778,User_3778,54,user3778@example.com,Los Angeles
3779,User_3779,39,user3779@example.com,Los Angeles
3780,User_3780,36,user3780@example.com,Phoenix
3781,User_3781,27,user3781@example.com,Houston
3782,User_3782,61,user3782@example.com,Los Angeles
3783,User_3783,29,user3783@example.com,New York
3784,User_3784,60,user3784@example.com,Chicago
3785,User_3785,21,user3785@example.com,Chicago
3786,User_3786,28,user3786@example.com,Chicago
3787,User_3787,40,user3787@example.com,Houston
3788,User_3788,42,user3788@example.com,Chicago
3789,User_3789,45,user3789@example.com,Los Angeles
3790,User_3790,22,user3790@example.com,Los Angeles
3791,User_3791,39,user3791@example.com,Phoenix
3792,User_3792,34,user3792@example.com,Chicago
3793,User_3793,56,user3793@example.com,Los Angeles
3794,User_3794,56,user3794@example.com,Houston
3795,User_3795,25,user3795@example.com,Houston
3796,User_3796,24,user3796@example.com,Houston
3797,User_3797,45,user3797@example.com,Los Angeles
3798,User_3798,54,user3798@example.com,Chicago
3799,User_3799,45,user3799@example.com,Los Angeles
3800,User_3800,32,user3800@example.com,Chicago
3801,User_3801,38,user3801@example.com,Chicago
3802,User_3802,61,user3802@example.com,Los Angeles
3803,User_3803,38,user3803@example.com,Houston
3804,User_3804,46,user3804@example.com,Houston
3805,User_3805,49,user3805@example.com,Los Angeles
3806,User_3806,57,user3806@example.com,Chicago
3807,User_3807,40,user3807@example.com,Houston
3808,User_3808,56,user3808@example.com,New York
3809,User_3809,45,user3809@example.com,Phoenix
3810,User_3810,30,user3810@example.com,Phoenix
3811,User_3811,48,user3811@example.com,Chicago
3812,User_3812,26,user3812@example.com,New York
3813,User_3813,29,user3813@example.com,New York
3814,User_3814,38,user3814@example.com,Phoenix
3815,User_3815,38,user3815@example.com,Chicago
3816,User_3816,47,user3816@example.com,Chicago
3817,User_3817,58,user3817@example.com,Houston
3818,User_3818,51,user3818@example.com,New York
3819,User_3819,25,user3819@example.com,New York
3820,User_3820,54,user3820@example.com,Los Angeles
3821,User_3821,30,user3821@example.com,Phoenix
3822,User_3822,36,user3822@example.com,New York
3823,User_3823,41,user3823@example.com,Los Angeles
3824,User_3824,44,user3824@example.com,Los Angeles
3825,User_3825,57,user3825@example.com,New York
3826,User_3826,26,user3826@example.com,Chicago
3827,User_3827,55,user3827@example.com,Phoenix
3828,User_3828,27,user3828@example.com,Houston
3829,User_3829,24,user3829@example.com,Houston
3830,User_3830,29,user3830@example.com,Phoenix
3831,User_3831,46,user3831@example.com,Phoenix
3832,User_3832,23,user3832@example.com,Chicago
3833,User_3833,46,user3833@example.com,Houston
3834,User_3834,36,user3834@example.com,Phoenix
3835,User_3835,45,user3835@example.com,Chicago
3836,User_3836,35,user3836@example.com,Phoenix
3837,User_3837,31,user3837@example.com,Phoenix
3838,User_3838,44,user3838@example.com,Phoenix
3839,User_3839,45,user3839@example.com,Los Angeles
3840,User_3840,35,user3840@example.com,Chicago
3841,User_3841,50,user3841@example.com,Los Angeles
3842,User_3842,55,user3842@example.com,Houston
3843,User_3843,40,user3843@example.com,Los Angeles
3844,User_3844,32,user3844@example.com,Los Angeles
3845,User_3845,26,user3845@example.com,Los Angeles
3846,User_3846,31,user3846@example.com,Los Angeles
3847,User_3847,44,user3847@example.com,Los Angeles
3848,User_3848,31,user3848@example.com,Houston
3849,User_3849,41,user3849@example.com,Houston
3850,User_3850,50,user3850@example.com,Phoenix
3851,User_3851,23,user3851@example.com,Los Angeles
3852,User_3852,44,user3852@example.com,Chicago
3853,User_3853,56,user3853@example.com,Los Angeles
3854,User_3854,46,user3854@example.com,Los Angeles
3855,User_3855,58,user3855@example.com,Phoenix
3856,User_3856,44,user3856@example.com,New York
3857,User_3857,23,user3857@example.com,Houston
3858,User_3858,46,user3858@example.com,Phoenix
3859,User_3859,48,user3859@example.com,Phoenix
3860,User_3860,30,user3860@example.com,Los Angeles
3861,User_3861,19,user3861@example.com,Houston
3862,User_3862,59,user3862@example.com,Phoenix
3863,User_3863,18,user3863@example.com,Houston
3864,User_3864,22,user3864@example.com,Chicago
3865,User_3865,60,user3865@example.com,Los Angeles
3866,User_3866,30,user3866@example.com,New York
3867,User_3867,25,user3867@example.com,Chicago
3868,User_3868,34,user3868@example.com,Los Angeles
3869,User_3869,40,user3869@example.com,Los Angeles
3870,User_3870,37,user3870@example.com,Los Angeles
3871,User_3871,45,user3871@example.com,New York
3872,User_3872,50,user3872@example.com,Phoenix
3873,User_3873,40,user3873@example.com,Los Angeles
3874,User_3874,36,user3874@example.com,Chicago
3875,User_3875,37,user3875@example.com,Phoenix
3876,User_3876,42,user3876@example.com,Los Angeles
3877,User_3877,63,user3877@example.com,Houston
3878,User_3878,48,user3878@example.com,Chicago
3879,User_3879,50,user3879@example.com,Phoenix
3880,User_3880,50,user3880@example.com,Los Angeles
3881,User_3881,40,user3881@example.com,Houston
3882,User_3882,35,user3882@example.com,Houston
3883,User_3883,22,user3883@example.com,Los Angeles
3884,User_3884,21,user3884@example.com,Chicago
3885,User_3885,21,user3885@example.com,Phoenix
3886,User_3886,25,user3886@example.com,Chicago
3887,User_3887,41,user3887@example.com,New York
3888,User_3888,64,user3888@example.com,Los Angeles
3889,User_3889,32,user3889@example.com,Chicago
3890,User_3890,52,user3890@example.com,New York
3891,User_3891,57,user3891@example.com,Los Angeles
3892,User_3892,30,user3892@example.com,Los Angeles
3893,User_3893,39,user3893@example.com,Houston
3894,User_3894,28,user3894@example.com,New York
3895,User_3895,64,user3895@example.com,Chicago
3896,User_3896,40,user3896@example.com,Houston
3897,User_3897,31,user3897@example.com,Chicago
3898,User_3898,61,user3898@example.com,Chicago
3899,User_3899,60,user3899@example.com,Chicago
3900,User_3900,42,user3900@example.com,Chicago
3901,User_3901,42,user3901@example.com,Phoenix
3902,User_3902,39,user3902@example.com,Los Angeles
3903,User_3903,54,user3903@example.com,New York
3904,User_3904,26,user3904@example.com,New York
3905,User_3905,27,user3905@example.com,Los Angeles
3906,User_3906,35,user3906@example.com,Los Angeles
3907,User_3907,18,user3907@example.com,Houston
3908,User_3908,63,user3908@example.com,Chicago
3909,User_3909,36,user3909@example.com,Chicago
3910,User_3910,59,user3910@example.com,Chicago
3911,User_3911,20,user3911@example.com,New York
3912,User_3912,44,user3912@example.com,Phoenix
3913,User_3913,44,user3913@example.com,Los Angeles
3914,User_3914,65,user3914@example.com,New York
3915,User_3915,28,user3915@example.com,Phoenix
3916,User_3916,46,user3916@example.com,Los Angeles
3917,User_3917,53,user3917@example.com,Phoenix
3918,User_3918,47,user3918@example.com,Phoenix
3919,User_3919,50,user3919@example.com,New York
3920,User_3920,61,user3920@example.com,New York
3921,User_3921,55,user3921@example.com,Phoenix
3922,User_3922,41,user3922@example.com,Chicago
3923,User_3923,27,user3923@example.com,New York
3924,User_3924,48,user3924@example.com,New York
3925,User_3925,21,user3925@example.com,Houston
3926,User_3926,41,user3926@example.com,New York
3927,User_3927,43,user3927@example.com,Phoenix
3928,User_3928,37,user3928@example.com,Chicago
3929,User_3929,26,user3929@example.com,Los Angeles
3930,User_3930,63,user3930@example.com,Houston
3931,User_3931,26,user3931@example.com,New York
3932,User_3932,18,user3932@example.com,Houston
3933,User_3933,34,user3933@example.com,Los Angeles
3934,User_3934,63,user3934@example.com,New York
3935,User_3935,47,user3935@example.com,Chicago
3936,User_3936,28,user3936@example.com,Chicago
3937,User_3937,20,user3937@example.com,Houston
3938,User_3938,51,user3938@example.com,Chicago
3939,User_3939,64,user3939@example.com,Los Angeles
3940,User_3940,28,user3940@example.com,Houston
3941,User_3941,36,user3941@example.com,Los Angeles
3942,User_3942,29,user3942@example.com,Houston
3943,User_3943,25,user3943@example.com,Houston
3944,User_3944,62,user3944@example.com,New York
3945,User_3945,65,user3945@example.com,Houston
3946,User_3946,37,user3946@example.com,New York
3947,User_3947,18,user3947@example.com,Phoenix
3948,User_3948,35,user3948@example.com,Phoenix
3949,User_3949,42,user3949@example.com,Chicago
3950,User_3950,19,user3950@example.com,Chicago
3951,User_3951,56,user3951@example.com,Los Angeles
3952,User_3952,63,user3952@example.com,Los Angeles
3953,User_3953,57,user3953@example.com,Phoenix
3954,User_3954,22,user3954@example.com,Phoenix
3955,User_3955,36,user3955@example.com,Houston
3956,User_3956,53,user3956@example.com,Phoenix
3957,User_3957,57,user3957@example.com,Houston
3958,User_3958,62,user3958@example.com,Los Angeles
3959,User_3959,58,user3959@example.com,New York
3960,User_3960,33,user3960@example.com,Los Angeles
3961,User_3961,36,user3961@example.com,Los Angeles
3962,User_3962,22,user3962@example.com,Los Angeles
3963,User_3963,46,user3963@example.com,Houston
3964,User_3964,60,user3964@example.com,Houston
3965,User_3965,23,user3965@example.com,Houston
3966,User_3966,20,user3966@example.com,New York
3967,User_3967,41,user3967@example.com,New York
3968,User_3968,46,user3968@example.com,Los Angeles
3969,User_3969,54,user3969@example.com,New York
3970,User_3970,22,user3970@example.com,Los Angeles
3971,User_3971,28,user3971@example.com,Phoenix
3972,User_3972,39,user3972@example.com,Houston
3973,User_3973,45,user3973@example.com,Houston
3974,User_3974,45,user3974@example.com,New York
3975,User_3975,65,user3975@example.com,Phoenix
3976,User_3976,21,user3976@example.com,Los Angeles
3977,User_3977,44,user3977@example.com,Houston
3978,User_3978,30,user3978@example.com,Houston
3979,User_3979,41,user3979@example.com,Houston
3980,User_3980,21,user3980@example.com,Los Angeles
3981,User_3981,42,user3981@example.com,Houston
3982,User_3982,37,user3982@example.com,Houston
3983,User_3983,38,user3983@example.com,Los Angeles
3984,User_3984,64,user3984@example.com,Chicago
3985,User_3985,63,user3985@example.com,Phoenix
3986,User_3986,43,user3986@example.com,Houston
3987,User_3987,59,user3987@example.com,Phoenix
3988,User_3988,38,user3988@example.com,Chicago
3989,User_3989,65,user3989@example.com,New York
3990,User_3990,59,user3990@example.com,Los Angeles
3991,User_3991,31,user3991@example.com,Phoenix
3992,User_3992,55,user3992@example.com,Houston
3993,User_3993,37,user3993@example.com,New York
3994,User_3994,51,user3994@example.com,Houston
3995,User_3995,31,user3995@example.com,Phoenix
3996,User_3996,45,user3996@example.com,Houston
3997,User_3997,55,user3997@example.com,New York
3998,User_3998,19,user3998@example.com,Phoenix
3999,User_3999,47,user3999@example.com,Los Angeles
4000,User_4000,27,user4000@example.com,Los Angeles
4001,User_4001,19,user4001@example.com,Los Angeles
4002,User_4002,42,user4002@example.com,Phoenix
4003,User_4003,57,user4003@example.com,New York
4004,User_4004,21,user4004@example.com,New York
4005,User_4005,41,user4005@example.com,Los Angeles
4006,User_4006,19,user4006@example.com,Chicago
4007,User_4007,27,user4007@example.com,Houston
4008,User_4008,33,user4008@example.com,Houston
4009,User_4009,38,user4009@example.com,New York
4010,User_4010,19,user4010@example.com,Phoenix
4011,User_4011,49,user4011@example.com,Houston
4012,User_4012,51,user4012@example.com,Houston
4013,User_4013,45,user4013@example.com,New York
4014,User_4014,26,user4014@example.com,New York
4015,User_4015,46,user4015@example.com,Los Angeles
4016,User_4016,45,user4016@example.com,Houston
4017,User_4017,19,user4017@example.com,New York
4018,User_4018,18,user4018@example.com,Los Angeles
4019,User_4019,47,user4019@example.com,New York
4020,User_4020,32,user4020@example.com,Los Angeles
4021,User_4021,61,user4021@example.com,Houston
4022,User_4022,61,user4022@example.com,Houston
4023,User_4023,50,user4023@example.com,Houston
4024,User_4024,56,user4024@example.com,New York
4025,User_4025,58,user4025@example.com,Los Angeles
4026,User_4026,49,user4026@example.com,Houston
4027,User_4027,41,user4027@example.com,Houston
4028,User_4028,41,user4028@example.com,Chicago
4029,User_4029,21,user4029@example.com,Phoenix
4030,User_4030,29,user4030@example.com,New York
4031,User_4031,25,user4031@example.com,Los Angeles
4032,User_4032,63,user4032@example.com,Los Angeles
4033,User_4033,44,user4033@example.com,Los Angeles
4034,User_4034,33,user4034@example.com,Chicago
4035,User_4035,59,user4035@example.com,Houston
4036,User_4036,50,user4036@example.com,Chicago
4037,User_4037,57,user4037@example.com,Phoenix
4038,User_4038,49,user4038@example.com,New York
4039,User_4039,61,user4039@example.com,Phoenix
4040,User_4040,49,user4040@example.com,Houston
4041,User_4041,27,user4041@example.com,Phoenix
4042,User_4042,22,user4042@example.com,Houston
4043,User_4043,35,user4043@example.com,New York
4044,User_4044,39,user4044@example.com,New York
4045,User_4045,65,user4045@example.com,Phoenix
4046,User_4046,19,user4046@example.com,Chicago
4047,User_4047,63,user4047@example.com,Phoenix
4048,User_4048,34,user4048@example.com,Phoenix
4049,User_4049,47,user4049@example.com,Houston
4050,User_4050,52,user4050@example.com,Chicago
4051,User_4051,22,user4051@example.com,Phoenix
4052,User_4052,21,user4052@example.com,Chicago
4053,User_4053,35,user4053@example.com,Los Angeles
4054,User_4054,60,user4054@example.com,Los Angeles
4055,User_4055,65,user4055@example.com,New York
4056,User_4056,63,user4056@example.com,Los Angeles
4057,User_4057,31,user4057@example.com,Los Angeles
4058,User_4058,53,user4058@example.com,New York
4059,User_4059,51,user4059@example.com,New York
4060,User_4060,45,user4060@example.com,Los Angeles
4061,User_4061,32,user4061@example.com,Houston
4062,User_4062,63,user4062@example.com,New York
4063,User_4063,46,user4063@example.com,Phoenix
4064,User_4064,43,user4064@example.com,Chicago
4065,User_4065,29,user4065@example.com,Phoenix
4066,User_4066,56,user4066@example.com,Houston
4067,User_4067,64,user4067@example.com,New York
4068,User_4068,42,user4068@example.com,Chicago
4069,User_4069,44,user4069@example.com,New York
4070,User_4070,62,user4070@example.com,Phoenix
4071,User_4071,57,user4071@example.com,New York
4072,User_4072,45,user4072@example.com,Los Angeles
4073,User_4073,57,user4073@example.com,Houston
4074,User_4074,53,user4074@example.com,New York
4075,User_4075,37,user4075@example.com,Phoenix
4076,User_4076,35,user4076@example.com,Los Angeles
4077,User_4077,21,user4077@example.com,New York
4078,User_4078,48,user4078@example.com,New York
4079,User_4079,52,user4079@example.com,New York
4080,User_4080,32,user4080@example.com,New York
4081,User_4081,58,user4081@example.com,Los Angeles
4082,User_4082,40,user4082@example.com,Houston
4083,User_4083,61,user4083@example.com,Los Angeles
4084,User_4084,49,user4084@example.com,New York
4085,User_4085,40,user4085@example.com,Los Angeles
4086,User_4086,37,user4086@example.com,Phoenix
4087,User_4087,22,user4087@example.com,Los Angeles
4088,User_4088,49,user4088@example.com,Houston
4089,User_4089,59,user4089@example.com,New York
4090,User_4090,42,user4090@example.com,Chicago
4091,User_4091,44,user4091@example.com,Los Angeles
4092,User_4092,33,user4092@example.com,New York
4093,User_4093,51,user4093@example.com,Houston
4094,User_4094,63,user4094@example.com,New York
4095,User_4095,42,user4095@example.com,Houston
4096,User_4096,22,user4096@example.com,Chicago
4097,User_4097,41,user4097@example.com,Los Angeles
4098,User_4098,56,user4098@example.com,Chicago
4099,User_4099,19,user4099@example.com,Houston
4100,User_4100,29,user4100@example.com,Los Angeles
4101,User_4101,57,user4101@example.com,Phoenix
4102,User_4102,41,user4102@example.com,Phoenix
4103,User_4103,51,user4103@example.com,Los Angeles
4104,User_4104,28,user4104@example.com,Chicago
4105,User_4105,28,user4105@example.com,Los Angeles
4106,User_4106,28,user4106@example.com,New York
4107,User_4107,39,user4107@example.com,Houston
4108,User_4108,60,user4108@example.com,Los Angeles
4109,User_4109,50,user4109@example.com,New York
4110,User_4110,21,user4110@example.com,New York
4111,User_4111,63,user4111@example.com,New York
4112,User_4112,48,user4112@example.com,Phoenix
4113,User_4113,60,user4113@example.com,Chicago
4114,User_4114,39,user4114@example.com,Chicago
4115,User_4115,48,user4115@example.com,New York
4116,User_4116,32,user4116@example.com,Phoenix
4117,User_4117,38,user4117@example.com,New York
4118,User_4118,41,user4118@example.com,Chicago
4119,User_4119,42,user4119@example.com,Houston
4120,User_4120,58,user4120@example.com,Houston
4121,User_4121,32,user4121@example.com,Chicago
4122,User_4122,56,user4122@example.com,New York
4123,User_4123,23,user4123@example.com,Los Angeles
4124,User_4124,37,user4124@example.com,Houston
4125,User_4125,42,user4125@example.com,Phoenix
4126,User_4126,29,user4126@example.com,New York
4127,User_4127,28,user4127@example.com,Chicago
4128,User_4128,48,user4128@example.com,Phoenix
4129,User_4129,29,user4129@example.com,New York
4130,User_4130,30,user4130@example.com,Los Angeles
4131,User_4131,64,user4131@example.com,Phoenix
4132,User_4132,41,user4132@example.com,Chicago
4133,User_4133,64,user4133@example.com,Phoenix
4134,User_4134,26,user4134@example.com,Houston
4135,User_4135,23,user4135@example.com,Chicago
4136,User_4136,24,user4136@example.com,New York
4137,User_4137,35,user4137@example.com,New York
4138,User_4138,40,user4138@example.com,Chicago
4139,User_4139,42,user4139@example.com,New York
4140,User_4140,62,user4140@example.com,Chicago
4141,User_4141,32,user4141@example.com,Chicago
4142,User_4142,51,user4142@example.com,Houston
4143,User_4143,31,user4143@example.com,Los Angeles
4144,User_4144,46,user4144@example.com,Chicago
4145,User_4145,28,user4145@example.com,New York
4146,User_4146,56,user4146@example.com,Phoenix
4147,User_4147,40,user4147@example.com,New York
4148,User_4148,20,user4148@example.com,New York
4149,User_4149,61,user4149@example.com,Phoenix
4150,User_4150,51,user4150@example.com,Houston
4151,User_4151,47,user4151@example.com,Chicago
4152,User_4152,23,user4152@example.com,Chicago
4153,User_4153,22,user4153@example.com,Chicago
4154,User_4154,29,user4154@example.com,Phoenix
4155,User_4155,54,user4155@example.com,New York
4156,User_4156,37,user4156@example.com,Phoenix
4157,User_4157,50,user4157@example.com,Houston
4158,User_4158,44,user4158@example.com,New York
4159,User_4159,56,user4159@example.com,New York
4160,User_4160,52,user4160@example.com,Phoenix
4161,User_4161,44,user4161@example.com,New York
4162,User_4162,37,user4162@example.com,New York
4163,User_4163,34,user4163@example.com,Phoenix
4164,User_4164,27,user4164@example.com,Phoenix
4165,User_4165,49,user4165@example.com,Chicago
4166,User_4166,52,user4166@example.com,New York
4167,User_4167,52,user4167@example.com,Houston
4168,User_4168,24,user4168@example.com,New York
4169,User_4169,33,user4169@example.com,Los Angeles
4170,User_4170,35,user4170@example.com,Houston
4171,User_4171,20,user4171@example.com,New York
4172,User_4172,52,user4172@example.com,New York
4173,User_4173,18,user4173@example.com,Los Angeles
4174,User_4174,22,user4174@example.com,Chicago
4175,User_4175,43,user4175@example.com,Phoenix
4176,User_4176,62,user4176@example.com,Houston
4177,User_4177,31,user4177@example.com,Phoenix
4178,User_4178,62,user4178@example.com,Los Angeles
4179,User_4179,31,user4179@example.com,Chicago
4180,User_4180,65,user4180@example.com,Houston
4181,User_4181,44,user4181@example.com,Phoenix
4182,User_4182,32,user4182@example.com,Chicago
4183,User_4183,35,user4183@example.com,Phoenix
4184,User_4184,32,user4184@example.com,Houston
4185,User_4185,29,user4185@example.com,Los Angeles
4186,User_4186,26,user4186@example.com,Chicago
4187,User_4187,58,user4187@example.com,New York
4188,User_4188,20,user4188@example.com,Phoenix
4189,User_4189,31,user4189@example.com,Phoenix
4190,User_4190,35,user4190@example.com,New York
4191,User_4191,26,user4191@example.com,Chicago
4192,User_4192,48,user4192@example.com,Phoenix
4193,User_4193,34,user4193@example.com,Houston
4194,User_4194,24,user4194@example.com,New York
4195,User_4195,36,user4195@example.com,New York
4196,User_4196,22,user4196@example.com,Houston
4197,User_4197,23,user4197@example.com,Los Angeles
4198,User_4198,43,user4198@example.com,New York
4199,User_4199,50,user4199@example.com,Chicago
4200,User_4200,64,user4200@example.com,Chicago
4201,User_4201,21,user4201@example.com,New York
4202,User_4202,39,user4202@example.com,Phoenix
4203,User_4203,30,user4203@example.com,Houston
4204,User_4204,22,user4204@example.com,Phoenix
4205,User_4205,18,user4205@example.com,Houston
4206,User_4206,54,user4206@example.com,Los Angeles
4207,User_4207,21,user4207@example.com,Los Angeles
4208,User_4208,30,user4208@example.com,New York
4209,User_4209,56,user4209@example.com,Los Angeles
4210,User_4210,34,user4210@example.com,Los Angeles
4211,User_4211,37,user4211@example.com,New York
4212,User_4212,40,user4212@example.com,Phoenix
4213,User_4213,60,user4213@example.com,Houston
4214,User_4214,32,user4214@example.com,Los Angeles
4215,User_4215,38,user4215@example.com,New York
4216,User_4216,37,user4216@example.com,Chicago
4217,User_4217,48,user4217@example.com,Chicago
4218,User_4218,25,user4218@example.com,Chicago
4219,User_4219,46,user4219@example.com,Chicago
4220,User_4220,24,user4220@example.com,New York
4221,User_4221,58,user4221@example.com,Phoenix
4222,User_4222,31,user4222@example.com,Phoenix
4223,User_4223,46,user4223@example.com,Los Angeles
4224,User_4224,56,user4224@example.com,Los Angeles
4225,User_4225,19,user4225@example.com,Phoenix
4226,User_4226,59,user4226@example.com,Phoenix
4227,User_4227,51,user4227@example.com,Houston
4228,User_4228,64,user4228@example.com,Los Angeles
4229,User_4229,20,user4229@example.com,Houston
4230,User_4230,53,user4230@example.com,Houston
4231,User_4231,35,user4231@example.com,Los Angeles
4232,User_4232,51,user4232@example.com,Los Angeles
4233,User_4233,60,user4233@example.com,Los Angeles
4234,User_4234,42,user4234@example.com,Phoenix
4235,User_4235,26,user4235@example.com,Los Angeles
4236,User_4236,40,user4236@example.com,Los Angeles
4237,User_4237,65,user4237@example.com,Phoenix
4238,User_4238,50,user4238@example.com,Houston
4239,User_4239,22,user4239@example.com,Chicago
4240,User_4240,61,user4240@example.com,Phoenix
4241,User_4241,56,user4241@example.com,Chicago
4242,User_4242,64,user4242@example.com,Phoenix
4243,User_4243,22,user4243@example.com,Phoenix
4244,User_4244,65,user4244@example.com,Chicago
4245,User_4245,22,user4245@example.com,New York
4246,User_4246,58,user4246@example.com,New York
4247,User_4247,25,user4247@example.com,New York
4248,User_4248,46,user4248@example.com,Phoenix
4249,User_4249,30,user4249@example.com,Phoenix
4250,User_4250,50,user4250@example.com,Phoenix
4251,User_4251,33,user4251@example.com,Phoenix
4252,User_4252,38,user4252@example.com,Phoenix
4253,User_4253,34,user4253@example.com,Houston
4254,User_4254,20,user4254@example.com,Phoenix
4255,User_4255,27,user4255@example.com,Chicago
4256,User_4256,35,user4256@example.com,Houston
4257,User_4257,35,user4257@example.com,Chicago
4258,User_4258,53,user4258@example.com,Houston
4259,User_4259,38,user4259@example.com,New York
4260,User_4260,56,user4260@example.com,Houston
4261,User_4261,20,user4261@example.com,Chicago
4262,User_4262,64,user4262@example.com,New York
4263,User_4263,53,user4263@example.com,Los Angeles
4264,User_4264,62,user4264@example.com,Chicago
4265,User_4265,50,user4265@example.com,Phoenix
4266,User_4266,65,user4266@example.com,New York
4267,User_4267,25,user4267@example.com,Chicago
4268,User_4268,40,user4268@example.com,Chicago
4269,User_4269,36,user4269@example.com,Houston
4270,User_4270,38,user4270@example.com,Chicago
4271,User_4271,53,user4271@example.com,New York
4272,User_4272,55,user4272@example.com,Houston
4273,User_4273,46,user4273@example.com,New York
4274,User_4274,56,user4274@example.com,Chicago
4275,User_4275,18,user4275@example.com,New York
4276,User_4276,44,user4276@example.com,Houston
4277,User_4277,30,user4277@example.com,Chicago
4278,User_4278,41,user4278@example.com,Chicago
4279,User_4279,57,user4279@example.com,Houston
4280,User_4280,52,user4280@example.com,Chicago
4281,User_4281,23,user4281@example.com,Houston
4282,User_4282,42,user4282@example.com,Chicago
4283,User_4283,32,user4283@example.com,Chicago
4284,User_4284,62,user4284@example.com,Chicago
4285,User_4285,43,user4285@example.com,Chicago
4286,User_4286,54,user4286@example.com,New York
4287,User_4287,21,user4287@example.com,Los Angeles
4288,User_4288,33,user4288@example.com,Houston
4289,User_4289,30,user4289@example.com,Los Angeles
4290,User_4290,64,user4290@example.com,Los Angeles
4291,User_4291,32,user4291@example.com,Chicago
4292,User_4292,22,user4292@example.com,Chicago
4293,User_4293,29,user4293@example.com,Phoenix
4294,User_4294,20,user4294@example.com,Los Angeles
4295,User_4295,48,user4295@example.com,New York
4296,User_4296,20,user4296@example.com,Phoenix
4297,User_4297,51,user4297@example.com,Phoenix
4298,User_4298,41,user4298@example.com,Houston
4299,User_4299,39,user4299@example.com,Houston
4300,User_4300,64,user4300@example.com,Los Angeles
4301,User_4301,44,user4301@example.com,New York
4302,User_4302,30,user4302@example.com,New York
4303,User_4303,44,user4303@example.com,Houston
4304,User_4304,49,user4304@example.com,New York
4305,User_4305,46,user4305@example.com,Los Angeles
4306,User_4306,39,user4306@example.com,Los Angeles
4307,User_4307,26,user4307@example.com,Phoenix
4308,User_4308,27,user4308@example.com,Los Angeles
4309,User_4309,61,user4309@example.com,Houston
4310,User_4310,43,user4310@example.com,Phoenix
4311,User_4311,41,user4311@example.com,Chicago
4312,User_4312,60,user4312@example.com,Phoenix
4313,User_4313,23,user4313@example.com,Phoenix
4314,User_4314,40,user4314@example.com,Los Angeles
4315,User_4315,64,user4315@example.com,Phoenix
4316,User_4316,52,user4316@example.com,Chicago
4317,User_4317,27,user4317@example.com,New York
4318,User_4318,48,user4318@example.com,Houston
4319,User_4319,36,user4319@example.com,Phoenix
4320,User_4320,24,user4320@example.com,New York
4321,User_4321,19,user4321@example.com,Los Angeles
4322,User_4322,61,user4322@example.com,Houston
4323,User_4323,19,user4323@example.com,Houston
4324,User_4324,55,user4324@example.com,Los Angeles
4325,User_4325,57,user4325@example.com,Houston
4326,User_4326,48,user4326@example.com,Houston
4327,User_4327,60,user4327@example.com,Houston
4328,User_4328,21,user4328@example.com,Houston
4329,User_4329,65,user4329@example.com,Houston
4330,User_4330,42,user4330@example.com,Chicago
4331,User_4331,62,user4331@example.com,Los Angeles
4332,User_4332,40,user4332@example.com,Los Angeles
4333,User_4333,37,user4333@example.com,Houston
4334,User_4334,52,user4334@example.com,New York
4335,User_4335,20,user4335@example.com,Chicago
4336,User_4336,47,user4336@example.com,Chicago
4337,User_4337,26,user4337@example.com,Houston
4338,User_4338,20,user4338@example.com,Los Angeles
4339,User_4339,57,user4339@example.com,New York
4340,User_4340,19,user4340@example.com,Chicago
4341,User_4341,18,user4341@example.com,New York
4342,User_4342,35,user4342@example.com,Houston
4343,User_4343,36,user4343@example.com,Los Angeles
4344,User_4344,54,user4344@example.com,Houston
4345,User_4345,63,user4345@example.com,Phoenix
4346,User_4346,32,user4346@example.com,Chicago
4347,User_4347,61,user4347@example.com,New York
4348,User_4348,40,user4348@example.com,New York
4349,User_4349,40,user4349@example.com,New York
4350,User_4350,45,user4350@example.com,Los Angeles
4351,User_4351,31,user4351@example.com,Chicago
4352,User_4352,42,user4352@example.com,Houston
4353,User_4353,38,user4353@example.com,Chicago
4354,User_4354,46,user4354@example.com,Los Angeles
4355,User_4355,61,user4355@example.com,Los Angeles
4356,User_4356,50,user4356@example.com,Los Angeles
4357,User_4357,52,user4357@example.com,Los Angeles
4358,User_4358,38,user4358@example.com,Los Angeles
4359,User_4359,28,user4359@example.com,Phoenix
4360,User_4360,62,user4360@example.com,New York
4361,User_4361,46,user4361@example.com,Phoenix
4362,User_4362,59,user4362@example.com,Houston
4363,User_4363,33,user4363@example.com,Houston
4364,User_4364,57,user4364@example.com,New York
4365,User_4365,49,user4365@example.com,Los Angeles
4366,User_4366,44,user4366@example.com,Houston
4367,User_4367,23,user4367@example.com,Houston
4368,User_4368,31,user4368@example.com,Houston
4369,User_4369,39,user4369@example.com,Los Angeles
4370,User_4370,30,user4370@example.com,Los Angeles
4371,User_4371,19,user4371@example.com,Phoenix
4372,User_4372,61,user4372@example.com,Chicago
4373,User_4373,61,user4373@example.com,Houston
4374,User_4374,53,user4374@example.com,Chicago
4375,User_4375,30,user4375@example.com,Phoenix
4376,User_4376,25,user4376@example.com,Houston
4377,User_4377,56,user4377@example.com,Phoenix
4378,User_4378,35,user4378@example.com,Chicago
4379,User_4379,51,user4379@example.com,New York
4380,User_4380,24,user4380@example.com,Los Angeles
4381,User_4381,31,user4381@example.com,Chicago
4382,User_4382,35,user4382@example.com,Los Angeles
4383,User_4383,55,user4383@example.com,Los Angeles
4384,User_4384,21,user4384@example.com,Chicago
4385,User_4385,40,user4385@example.com,Houston
4386,User_4386,64,user4386@example.com,Phoenix
4387,User_4387,26,user4387@example.com,New York
4388,User_4388,64,user4388@example.com,Houston
4389,User_4389,61,user4389@example.com,Los Angeles
4390,User_4390,48,user4390@example.com,Chicago
4391,User_4391,35,user4391@example.com,Phoenix
4392,User_4392,26,user4392@example.com,Chicago
4393,User_4393,25,user4393@example.com,Houston
4394,User_4394,50,user4394@example.com,New York
4395,User_4395,45,user4395@example.com,Los Angeles
4396,User_4396,19,user4396@example.com,Los Angeles
4397,User_4397,63,user4397@example.com,New York
4398,User_4398,32,user4398@example.com,New York
4399,User_4399,29,user4399@example.com,Houston
4400,User_4400,25,user4400@example.com,Los Angeles
4401,User_4401,40,user4401@example.com,Phoenix
4402,User_4402,36,user4402@example.com,New York
4403,User_4403,48,user4403@example.com,Houston
4404,User_4404,27,user4404@example.com,Chicago
4405,User_4405,34,user4405@example.com,Chicago
4406,User_4406,39,user4406@example.com,New York
4407,User_4407,39,user4407@example.com,Houston
4408,User_4408,55,user4408@example.com,New York
4409,User_4409,25,user4409@example.com,Chicago
4410,User_4410,54,user4410@example.com,New York
4411,User_4411,18,user4411@example.com,Phoenix
4412,User_4412,41,user4412@example.com,Chicago
4413,User_4413,29,user4413@example.com,Los Angeles
4414,User_4414,44,user4414@example.com,Phoenix
4415,User_4415,51,user4415@example.com,New York
4416,User_4416,52,user4416@example.com,Los Angeles
4417,User_4417,58,user4417@example.com,Los Angeles
4418,User_4418,23,user4418@example.com,Chicago
4419,User_4419,41,user4419@example.com,Los Angeles
4420,User_4420,42,user4420@example.com,Phoenix
4421,User_4421,22,user4421@example.com,Los Angeles
4422,User_4422,38,user4422@example.com,Los Angeles
4423,User_4423,20,user4423@example.com,Phoenix
4424,User_4424,53,user4424@example.com,Los Angeles
4425,User_4425,23,user4425@example.com,Chicago
4426,User_4426,65,user4426@example.com,Houston
4427,User_4427,23,user4427@example.com,Chicago
4428,User_4428,36,user4428@example.com,Phoenix
4429,User_4429,61,user4429@example.com,Los Angeles
4430,User_4430,36,user4430@example.com,Phoenix
4431,User_4431,31,user4431@example.com,New York
4432,User_4432,58,user4432@example.com,Phoenix
4433,User_4433,51,user4433@example.com,Houston
4434,User_4434,39,user4434@example.com,Los Angeles
4435,User_4435,54,user4435@example.com,Chicago
4436,User_4436,35,user4436@example.com,Phoenix
4437,User_4437,33,user4437@example.com,Phoenix
4438,User_4438,33,user4438@example.com,Los Angeles
4439,User_4439,63,user4439@example.com,Los Angeles
4440,User_4440,49,user4440@example.com,Houston
4441,User_4441,30,user4441@example.com,New York
4442,User_4442,20,user4442@example.com,Phoenix
4443,User_4443,61,user4443@example.com,Phoenix
4444,User_4444,54,user4444@example.com,Houston
4445,User_4445,40,user4445@example.com,Chicago
4446,User_4446,26,user4446@example.com,Chicago
4447,User_4447,52,user4447@example.com,Chicago
4448,User_4448,49,user4448@example.com,Phoenix
4449,User_4449,54,user4449@example.com,Chicago
4450,User_4450,53,user4450@example.com,Phoenix
4451,User_4451,20,user4451@example.com,Los Angeles
4452,User_4452,24,user4452@example.com,New York
4453,User_4453,59,user4453@example.com,New York
4454,User_4454,50,user4454@example.com,Houston
4455,User_4455,29,user4455@example.com,New York
4456,User_4456,50,user4456@example.com,Houston
4457,User_4457,63,user4457@example.com,New York
4458,User_4458,34,user4458@example.com,Phoenix
4459,User_4459,18,user4459@example.com,Houston
4460,User_4460,42,user4460@example.com,Phoenix
4461,User_4461,18,user4461@example.com,New York
4462,User_4462,58,user4462@example.com,Chicago
4463,User_4463,60,user4463@example.com,New York
4464,User_4464,53,user4464@example.com,Phoenix
4465,User_4465,51,user4465@example.com,Houston
4466,User_4466,19,user4466@example.com,Los Angeles
4467,User_4467,33,user4467@example.com,Phoenix
4468,User_4468,52,user4468@example.com,Phoenix
4469,User_4469,57,user4469@example.com,Chicago
4470,User_4470,49,user4470@example.com,New York
4471,User_4471,28,user4471@example.com,Phoenix
4472,User_4472,55,user4472@example.com,Phoenix
4473,User_4473,61,user4473@example.com,New York
4474,User_4474,27,user4474@example.com,Chicago
4475,User_4475,31,user4475@example.com,Phoenix
4476,User_4476,24,user4476@example.com,New York
4477,User_4477,36,user4477@example.com,New York
4478,User_4478,54,user4478@example.com,New York
4479,User_4479,18,user4479@example.com,Los Angeles
4480,User_4480,53,user4480@example.com,New York
4481,User_4481,21,user4481@example.com,Phoenix
4482,User_4482,60,user4482@example.com,Los Angeles
4483,User_4483,24,user4483@example.com,Los Angeles
4484,User_4484,60,user4484@example.com,Houston
4485,User_4485,18,user4485@example.com,Phoenix
4486,User_4486,33,user4486@example.com,Chicago
4487,User_4487,43,user4487@example.com,Phoenix
4488,User_4488,23,user4488@example.com,Chicago
4489,User_4489,43,user4489@example.com,Houston
4490,User_4490,28,user4490@example.com,Phoenix
4491,User_4491,65,user4491@example.com,Los Angeles
4492,User_4492,60,user4492@example.com,Los Angeles
4493,User_4493,54,user4493@example.com,Los Angeles
4494,User_4494,51,user4494@example.com,New York
4495,User_4495,36,user4495@example.com,Los Angeles
4496,User_4496,35,user4496@example.com,Chicago
4497,User_4497,58,user4497@example.com,Los Angeles
4498,User_4498,32,user4498@example.com,Los Angeles
4499,User_4499,58,user4499@example.com,Houston
4500,User_4500,48,user4500@example.com,Houston
4501,User_4501,56,user4501@example.com,Houston
4502,User_4502,19,user4502@example.com,New York
4503,User_4503,32,user4503@example.com,New York
4504,User_4504,53,user4504@example.com,Los Angeles
4505,User_4505,30,user4505@example.com,Los Angeles
4506,User_4506,21,user4506@example.com,Phoenix
4507,User_4507,45,user4507@example.com,Los Angeles
4508,User_4508,38,user4508@example.com,Houston
4509,User_4509,41,user4509@example.com,Houston
4510,User_4510,30,user4510@example.com,Los Angeles
4511,User_4511,28,user4511@example.com,New York
4512,User_4512,33,user4512@example.com,New York
4513,User_4513,19,user4513@example.com,Houston
4514,User_4514,19,user4514@example.com,New York
4515,User_4515,38,user4515@example.com,New York
4516,User_4516,40,user4516@example.com,Phoenix
4517,User_4517,21,user4517@example.com,New York
4518,User_4518,38,user4518@example.com,Los Angeles
4519,User_4519,40,user4519@example.com,New York
4520,User_4520,57,user4520@example.com,Los Angeles
4521,User_4521,56,user4521@example.com,Los Angeles
4522,User_4522,64,user4522@example.com,New York
4523,User_4523,32,user4523@example.com,Phoenix
4524,User_4524,65,user4524@example.com,Houston
4525,User_4525,39,user4525@example.com,Chicago
4526,User_4526,59,user4526@example.com,Phoenix
4527,User_4527,47,user4527@example.com,Los Angeles
4528,User_4528,51,user4528@example.com,Chicago
4529,User_4529,48,user4529@example.com,Chicago
4530,User_4530,54,user4530@example.com,Houston
4531,User_4531,36,user4531@example.com,Phoenix
4532,User_4532,49,user4532@example.com,Phoenix
4533,User_4533,61,user4533@example.com,Houston
4534,User_4534,45,user4534@example.com,Chicago
4535,User_4535,39,user4535@example.com,Los Angeles
4536,User_4536,35,user4536@example.com,New York
4537,User_4537,18,user4537@example.com,Houston
4538,User_4538,63,user4538@example.com,New York
4539,User_4539,63,user4539@example.com,Houston
4540,User_4540,62,user4540@example.com,Phoenix
4541,User_4541,57,user4541@example.com,New York
4542,User_4542,34,user4542@example.com,New York
4543,User_4543,28,user4543@example.com,Chicago
4544,User_4544,31,user4544@example.com,Los Angeles
4545,User_4545,61,user4545@example.com,Chicago
4546,User_4546,37,user4546@example.com,Houston
4547,User_4547,35,user4547@example.com,Los Angeles
4548,User_4548,41,user4548@example.com,New York
4549,User_4549,34,user4549@example.com,Chicago
4550,User_4550,42,user4550@example.com,Phoenix
4551,User_4551,29,user4551@example.com,Chicago
4552,User_4552,46,user4552@example.com,Los Angeles
4553,User_4553,33,user4553@example.com,Chicago
4554,User_4554,36,user4554@example.com,New York
4555,User_4555,53,user4555@example.com,Phoenix
4556,User_4556,56,user4556@example.com,Houston
4557,User_4557,59,user4557@example.com,Houston
4558,User_4558,24,user4558@example.com,New York
4559,User_4559,59,user4559@example.com,Houston
4560,User_4560,53,user4560@example.com,Los Angeles
4561,User_4561,58,user4561@example.com,Chicago
4562,User_4562,62,user4562@example.com,Houston
4563,User_4563,38,user4563@example.com,Los Angeles
4564,User_4564,23,user4564@example.com,Phoenix
4565,User_4565,60,user4565@example.com,Houston
4566,User_4566,19,user4566@example.com,Phoenix
4567,User_4567,50,user4567@example.com,Phoenix
4568,User_4568,39,user4568@example.com,New York
4569,User_4569,60,user4569@example.com,Phoenix
4570,User_4570,59,user4570@example.com,Chicago
4571,User_4571,53,user4571@example.com,Houston
4572,User_4572,49,user4572@example.com,New York
4573,User_4573,41,user4573@example.com,New York
4574,User_4574,37,user4574@example.com,Houston
4575,User_4575,47,user4575@example.com,Phoenix
4576,User_4576,52,user4576@example.com,Chicago
4577,User_4577,23,user4577@example.com,Phoenix
4578,User_4578,59,user4578@example.com,Chicago
4579,User_4579,36,user4579@example.com,New York
4580,User_4580,37,user4580@example.com,Chicago
4581,User_4581,18,user4581@example.com,Chicago
4582,User_4582,32,user4582@example.com,Phoenix
4583,User_4583,60,user4583@example.com,Los Angeles
4584,User_4584,48,user4584@example.com,Chicago
4585,User_4585,35,user4585@example.com,Los Angeles
4586,User_4586,24,user4586@example.com,Phoenix
4587,User_4587,21,user4587@example.com,Phoenix
4588,User_4588,25,user4588@example.com,Houston
4589,User_4589,45,user4589@example.com,Phoenix
4590,User_4590,45,user4590@example.com,New York
4591,User_4591,50,user4591@example.com,Los Angeles
4592,User_4592,58,user4592@example.com,Phoenix
4593,User_4593,41,user4593@example.com,Los Angeles
4594,User_4594,36,user4594@example.com,Chicago
4595,User_4595,26,user4595@example.com,New York
4596,User_4596,51,user4596@example.com,Los Angeles
4597,User_4597,21,user4597@example.com,Los Angeles
4598,User_4598,37,user4598@example.com,New York
4599,User_4599,25,user4599@example.com,Los Angeles
4600,User_4600,19,user4600@example.com,Phoenix
4601,User_4601,45,user4601@example.com,Chicago
4602,User_4602,33,user4602@example.com,Phoenix
4603,User_4603,25,user4603@example.com,Houston
4604,User_4604,25,user4604@example.com,New York
4605,User_4605,42,user4605@example.com,Phoenix
4606,User_4606,22,user4606@example.com,Chicago
4607,User_4607,42,user4607@example.com,Houston
4608,User_4608,32,user4608@example.com,New York
4609,User_4609,39,user4609@example.com,Los Angeles
4610,User_4610,31,user4610@example.com,Chicago
4611,User_4611,28,user4611@example.com,Phoenix
4612,User_4612,30,user4612@example.com,Houston
4613,User_4613,59,user4613@example.com,Chicago
4614,User_4614,34,user4614@example.com,Houston
4615,User_4615,55,user4615@example.com,Phoenix
4616,User_4616,36,user4616@example.com,Houston
4617,User_4617,64,user4617@example.com,Phoenix
4618,User_4618,39,user4618@example.com,Houston
4619,User_4619,58,user4619@example.com,New York
4620,User_4620,62,user4620@example.com,New York
4621,User_4621,18,user4621@example.com,New York
4622,User_4622,34,user4622@example.com,Chicago
4623,User_4623,65,user4623@example.com,Chicago
4624,User_4624,27,user4624@example.com,Chicago
4625,User_4625,51,user4625@example.com,Phoenix
4626,User_4626,30,user4626@example.com,Chicago
4627,User_4627,50,user4627@example.com,Chicago
4628,User_4628,43,user4628@example.com,Los Angeles
4629,User_4629,21,user4629@example.com,Los Angeles
4630,User_4630,38,user4630@example.com,New York
4631,User_4631,53,user4631@example.com,Chicago
4632,User_4632,63,user4632@example.com,New York
4633,User_4633,30,user4633@example.com,Houston
4634,User_4634,44,user4634@example.com,New York
4635,User_4635,34,user4635@example.com,Los Angeles
4636,User_4636,56,user4636@example.com,Chicago
4637,User_4637,36,user4637@example.com,Chicago
4638,User_4638,19,user4638@example.com,Phoenix
4639,User_4639,39,user4639@example.com,Los Angeles
4640,User_4640,51,user4640@example.com,Chicago
4641,User_4641,51,user4641@example.com,Phoenix
4642,User_4642,35,user4642@example.com,Houston
4643,User_4643,57,user4643@example.com,Chicago
4644,User_4644,22,user4644@example.com,Houston
4645,User_4645,62,user4645@example.com,Los Angeles
4646,User_4646,39,user4646@example.com,Chicago
4647,User_4647,45,user4647@example.com,New York
4648,User_4648,23,user4648@example.com,Phoenix
4649,User_4649,50,user4649@example.com,Chicago
4650,User_4650,45,user4650@example.com,New York
4651,User_4651,33,user4651@example.com,Los Angeles
4652,User_4652,47,user4652@example.com,Phoenix
4653,User_4653,20,user4653@example.com,Los Angeles
4654,User_4654,40,user4654@example.com,Los Angeles
4655,User_4655,48,user4655@example.com,Chicago
4656,User_4656,44,user4656@example.com,New York
4657,User_4657,51,user4657@example.com,Los Angeles
4658,User_4658,61,user4658@example.com,Los Angeles
4659,User_4659,42,user4659@example.com,Los Angeles
4660,User_4660,33,user4660@example.com,Chicago
4661,User_4661,45,user4661@example.com,Phoenix
4662,User_4662,43,user4662@example.com,Houston
4663,User_4663,23,user4663@example.com,New York
4664,User_4664,20,user4664@example.com,Los Angeles
4665,User_4665,24,user4665@example.com,Houston
4666,User_4666,51,user4666@example.com,New York
4667,User_4667,60,user4667@example.com,New York
4668,User_4668,43,user4668@example.com,Chicago
4669,User_4669,34,user4669@example.com,Chicago
4670,User_4670,53,user4670@example.com,New York
4671,User_4671,41,user4671@example.com,Los Angeles
4672,User_4672,51,user4672@example.com,Phoenix
4673,User_4673,45,user4673@example.com,Phoenix
4674,User_4674,32,user4674@example.com,Chicago
4675,User_4675,30,user4675@example.com,Phoenix
4676,User_4676,36,user4676@example.com,New York
4677,User_4677,24,user4677@example.com,Los Angeles
4678,User_4678,36,user4678@example.com,Chicago
4679,User_4679,29,user4679@example.com,Houston
4680,User_4680,36,user4680@example.com,Houston
4681,User_4681,64,user4681@example.com,Phoenix
4682,User_4682,23,user4682@example.com,Houston
4683,User_4683,37,user4683@example.com,New York
4684,User_4684,58,user4684@example.com,New York
4685,User_4685,51,user4685@example.com,New York
4686,User_4686,58,user4686@example.com,Los Angeles
4687,User_4687,26,user4687@example.com,Chicago
4688,User_4688,25,user4688@example.com,Chicago
4689,User_4689,44,user4689@example.com,Los Angeles
4690,User_4690,56,user4690@example.com,Houston
4691,User_4691,64,user4691@example.com,New York
4692,User_4692,18,user4692@example.com,Houston
4693,User_4693,47,user4693@example.com,Chicago
4694,User_4694,46,user4694@example.com,Chicago
4695,User_4695,38,user4695@example.com,Chicago
4696,User_4696,32,user4696@example.com,Chicago
4697,User_4697,26,user4697@example.com,Los Angeles
4698,User_4698,59,user4698@example.com,Chicago
4699,User_4699,18,user4699@example.com,Los Angeles
4700,User_4700,60,user4700@example.com,Phoenix
4701,User_4701,39,user4701@example.com,New York
4702,User_4702,61,user4702@example.com,New York
4703,User_4703,54,user4703@example.com,Phoenix
4704,User_4704,28,user4704@example.com,Houston
4705,User_4705,65,user4705@example.com,Chicago
4706,User_4706,58,user4706@example.com,Los Angeles
4707,User_4707,53,user4707@example.com,Los Angeles
4708,User_4708,27,user4708@example.com,Phoenix
4709,User_4709,35,user4709@example.com,Chicago
4710,User_4710,58,user4710@example.com,New York
4711,User_4711,63,user4711@example.com,Los Angeles
4712,User_4712,41,user4712@example.com,Los Angeles
4713,User_4713,22,user4713@example.com,New York
4714,User_4714,29,user4714@example.com,Los Angeles
4715,User_4715,36,user4715@example.com,New York
4716,User_4716,50,user4716@example.com,Phoenix
4717,User_4717,48,user4717@example.com,New York
4718,User_4718,26,user4718@example.com,Phoenix
4719,User_4719,39,user4719@example.com,Phoenix
4720,User_4720,43,user4720@example.com,New York
4721,User_4721,20,user4721@example.com,Chicago
4722,User_4722,31,user4722@example.com,Houston
4723,User_4723,27,user4723@example.com,Chicago
4724,User_4724,51,user4724@example.com,Chicago
4725,User_4725,28,user4725@example.com,New York
4726,User_4726,39,user4726@example.com,New York
4727,User_4727,42,user4727@example.com,New York
4728,User_4728,62,user4728@example.com,Chicago
4729,User_4729,44,user4729@example.com,Phoenix
4730,User_4730,49,user4730@example.com,Los Angeles
4731,User_4731,63,user4731@example.com,Phoenix
4732,User_4732,57,user4732@example.com,Phoenix
4733,User_4733,58,user4733@example.com,Chicago
4734,User_4734,35,user4734@example.com,Chicago
4735,User_4735,47,user4735@example.com,Los Angeles
4736,User_4736,38,user4736@example.com,Los Angeles
4737,User_4737,62,user4737@example.com,Houston
4738,User_4738,28,user4738@example.com,New York
4739,User_4739,42,user4739@example.com,Chicago
4740,User_4740,30,user4740@example.com,Los Angeles
4741,User_4741,20,user4741@example.com,Los Angeles
4742,User_4742,51,user4742@example.com,Los Angeles
4743,User_4743,35,user4743@example.com,Los Angeles
4744,User_4744,21,user4744@example.com,Houston
4745,User_4745,41,user4745@example.com,Houston
4746,User_4746,20,user4746@example.com,Los Angeles
4747,User_4747,49,user4747@example.com,New York
4748,User_4748,55,user4748@example.com,New York
4749,User_4749,29,user4749@example.com,Chicago
4750,User_4750,55,user4750@example.com,Houston
4751,User_4751,38,user4751@example.com,Houston
4752,User_4752,61,user4752@example.com,Los Angeles
4753,User_4753,61,user4753@example.com,Los Angeles
4754,User_4754,62,user4754@example.com,Chicago
4755,User_4755,48,user4755@example.com,Houston
4756,User_4756,44,user4756@example.com,New York
4757,User_4757,25,user4757@example.com,Los Angeles
4758,User_4758,47,user4758@example.com,Los Angeles
4759,User_4759,27,user4759@example.com,Los Angeles
4760,User_4760,28,user4760@example.com,Los Angeles
4761,User_4761,31,user4761@example.com,Houston
4762,User_4762,18,user4762@example.com,Chicago
4763,User_4763,50,user4763@example.com,Phoenix
4764,User_4764,61,user4764@example.com,Chicago
4765,User_4765,51,user4765@example.com,New York
4766,User_4766,32,user4766@example.com,New York
4767,User_4767,50,user4767@example.com,Chicago
4768,User_4768,64,user4768@example.com,Chicago
4769,User_4769,27,user4769@example.com,New York
4770,User_4770,61,user4770@example.com,Phoenix
4771,User_4771,40,user4771@example.com,Los Angeles
4772,User_4772,31,user4772@example.com,Chicago
4773,User_4773,58,user4773@example.com,Chicago
4774,User_4774,37,user4774@example.com,Los Angeles
4775,User_4775,23,user4775@example.com,Chicago
4776,User_4776,54,user4776@example.com,Phoenix
4777,User_4777,57,user4777@example.com,Chicago
4778,User_4778,21,user4778@example.com,Houston
4779,User_4779,61,user4779@example.com,New York
4780,User_4780,20,user4780@example.com,Houston
4781,User_4781,59,user4781@example.com,Chicago
4782,User_4782,51,user4782@example.com,Chicago
4783,User_4783,61,user4783@example.com,New York
4784,User_4784,25,user4784@example.com,Houston
4785,User_4785,23,user4785@example.com,Los Angeles
4786,User_4786,61,user4786@example.com,New York
4787,User_4787,52,user4787@example.com,Chicago
4788,User_4788,29,user4788@example.com,Houston
4789,User_4789,20,user4789@example.com,Phoenix
4790,User_4790,26,user4790@example.com,Los Angeles
4791,User_4791,43,user4791@example.com,Los Angeles
4792,User_4792,32,user4792@example.com,Los Angeles
4793,User_4793,50,user4793@example.com,Phoenix
4794,User_4794,26,user4794@example.com,Los Angeles
4795,User_4795,65,user4795@example.com,Los Angeles
4796,User_4796,48,user4796@example.com,Phoenix
4797,User_4797,23,user4797@example.com,Chicago
4798,User_4798,30,user4798@example.com,Phoenix
4799,User_4799,25,user4799@example.com,Chicago
4800,User_4800,34,user4800@example.com,Phoenix
4801,User_4801,21,user4801@example.com,Houston
4802,User_4802,40,user4802@example.com,Los Angeles
4803,User_4803,31,user4803@example.com,Los Angeles
4804,User_4804,61,user4804@example.com,Houston
4805,User_4805,63,user4805@example.com,New York
4806,User_4806,56,user4806@example.com,Los Angeles
4807,User_4807,34,user4807@example.com,New York
4808,User_4808,50,user4808@example.com,Houston
4809,User_4809,42,user4809@example.com,Phoenix
4810,User_4810,57,user4810@example.com,Houston
4811,User_4811,43,user4811@example.com,Los Angeles
4812,User_4812,65,user4812@example.com,Houston
4813,User_4813,40,user4813@example.com,New York
4814,User_4814,39,user4814@example.com,Chicago
4815,User_4815,59,user4815@example.com,Houston
4816,User_4816,49,user4816@example.com,New York
4817,User_4817,48,user4817@example.com,Phoenix
4818,User_4818,21,user4818@example.com,Houston
4819,User_4819,48,user4819@example.com,Chicago
4820,User_4820,60,user4820@example.com,Los Angeles
4821,User_4821,38,user4821@example.com,New York
4822,User_4822,45,user4822@example.com,Los Angeles
4823,User_4823,29,user4823@example.com,Phoenix
4824,User_4824,23,user4824@example.com,Los Angeles
4825,User_4825,64,user4825@example.com,Phoenix
4826,User_4826,48,user4826@example.com,New York
4827,User_4827,46,user4827@example.com,Los Angeles
4828,User_4828,48,user4828@example.com,Los Angeles
4829,User_4829,63,user4829@example.com,Chicago
4830,User_4830,23,user4830@example.com,New York
4831,User_4831,20,user4831@example.com,Chicago
4832,User_4832,58,user4832@example.com,Chicago
4833,User_4833,56,user4833@example.com,Phoenix
4834,User_4834,49,user4834@example.com,Chicago
4835,User_4835,48,user4835@example.com,Chicago
4836,User_4836,37,user4836@example.com,Phoenix
4837,User_4837,39,user4837@example.com,Houston
4838,User_4838,42,user4838@example.com,Houston
4839,User_4839,46,user4839@example.com,Houston
4840,User_4840,25,user4840@example.com,Houston
4841,User_4841,20,user4841@example.com,Los Angeles
4842,User_4842,27,user4842@example.com,Houston
4843,User_4843,36,user4843@example.com,Los Angeles
4844,User_4844,24,user4844@example.com,Houston
4845,User_4845,45,user4845@example.com,Chicago
4846,User_4846,49,user4846@example.com,Los Angeles
4847,User_4847,29,user4847@example.com,New York
4848,User_4848,56,user4848@example.com,Chicago
4849,User_4849,56,user4849@example.com,Chicago
4850,User_4850,33,user4850@example.com,Phoenix
4851,User_4851,29,user4851@example.com,Chicago
4852,User_4852,33,user4852@example.com,Los Angeles
4853,User_4853,37,user4853@example.com,Phoenix
4854,User_4854,28,user4854@example.com,Chicago
4855,User_4855,36,user4855@example.com,Houston
4856,User_4856,22,user4856@example.com,Los Angeles
4857,User_4857,61,user4857@example.com,New York
4858,User_4858,36,user4858@example.com,Chicago
4859,User_4859,57,user4859@example.com,New York
4860,User_4860,19,user4860@example.com,New York
4861,User_4861,52,user4861@example.com,Los Angeles
4862,User_4862,50,user4862@example.com,Phoenix
4863,User_4863,21,user4863@example.com,Los Angeles
4864,User_4864,23,user4864@example.com,Chicago
4865,User_4865,39,user4865@example.com,Phoenix
4866,User_4866,55,user4866@example.com,New York
4867,User_4867,40,user4867@example.com,Chicago
4868,User_4868,25,user4868@example.com,Chicago
4869,User_4869,48,user4869@example.com,Los Angeles
4870,User_4870,52,user4870@example.com,Phoenix
4871,User_4871,63,user4871@example.com,Chicago
4872,User_4872,22,user4872@example.com,Phoenix
4873,User_4873,24,user4873@example.com,New York
4874,User_4874,29,user4874@example.com,New York
4875,User_4875,29,user4875@example.com,New York
4876,User_4876,47,user4876@example.com,New York
4877,User_4877,38,user4877@example.com,Houston
4878,User_4878,59,user4878@example.com,Chicago
4879,User_4879,35,user4879@example.com,New York
4880,User_4880,37,user4880@example.com,Los Angeles
4881,User_4881,24,user4881@example.com,New York
4882,User_4882,41,user4882@example.com,Chicago
4883,User_4883,28,user4883@example.com,Chicago
4884,User_4884,47,user4884@example.com,Phoenix
4885,User_4885,53,user4885@example.com,Chicago
4886,User_4886,63,user4886@example.com,Chicago
4887,User_4887,19,user4887@example.com,New York
4888,User_4888,24,user4888@example.com,Los Angeles
4889,User_4889,54,user4889@example.com,Phoenix
4890,User_4890,55,user4890@example.com,New York
4891,User_4891,60,user4891@example.com,New York
4892,User_4892,57,user4892@example.com,Chicago
4893,User_4893,53,user4893@example.com,New York
4894,User_4894,50,user4894@example.com,Phoenix
4895,User_4895,38,user4895@example.com,Phoenix
4896,User_4896,62,user4896@example.com,New York
4897,User_4897,32,user4897@example.com,New York
4898,User_4898,58,user4898@example.com,Houston
4899,User_4899,44,user4899@example.com,New York
4900,User_4900,41,user4900@example.com,Phoenix
4901,User_4901,36,user4901@example.com,Chicago
4902,User_4902,32,user4902@example.com,New York
4903,User_4903,35,user4903@example.com,Phoenix
4904,User_4904,44,user4904@example.com,Los Angeles
4905,User_4905,30,user4905@example.com,New York
4906,User_4906,39,user4906@example.com,Phoenix
4907,User_4907,64,user4907@example.com,Houston
4908,User_4908,50,user4908@example.com,Houston
4909,User_4909,43,user4909@example.com,Phoenix
4910,User_4910,21,user4910@example.com,Phoenix
4911,User_4911,55,user4911@example.com,New York
4912,User_4912,65,user4912@example.com,Phoenix
4913,User_4913,19,user4913@example.com,Houston
4914,User_4914,34,user4914@example.com,Phoenix
4915,User_4915,32,user4915@example.com,Chicago
4916,User_4916,61,user4916@example.com,Los Angeles
4917,User_4917,28,user4917@example.com,Los Angeles
4918,User_4918,27,user4918@example.com,Phoenix
4919,User_4919,60,user4919@example.com,Los Angeles
4920,User_4920,20,user4920@example.com,Chicago
4921,User_4921,28,user4921@example.com,Los Angeles
4922,User_4922,64,user4922@example.com,Phoenix
4923,User_4923,20,user4923@example.com,Phoenix
4924,User_4924,65,user4924@example.com,New York
4925,User_4925,55,user4925@example.com,Los Angeles
4926,User_4926,22,user4926@example.com,Houston
4927,User_4927,40,user4927@example.com,Los Angeles
4928,User_4928,25,user4928@example.com,Phoenix
4929,User_4929,58,user4929@example.com,Phoenix
4930,User_4930,18,user4930@example.com,Los Angeles
4931,User_4931,35,user4931@example.com,Phoenix
4932,User_4932,22,user4932@example.com,Los Angeles
4933,User_4933,51,user4933@example.com,New York
4934,User_4934,36,user4934@example.com,Chicago
4935,User_4935,52,user4935@example.com,Chicago
4936,User_4936,40,user4936@example.com,New York
4937,User_4937,23,user4937@example.com,Los Angeles
4938,User_4938,37,user4938@example.com,Chicago
4939,User_4939,52,user4939@example.com,Los Angeles
4940,User_4940,57,user4940@example.com,Chicago
4941,User_4941,34,user4941@example.com,Los Angeles
4942,User_4942,46,user4942@example.com,Los Angeles
4943,User_4943,24,user4943@example.com,Los Angeles
4944,User_4944,35,user4944@example.com,Chicago
4945,User_4945,43,user4945@example.com,Chicago
4946,User_4946,53,user4946@example.com,New York
4947,User_4947,36,user4947@example.com,Chicago
4948,User_4948,43,user4948@example.com,Phoenix
4949,User_4949,52,user4949@example.com,Houston
4950,User_4950,55,user4950@example.com,Chicago
4951,User_4951,25,user4951@example.com,Phoenix
4952,User_4952,31,user4952@example.com,Phoenix
4953,User_4953,29,user4953@example.com,New York
4954,User_4954,19,user4954@example.com,New York
4955,User_4955,50,user4955@example.com,Phoenix
4956,User_4956,55,user4956@example.com,Chicago
4957,User_4957,58,user4957@example.com,Houston
4958,User_4958,18,user4958@example.com,Los Angeles
4959,User_4959,22,user4959@example.com,New York
4960,User_4960,58,user4960@example.com,Houston
4961,User_4961,25,user4961@example.com,New York
4962,User_4962,49,user4962@example.com,New York
4963,User_4963,27,user4963@example.com,Houston
4964,User_4964,27,user4964@example.com,Phoenix
4965,User_4965,33,user4965@example.com,New York
4966,User_4966,63,user4966@example.com,Houston
4967,User_4967,33,user4967@example.com,Houston
4968,User_4968,26,user4968@example.com,Houston
4969,User_4969,29,user4969@example.com,Chicago
4970,User_4970,18,user4970@example.com,Chicago
4971,User_4971,32,user4971@example.com,Phoenix
4972,User_4972,23,user4972@example.com,Houston
4973,User_4973,38,user4973@example.com,Chicago
4974,User_4974,19,user4974@example.com,Phoenix
4975,User_4975,60,user4975@example.com,New York
4976,User_4976,56,user4976@example.com,Los Angeles
4977,User_4977,30,user4977@example.com,Los Angeles
4978,User_4978,62,user4978@example.com,Chicago
4979,User_4979,29,user4979@example.com,Houston
4980,User_4980,34,user4980@example.com,New York
4981,User_4981,35,user4981@example.com,Phoenix
4982,User_4982,23,user4982@example.com,Los Angeles
4983,User_4983,56,user4983@example.com,Chicago
4984,User_4984,62,user4984@example.com,Houston
4985,User_4985,60,user4985@example.com,Phoenix
4986,User_4986,64,user4986@example.com,Chicago
4987,User_4987,44,user4987@example.com,Houston
4988,User_4988,43,user4988@example.com,New York
4989,User_4989,23,user4989@example.com,Chicago
4990,User_4990,29,user4990@example.com,Phoenix
4991,User_4991,46,user4991@example.com,Los Angeles
4992,User_4992,51,user4992@example.com,New York
4993,User_4993,41,user4993@example.com,Chicago
4994,User_4994,21,user4994@example.com,Phoenix
4995,User_4995,34,user4995@example.com,Los Angeles
4996,User_4996,35,user4996@example.com,Chicago
4997,User_4997,30,user4997@example.com,Phoenix
4998,User_4998,48,user4998@example.com,Chicago
4999,User_4999,31,user4999@example.com,Houston
5000,User_5000,61,user5000@example.com,Phoenix
5001,User_5001,37,user5001@example.com,Chicago
5002,User_5002,58,user5002@example.com,Los Angeles
5003,User_5003,65,user5003@example.com,Houston
5004,User_5004,41,user5004@example.com,Chicago
5005,User_5005,20,user5005@example.com,New York
5006,User_5006,27,user5006@example.com,Phoenix
5007,User_5007,50,user5007@example.com,Houston
5008,User_5008,56,user5008@example.com,Phoenix
5009,User_5009,23,user5009@example.com,Houston
5010,User_5010,60,user5010@example.com,Phoenix
5011,User_5011,18,user5011@example.com,Houston
5012,User_5012,36,user5012@example.com,Houston
5013,User_5013,57,user5013@example.com,Houston
5014,User_5014,58,user5014@example.com,Los Angeles
5015,User_5015,20,user5015@example.com,New York
5016,User_5016,45,user5016@example.com,Houston
5017,User_5017,34,user5017@example.com,Chicago
5018,User_5018,46,user5018@example.com,Chicago
5019,User_5019,64,user5019@example.com,Phoenix
5020,User_5020,53,user5020@example.com,New York
5021,User_5021,57,user5021@example.com,Los Angeles
5022,User_5022,61,user5022@example.com,Los Angeles
5023,User_5023,24,user5023@example.com,Phoenix
5024,User_5024,36,user5024@example.com,New York
5025,User_5025,41,user5025@example.com,Chicago
5026,User_5026,42,user5026@example.com,Houston
5027,User_5027,48,user5027@example.com,Houston
5028,User_5028,26,user5028@example.com,Chicago
5029,User_5029,47,user5029@example.com,Los Angeles
5030,User_5030,34,user5030@example.com,New York
5031,User_5031,42,user5031@example.com,Houston
5032,User_5032,42,user5032@example.com,Los Angeles
5033,User_5033,45,user5033@example.com,Houston
5034,User_5034,58,user5034@example.com,Chicago
5035,User_5035,39,user5035@example.com,Los Angeles
5036,User_5036,18,user5036@example.com,Los Angeles
5037,User_5037,54,user5037@example.com,New York
5038,User_5038,22,user5038@example.com,Phoenix
5039,User_5039,45,user5039@example.com,New York
5040,User_5040,33,user5040@example.com,Houston
5041,User_5041,65,user5041@example.com,Houston
5042,User_5042,39,user5042@example.com,Los Angeles
5043,User_5043,21,user5043@example.com,Houston
5044,User_5044,65,user5044@example.com,Houston
5045,User_5045,19,user5045@example.com,Chicago
5046,User_5046,61,user5046@example.com,New York
5047,User_5047,42,user5047@example.com,Phoenix
5048,User_5048,48,user5048@example.com,New York
5049,User_5049,52,user5049@example.com,Chicago
5050,User_5050,52,user5050@example.com,Phoenix
5051,User_5051,63,user5051@example.com,Los Angeles
5052,User_5052,19,user5052@example.com,Los Angeles
5053,User_5053,53,user5053@example.com,Chicago
5054,User_5054,28,user5054@example.com,New York
5055,User_5055,35,user5055@example.com,Los Angeles
5056,User_5056,40,user5056@example.com,Houston
5057,User_5057,48,user5057@example.com,Phoenix
5058,User_5058,21,user5058@example.com,Chicago
5059,User_5059,18,user5059@example.com,Los Angeles
5060,User_5060,36,user5060@example.com,Houston
5061,User_5061,55,user5061@example.com,Chicago
5062,User_5062,20,user5062@example.com,Los Angeles
5063,User_5063,60,user5063@example.com,Los Angeles
5064,User_5064,37,user5064@example.com,Los Angeles
5065,User_5065,52,user5065@example.com,Phoenix
5066,User_5066,19,user5066@example.com,Phoenix
5067,User_5067,62,user5067@example.com,Chicago
5068,User_5068,41,user5068@example.com,Los Angeles
5069,User_5069,40,user5069@example.com,Phoenix
5070,User_5070,63,user5070@example.com,Houston
5071,User_5071,46,user5071@example.com,Los Angeles
5072,User_5072,59,user5072@example.com,Phoenix
5073,User_5073,48,user5073@example.com,Chicago
5074,User_5074,45,user5074@example.com,Chicago
5075,User_5075,51,user5075@example.com,New York
5076,User_5076,31,user5076@example.com,Chicago
5077,User_5077,51,user5077@example.com,Phoenix
5078,User_5078,53,user5078@example.com,Los Angeles
5079,User_5079,62,user5079@example.com,New York
5080,User_5080,65,user5080@example.com,Houston
5081,User_5081,60,user5081@example.com,New York
5082,User_5082,33,user5082@example.com,Phoenix
5083,User_5083,53,user5083@example.com,Houston
5084,User_5084,43,user5084@example.com,Chicago
5085,User_5085,40,user5085@example.com,Los Angeles
5086,User_5086,48,user5086@example.com,Chicago
5087,User_5087,24,user5087@example.com,Los Angeles
5088,User_5088,47,user5088@example.com,Houston
5089,User_5089,57,user5089@example.com,Houston
5090,User_5090,44,user5090@example.com,Chicago
5091,User_5091,54,user5091@example.com,Phoenix
5092,User_5092,40,user5092@example.com,Phoenix
5093,User_5093,54,user5093@example.com,Chicago
5094,User_5094,49,user5094@example.com,Phoenix
5095,User_5095,48,user5095@example.com,Chicago
5096,User_5096,50,user5096@example.com,Los Angeles
5097,User_5097,34,user5097@example.com,Houston
5098,User_5098,51,user5098@example.com,Chicago
5099,User_5099,26,user5099@example.com,Los Angeles
5100,User_5100,51,user5100@example.com,Los Angeles
5101,User_5101,36,user5101@example.com,Chicago
5102,User_5102,44,user5102@example.com,Houston
5103,User_5103,45,user5103@example.com,Phoenix
5104,User_5104,37,user5104@example.com,New York
5105,User_5105,27,user5105@example.com,New York
5106,User_5106,19,user5106@example.com,Houston
5107,User_5107,46,user5107@example.com,New York
5108,User_5108,24,user5108@example.com,Los Angeles
5109,User_5109,54,user5109@example.com,Houston
5110,User_5110,48,user5110@example.com,Chicago
5111,User_5111,60,user5111@example.com,Phoenix
5112,User_5112,45,user5112@example.com,New York
5113,User_5113,46,user5113@example.com,Houston
5114,User_5114,44,user5114@example.com,Chicago
5115,User_5115,56,user5115@example.com,New York
5116,User_5116,34,user5116@example.com,Phoenix
5117,User_5117,40,user5117@example.com,Chicago
5118,User_5118,30,user5118@example.com,Houston
5119,User_5119,23,user5119@example.com,Los Angeles
5120,User_5120,55,user5120@example.com,New York
5121,User_5121,22,user5121@example.com,New York
5122,User_5122,49,user5122@example.com,Phoenix
5123,User_5123,52,user5123@example.com,Houston
5124,User_5124,18,user5124@example.com,New York
5125,User_5125,29,user5125@example.com,Houston
5126,User_5126,61,user5126@example.com,Los Angeles
5127,User_5127,23,user5127@example.com,Chicago
5128,User_5128,59,user5128@example.com,New York
5129,User_5129,56,user5129@example.com,Houston
5130,User_5130,46,user5130@example.com,Phoenix
5131,User_5131,22,user5131@example.com,Chicago
5132,User_5132,32,user5132@example.com,Chicago
5133,User_5133,61,user5133@example.com,Phoenix
5134,User_5134,41,user5134@example.com,Houston
5135,User_5135,24,user5135@example.com,New York
5136,User_5136,34,user5136@example.com,Los Angeles
5137,User_5137,35,user5137@example.com,New York
5138,User_5138,59,user5138@example.com,Phoenix
5139,User_5139,63,user5139@example.com,Chicago
5140,User_5140,42,user5140@example.com,New York
5141,User_5141,30,user5141@example.com,Chicago
5142,User_5142,63,user5142@example.com,Los Angeles
5143,User_5143,41,user5143@example.com,Los Angeles
5144,User_5144,38,user5144@example.com,Houston
5145,User_5145,32,user5145@example.com,New York
5146,User_5146,32,user5146@example.com,Phoenix
5147,User_5147,45,user5147@example.com,Houston
5148,User_5148,30,user5148@example.com,Houston
5149,User_5149,36,user5149@example.com,Houston
5150,User_5150,28,user5150@example.com,New York
5151,User_5151,18,user5151@example.com,New York
5152,User_5152,31,user5152@example.com,Chicago
5153,User_5153,45,user5153@example.com,Phoenix
5154,User_5154,45,user5154@example.com,New York
5155,User_5155,50,user5155@example.com,New York
5156,User_5156,20,user5156@example.com,Chicago
5157,User_5157,25,user5157@example.com,Los Angeles
5158,User_5158,45,user5158@example.com,Los Angeles
5159,User_5159,27,user5159@example.com,Chicago
5160,User_5160,19,user5160@example.com,Phoenix
5161,User_5161,25,user5161@example.com,Chicago
5162,User_5162,31,user5162@example.com,Chicago
5163,User_5163,64,user5163@example.com,New York
5164,User_5164,25,user5164@example.com,Los Angeles
5165,User_5165,63,user5165@example.com,Chicago
5166,User_5166,30,user5166@example.com,Los Angeles
5167,User_5167,23,user5167@example.com,New York
5168,User_5168,44,user5168@example.com,New York
5169,User_5169,25,user5169@example.com,Phoenix
5170,User_5170,63,user5170@example.com,New York
5171,User_5171,33,user5171@example.com,Los Angeles
5172,User_5172,44,user5172@example.com,Los Angeles
5173,User_5173,57,user5173@example.com,New York
5174,User_5174,21,user5174@example.com,Phoenix
5175,User_5175,59,user5175@example.com,Los Angeles
5176,User_5176,58,user5176@example.com,New York
5177,User_5177,48,user5177@example.com,Chicago
5178,User_5178,20,user5178@example.com,Houston
5179,User_5179,55,user5179@example.com,Phoenix
5180,User_5180,55,user5180@example.com,Chicago
5181,User_5181,51,user5181@example.com,Los Angeles
5182,User_5182,38,user5182@example.com,Chicago
5183,User_5183,55,user5183@example.com,Los Angeles
5184,User_5184,19,user5184@example.com,Phoenix
5185,User_5185,54,user5185@example.com,New York
5186,User_5186,23,user5186@example.com,Los Angeles
5187,User_5187,24,user5187@example.com,Houston
5188,User_5188,22,user5188@example.com,New York
5189,User_5189,39,user5189@example.com,New York
5190,User_5190,21,user5190@example.com,Houston
5191,User_5191,35,user5191@example.com,New York
5192,User_5192,23,user5192@example.com,Los Angeles
5193,User_5193,21,user5193@example.com,Los Angeles
5194,User_5194,61,user5194@example.com,Houston
5195,User_5195,54,user5195@example.com,Phoenix
5196,User_5196,60,user5196@example.com,Chicago
5197,User_5197,46,user5197@example.com,Phoenix
5198,User_5198,36,user5198@example.com,New York
5199,User_5199,65,user5199@example.com,Los Angeles
5200,User_5200,63,user5200@example.com,New York
5201,User_5201,21,user5201@example.com,Phoenix
5202,User_5202,21,user5202@example.com,Houston
5203,User_5203,64,user5203@example.com,Phoenix
5204,User_5204,44,user5204@example.com,Houston
5205,User_5205,53,user5205@example.com,Los Angeles
5206,User_5206,53,user5206@example.com,New York
5207,User_5207,19,user5207@example.com,New York
5208,User_5208,62,user5208@example.com,Houston
5209,User_5209,60,user5209@example.com,Chicago
5210,User_5210,45,user5210@example.com,New York
5211,User_5211,48,user5211@example.com,New York
5212,User_5212,22,user5212@example.com,Phoenix
5213,User_5213,65,user5213@example.com,Phoenix
5214,User_5214,47,user5214@example.com,Houston
5215,User_5215,51,user5215@example.com,Chicago
5216,User_5216,19,user5216@example.com,Phoenix
5217,User_5217,55,user5217@example.com,Houston
5218,User_5218,35,user5218@example.com,Houston
5219,User_5219,39,user5219@example.com,Chicago
5220,User_5220,29,user5220@example.com,Houston
5221,User_5221,28,user5221@example.com,Phoenix
5222,User_5222,32,user5222@example.com,New York
5223,User_5223,28,user5223@example.com,Los Angeles
5224,User_5224,59,user5224@example.com,Houston
5225,User_5225,29,user5225@example.com,Phoenix
5226,User_5226,65,user5226@example.com,Phoenix
5227,User_5227,23,user5227@example.com,Phoenix
5228,User_5228,62,user5228@example.com,Los Angeles
5229,User_5229,52,user5229@example.com,Chicago
5230,User_5230,28,user5230@example.com,Chicago
5231,User_5231,64,user5231@example.com,Chicago
5232,User_5232,34,user5232@example.com,Phoenix
5233,User_5233,24,user5233@example.com,Houston
5234,User_5234,36,user5234@example.com,New York
5235,User_5235,24,user5235@example.com,Houston
5236,User_5236,27,user5236@example.com,Phoenix
5237,User_5237,62,user5237@example.com,Phoenix
5238,User_5238,22,user5238@example.com,Houston
5239,User_5239,61,user5239@example.com,Houston
5240,User_5240,51,user5240@example.com,Phoenix
5241,User_5241,40,user5241@example.com,Houston
5242,User_5242,63,user5242@example.com,Chicago
5243,User_5243,18,user5243@example.com,New York
5244,User_5244,44,user5244@example.com,New York
5245,User_5245,33,user5245@example.com,Phoenix
5246,User_5246,41,user5246@example.com,New York
5247,User_5247,39,user5247@example.com,New York
5248,User_5248,19,user5248@example.com,Houston
5249,User_5249,35,user5249@example.com,New York
5250,User_5250,42,user5250@example.com,Houston
5251,User_5251,57,user5251@example.com,Chicago
5252,User_5252,54,user5252@example.com,Phoenix
5253,User_5253,59,user5253@example.com,Chicago
5254,User_5254,29,user5254@example.com,New York
5255,User_5255,23,user5255@example.com,Los Angeles
5256,User_5256,24,user5256@example.com,Houston
5257,User_5257,22,user5257@example.com,New York
5258,User_5258,24,user5258@example.com,Los Angeles
5259,User_5259,23,user5259@example.com,Los Angeles
5260,User_5260,29,user5260@example.com,Los Angeles
5261,User_5261,24,user5261@example.com,Phoenix
5262,User_5262,62,user5262@example.com,Chicago
5263,User_5263,35,user5263@example.com,New York
5264,User_5264,45,user5264@example.com,Phoenix
5265,User_5265,60,user5265@example.com,Los Angeles
5266,User_5266,54,user5266@example.com,Phoenix
5267,User_5267,18,user5267@example.com,Houston
5268,User_5268,50,user5268@example.com,New York
5269,User_5269,19,user5269@example.com,Phoenix
5270,User_5270,21,user5270@example.com,Chicago
5271,User_5271,48,user5271@example.com,New York
5272,User_5272,37,user5272@example.com,Phoenix
5273,User_5273,24,user5273@example.com,Los Angeles
5274,User_5274,41,user5274@example.com,Los Angeles
5275,User_5275,45,user5275@example.com,Phoenix
5276,User_5276,36,user5276@example.com,New York
5277,User_5277,63,user5277@example.com,New York
5278,User_5278,55,user5278@example.com,Los Angeles
5279,User_5279,52,user5279@example.com,Chicago
5280,User_5280,60,user5280@example.com,Phoenix
5281,User_5281,53,user5281@example.com,Houston
5282,User_5282,39,user5282@example.com,Los Angeles
5283,User_5283,59,user5283@example.com,Los Angeles
5284,User_5284,35,user5284@example.com,Los Angeles
5285,User_5285,19,user5285@example.com,New York
5286,User_5286,23,user5286@example.com,Chicago
5287,User_5287,31,user5287@example.com,Houston
5288,User_5288,54,user5288@example.com,New York
5289,User_5289,22,user5289@example.com,Chicago
5290,User_5290,46,user5290@example.com,Houston
5291,User_5291,54,user5291@example.com,New York
5292,User_5292,58,user5292@example.com,Houston
5293,User_5293,51,user5293@example.com,Phoenix
5294,User_5294,22,user5294@example.com,Houston
5295,User_5295,64,user5295@example.com,Phoenix
5296,User_5296,24,user5296@example.com,Los Angeles
5297,User_5297,26,user5297@example.com,New York
5298,User_5298,39,user5298@example.com,Los Angeles
5299,User_5299,18,user5299@example.com,Houston
5300,User_5300,50,user5300@example.com,Los Angeles
5301,User_5301,31,user5301@example.com,Houston
5302,User_5302,35,user5302@example.com,Chicago
5303,User_5303,54,user5303@example.com,New York
5304,User_5304,46,user5304@example.com,Los Angeles
5305,User_5305,55,user5305@example.com,Los Angeles
5306,User_5306,34,user5306@example.com,Phoenix
5307,User_5307,40,user5307@example.com,New York
5308,User_5308,59,user5308@example.com,New York
5309,User_5309,56,user5309@example.com,Los Angeles
5310,User_5310,58,user5310@example.com,Houston
5311,User_5311,46,user5311@example.com,Los Angeles
5312,User_5312,30,user5312@example.com,Phoenix
5313,User_5313,61,user5313@example.com,Phoenix
5314,User_5314,45,user5314@example.com,Houston
5315,User_5315,20,user5315@example.com,New York
5316,User_5316,60,user5316@example.com,Chicago
5317,User_5317,59,user5317@example.com,Chicago
5318,User_5318,64,user5318@example.com,Chicago
5319,User_5319,63,user5319@example.com,Phoenix
5320,User_5320,51,user5320@example.com,Phoenix
5321,User_5321,25,user5321@example.com,New York
5322,User_5322,41,user5322@example.com,Los Angeles
5323,User_5323,30,user5323@example.com,New York
5324,User_5324,33,user5324@example.com,New York
5325,User_5325,46,user5325@example.com,Chicago
5326,User_5326,31,user5326@example.com,Houston
5327,User_5327,36,user5327@example.com,Chicago
5328,User_5328,58,user5328@example.com,Chicago
5329,User_5329,50,user5329@example.com,Los Angeles
5330,User_5330,58,user5330@example.com,Houston
5331,User_5331,41,user5331@example.com,Los Angeles
5332,User_5332,29,user5332@example.com,Houston
5333,User_5333,39,user5333@example.com,Houston
5334,User_5334,52,user5334@example.com,New York
5335,User_5335,26,user5335@example.com,Phoenix
5336,User_5336,31,user5336@example.com,Phoenix
5337,User_5337,43,user5337@example.com,Los Angeles
5338,User_5338,22,user5338@example.com,Los Angeles
5339,User_5339,56,user5339@example.com,Houston
5340,User_5340,27,user5340@example.com,New York
5341,User_5341,36,user5341@example.com,New York
5342,User_5342,57,user5342@example.com,Chicago
5343,User_5343,33,user5343@example.com,New York
5344,User_5344,23,user5344@example.com,Chicago
5345,User_5345,43,user5345@example.com,Phoenix
5346,User_5346,33,user5346@example.com,Houston
5347,User_5347,28,user5347@example.com,Houston
5348,User_5348,62,user5348@example.com,New York
5349,User_5349,64,user5349@example.com,Phoenix
5350,User_5350,18,user5350@example.com,Houston
5351,User_5351,62,user5351@example.com,Los Angeles
5352,User_5352,49,user5352@example.com,Phoenix
5353,User_5353,39,user5353@example.com,Houston
5354,User_5354,19,user5354@example.com,Phoenix
5355,User_5355,60,user5355@example.com,Phoenix
5356,User_5356,57,user5356@example.com,New York
5357,User_5357,41,user5357@example.com,Chicago
5358,User_5358,56,user5358@example.com,New York
5359,User_5359,34,user5359@example.com,New York
5360,User_5360,61,user5360@example.com,Chicago
5361,User_5361,22,user5361@example.com,Los Angeles
5362,User_5362,45,user5362@example.com,New York
5363,User_5363,27,user5363@example.com,Chicago
5364,User_5364,23,user5364@example.com,Phoenix
5365,User_5365,35,user5365@example.com,Chicago
5366,User_5366,61,user5366@example.com,Phoenix
5367,User_5367,21,user5367@example.com,Phoenix
5368,User_5368,32,user5368@example.com,Chicago
5369,User_5369,35,user5369@example.com,Chicago
5370,User_5370,61,user5370@example.com,New York
5371,User_5371,22,user5371@example.com,Los Angeles
5372,User_5372,54,user5372@example.com,Los Angeles
5373,User_5373,59,user5373@example.com,New York
5374,User_5374,36,user5374@example.com,Phoenix
5375,User_5375,34,user5375@example.com,Chicago
5376,User_5376,43,user5376@example.com,Phoenix
5377,User_5377,51,user5377@example.com,Chicago
5378,User_5378,19,user5378@example.com,Houston
5379,User_5379,20,user5379@example.com,Houston
5380,User_5380,63,user5380@example.com,Houston
5381,User_5381,47,user5381@example.com,New York
5382,User_5382,50,user5382@example.com,New York
5383,User_5383,65,user5383@example.com,Houston
5384,User_5384,45,user5384@example.com,Phoenix
5385,User_5385,29,user5385@example.com,Phoenix
5386,User_5386,27,user5386@example.com,New York
5387,User_5387,48,user5387@example.com,Los Angeles
5388,User_5388,36,user5388@example.com,Phoenix
5389,User_5389,27,user5389@example.com,Houston
5390,User_5390,53,user5390@example.com,Houston
5391,User_5391,54,user5391@example.com,Los Angeles
5392,User_5392,49,user5392@example.com,New York
5393,User_5393,48,user5393@example.com,Los Angeles
5394,User_5394,61,user5394@example.com,Chicago
5395,User_5395,62,user5395@example.com,Phoenix
5396,User_5396,43,user5396@example.com,New York
5397,User_5397,26,user5397@example.com,Phoenix
5398,User_5398,54,user5398@example.com,Chicago
5399,User_5399,60,user5399@example.com,Los Angeles
5400,User_5400,34,user5400@example.com,Houston
5401,User_5401,65,user5401@example.com,Los Angeles
5402,User_5402,47,user5402@example.com,Los Angeles
5403,User_5403,36,user5403@example.com,Phoenix
5404,User_5404,62,user5404@example.com,Phoenix
5405,User_5405,30,user5405@example.com,Phoenix
5406,User_5406,29,user5406@example.com,Chicago
5407,User_5407,48,user5407@example.com,Houston
5408,User_5408,48,user5408@example.com,New York
5409,User_5409,59,user5409@example.com,Houston
5410,User_5410,39,user5410@example.com,Chicago
5411,User_5411,29,user5411@example.com,New York
5412,User_5412,53,user5412@example.com,Chicago
5413,User_5413,60,user5413@example.com,Houston
5414,User_5414,59,user5414@example.com,Houston
5415,User_5415,32,user5415@example.com,Houston
5416,User_5416,42,user5416@example.com,Phoenix
5417,User_5417,20,user5417@example.com,New York
5418,User_5418,27,user5418@example.com,Los Angeles
5419,User_5419,50,user5419@example.com,Los Angeles
5420,User_5420,55,user5420@example.com,Chicago
5421,User_5421,39,user5421@example.com,Los Angeles
5422,User_5422,31,user5422@example.com,New York
5423,User_5423,45,user5423@example.com,Los Angeles
5424,User_5424,57,user5424@example.com,New York
5425,User_5425,37,user5425@example.com,Phoenix
5426,User_5426,27,user5426@example.com,New York
5427,User_5427,28,user5427@example.com,Chicago
5428,User_5428,58,user5428@example.com,Chicago
5429,User_5429,27,user5429@example.com,Phoenix
5430,User_5430,64,user5430@example.com,Los Angeles
5431,User_5431,61,user5431@example.com,Houston
5432,User_5432,59,user5432@example.com,Houston
5433,User_5433,18,user5433@example.com,Los Angeles
5434,User_5434,35,user5434@example.com,Phoenix
5435,User_5435,62,user5435@example.com,Chicago
5436,User_5436,37,user5436@example.com,Los Angeles
5437,User_5437,53,user5437@example.com,Los Angeles
5438,User_5438,19,user5438@example.com,New York
5439,User_5439,26,user5439@example.com,Phoenix
5440,User_5440,51,user5440@example.com,Los Angeles
5441,User_5441,58,user5441@example.com,Los Angeles
5442,User_5442,49,user5442@example.com,Houston
5443,User_5443,28,user5443@example.com,Phoenix
5444,User_5444,29,user5444@example.com,Houston
5445,User_5445,58,user5445@example.com,Los Angeles
5446,User_5446,43,user5446@example.com,New York
5447,User_5447,19,user5447@example.com,Chicago
5448,User_5448,56,user5448@example.com,Houston
5449,User_5449,25,user5449@example.com,Los Angeles
5450,User_5450,32,user5450@example.com,Phoenix
5451,User_5451,33,user5451@example.com,Houston
5452,User_5452,34,user5452@example.com,Phoenix
5453,User_5453,27,user5453@example.com,Phoenix
5454,User_5454,40,user5454@example.com,Houston
5455,User_5455,65,user5455@example.com,Phoenix
5456,User_5456,58,user5456@example.com,New York
5457,User_5457,26,user5457@example.com,Phoenix
5458,User_5458,31,user5458@example.com,Chicago
5459,User_5459,39,user5459@example.com,Los Angeles
5460,User_5460,39,user5460@example.com,Chicago
5461,User_5461,61,user5461@example.com,Phoenix
5462,User_5462,65,user5462@example.com,New York
5463,User_5463,41,user5463@example.com,Phoenix
5464,User_5464,46,user5464@example.com,Chicago
5465,User_5465,37,user5465@example.com,Houston
5466,User_5466,24,user5466@example.com,Los Angeles
5467,User_5467,26,user5467@example.com,Phoenix
5468,User_5468,31,user5468@example.com,New York
5469,User_5469,27,user5469@example.com,Houston
5470,User_5470,23,user5470@example.com,Phoenix
5471,User_5471,43,user5471@example.com,Houston
5472,User_5472,34,user5472@example.com,Phoenix
5473,User_5473,41,user5473@example.com,Chicago
5474,User_5474,25,user5474@example.com,Los Angeles
5475,User_5475,26,user5475@example.com,Chicago
5476,User_5476,52,user5476@example.com,Houston
5477,User_5477,65,user5477@example.com,Phoenix
5478,User_5478,31,user5478@example.com,Phoenix
5479,User_5479,20,user5479@example.com,Phoenix
5480,User_5480,59,user5480@example.com,Chicago
5481,User_5481,28,user5481@example.com,Los Angeles
5482,User_5482,31,user5482@example.com,Phoenix
5483,User_5483,45,user5483@example.com,Chicago
5484,User_5484,46,user5484@example.com,Los Angeles
5485,User_5485,25,user5485@example.com,Phoenix
5486,User_5486,46,user5486@example.com,Phoenix
5487,User_5487,53,user5487@example.com,Phoenix
5488,User_5488,53,user5488@example.com,Phoenix
5489,User_5489,45,user5489@example.com,New York
5490,User_5490,45,user5490@example.com,New York
5491,User_5491,54,user5491@example.com,Chicago
5492,User_5492,52,user5492@example.com,Houston
5493,User_5493,20,user5493@example.com,Phoenix
5494,User_5494,25,user5494@example.com,Los Angeles
5495,User_5495,46,user5495@example.com,Houston
5496,User_5496,29,user5496@example.com,Houston
5497,User_5497,60,user5497@example.com,Houston
5498,User_5498,55,user5498@example.com,Los Angeles
5499,User_5499,24,user5499@example.com,Chicago
5500,User_5500,39,user5500@example.com,Houston
5501,User_5501,21,user5501@example.com,Houston
5502,User_5502,32,user5502@example.com,Phoenix
5503,User_5503,20,user5503@example.com,New York
5504,User_5504,51,user5504@example.com,New York
5505,User_5505,18,user5505@example.com,Chicago
5506,User_5506,24,user5506@example.com,Chicago
5507,User_5507,35,user5507@example.com,Phoenix
5508,User_5508,27,user5508@example.com,Los Angeles
5509,User_5509,50,user5509@example.com,Phoenix
5510,User_5510,34,user5510@example.com,Phoenix
5511,User_5511,61,user5511@example.com,Houston
5512,User_5512,20,user5512@example.com,Los Angeles
5513,User_5513,50,user5513@example.com,Houston
5514,User_5514,51,user5514@example.com,Los Angeles
5515,User_5515,38,user5515@example.com,Phoenix
5516,User_5516,50,user5516@example.com,Chicago
5517,User_5517,54,user5517@example.com,Los Angeles
5518,User_5518,39,user5518@example.com,Los Angeles
5519,User_5519,29,user5519@example.com,New York
5520,User_5520,20,user5520@example.com,Phoenix
5521,User_5521,39,user5521@example.com,Los Angeles
5522,User_5522,35,user5522@example.com,Los Angeles
5523,User_5523,19,user5523@example.com,Phoenix
5524,User_5524,41,user5524@example.com,Phoenix
5525,User_5525,47,user5525@example.com,Phoenix
5526,User_5526,64,user5526@example.com,Los Angeles
5527,User_5527,19,user5527@example.com,Houston
5528,User_5528,32,user5528@example.com,Chicago
5529,User_5529,41,user5529@example.com,Phoenix
5530,User_5530,24,user5530@example.com,Los Angeles
5531,User_5531,20,user5531@example.com,Chicago
5532,User_5532,47,user5532@example.com,New York
5533,User_5533,54,user5533@example.com,Houston
5534,User_5534,60,user5534@example.com,Los Angeles
5535,User_5535,50,user5535@example.com,New York
5536,User_5536,29,user5536@example.com,Chicago
5537,User_5537,26,user5537@example.com,Los Angeles
5538,User_5538,56,user5538@example.com,New York
5539,User_5539,62,user5539@example.com,Chicago
5540,User_5540,55,user5540@example.com,Chicago
5541,User_5541,56,user5541@example.com,Phoenix
5542,User_5542,30,user5542@example.com,Chicago
5543,User_5543,51,user5543@example.com,Los Angeles
5544,User_5544,31,user5544@example.com,New York
5545,User_5545,33,user5545@example.com,Houston
5546,User_5546,61,user5546@example.com,Chicago
5547,User_5547,19,user5547@example.com,Chicago
5548,User_5548,44,user5548@example.com,Los Angeles
5549,User_5549,32,user5549@example.com,Phoenix
5550,User_5550,23,user5550@example.com,New York
5551,User_5551,36,user5551@example.com,Los Angeles
5552,User_5552,36,user5552@example.com,New York
5553,User_5553,43,user5553@example.com,Los Angeles
5554,User_5554,44,user5554@example.com,Phoenix
5555,User_5555,31,user5555@example.com,Houston
5556,User_5556,33,user5556@example.com,Houston
5557,User_5557,62,user5557@example.com,Los Angeles
5558,User_5558,44,user5558@example.com,Houston
5559,User_5559,39,user5559@example.com,Chicago
5560,User_5560,22,user5560@example.com,Los Angeles
5561,User_5561,41,user5561@example.com,New York
5562,User_5562,35,user5562@example.com,Phoenix
5563,User_5563,29,user5563@example.com,New York
5564,User_5564,48,user5564@example.com,Los Angeles
5565,User_5565,28,user5565@example.com,New York
5566,User_5566,44,user5566@example.com,Chicago
5567,User_5567,25,user5567@example.com,New York
5568,User_5568,32,user5568@example.com,Houston
5569,User_5569,49,user5569@example.com,New York
5570,User_5570,59,user5570@example.com,New York
5571,User_5571,20,user5571@example.com,Chicago
5572,User_5572,58,user5572@example.com,Los Angeles
5573,User_5573,54,user5573@example.com,New York
5574,User_5574,41,user5574@example.com,Chicago
5575,User_5575,19,user5575@example.com,Phoenix
5576,User_5576,28,user5576@example.com,New York
5577,User_5577,45,user5577@example.com,New York
5578,User_5578,25,user5578@example.com,Los Angeles
5579,User_5579,65,user5579@example.com,Houston
5580,User_5580,19,user5580@example.com,Houston
5581,User_5581,49,user5581@example.com,Chicago
5582,User_5582,24,user5582@example.com,New York
5583,User_5583,56,user5583@example.com,New York
5584,User_5584,61,user5584@example.com,Chicago
5585,User_5585,26,user5585@example.com,Houston
5586,User_5586,35,user5586@example.com,Houston
5587,User_5587,36,user5587@example.com,Chicago
5588,User_5588,46,user5588@example.com,Phoenix
5589,User_5589,54,user5589@example.com,Chicago
5590,User_5590,25,user5590@example.com,New York
5591,User_5591,31,user5591@example.com,New York
5592,User_5592,61,user5592@example.com,Houston
5593,User_5593,48,user5593@example.com,Houston
5594,User_5594,28,user5594@example.com,Los Angeles
5595,User_5595,34,user5595@example.com,Los Angeles
5596,User_5596,59,user5596@example.com,Phoenix
5597,User_5597,36,user5597@example.com,Houston
5598,User_5598,25,user5598@example.com,Phoenix
5599,User_5599,24,user5599@example.com,Chicago
5600,User_5600,38,user5600@example.com,Phoenix
5601,User_5601,36,user5601@example.com,Phoenix
5602,User_5602,52,user5602@example.com,Los Angeles
5603,User_5603,26,user5603@example.com,Chicago
5604,User_5604,55,user5604@example.com,New York
5605,User_5605,65,user5605@example.com,Chicago
5606,User_5606,29,user5606@example.com,Houston
5607,User_5607,25,user5607@example.com,New York
5608,User_5608,57,user5608@example.com,Los Angeles
5609,User_5609,19,user5609@example.com,Houston
5610,User_5610,57,user5610@example.com,Chicago
5611,User_5611,48,user5611@example.com,Phoenix
5612,User_5612,32,user5612@example.com,Chicago
5613,User_5613,58,user5613@example.com,Houston
5614,User_5614,62,user5614@example.com,Los Angeles
5615,User_5615,26,user5615@example.com,Chicago
5616,User_5616,24,user5616@example.com,Los Angeles
5617,User_5617,43,user5617@example.com,New York
5618,User_5618,44,user5618@example.com,Chicago
5619,User_5619,42,user5619@example.com,New York
5620,User_5620,42,user5620@example.com,Houston
5621,User_5621,18,user5621@example.com,Chicago
5622,User_5622,48,user5622@example.com,Chicago
5623,User_5623,25,user5623@example.com,Los Angeles
5624,User_5624,23,user5624@example.com,Houston
5625,User_5625,29,user5625@example.com,Los Angeles
5626,User_5626,32,user5626@example.com,New York
5627,User_5627,42,user5627@example.com,New York
5628,User_5628,57,user5628@example.com,Houston
5629,User_5629,51,user5629@example.com,Chicago
5630,User_5630,40,user5630@example.com,New York
5631,User_5631,36,user5631@example.com,New York
5632,User_5632,59,user5632@example.com,Houston
5633,User_5633,58,user5633@example.com,Chicago
5634,User_5634,36,user5634@example.com,New York
5635,User_5635,57,user5635@example.com,Chicago
5636,User_5636,32,user5636@example.com,Houston
5637,User_5637,52,user5637@example.com,Phoenix
5638,User_5638,23,user5638@example.com,Houston
5639,User_5639,63,user5639@example.com,New York
5640,User_5640,44,user5640@example.com,Phoenix
5641,User_5641,18,user5641@example.com,New York
5642,User_5642,63,user5642@example.com,Chicago
5643,User_5643,24,user5643@example.com,Los Angeles
5644,User_5644,29,user5644@example.com,New York
5645,User_5645,30,user5645@example.com,Chicago
5646,User_5646,39,user5646@example.com,New York
5647,User_5647,56,user5647@example.com,New York
5648,User_5648,64,user5648@example.com,Phoenix
5649,User_5649,33,user5649@example.com,Los Angeles
5650,User_5650,64,user5650@example.com,Los Angeles
5651,User_5651,24,user5651@example.com,Houston
5652,User_5652,58,user5652@example.com,Phoenix
5653,User_5653,49,user5653@example.com,Phoenix
5654,User_5654,24,user5654@example.com,Los Angeles
5655,User_5655,45,user5655@example.com,New York
5656,User_5656,34,user5656@example.com,New York
5657,User_5657,53,user5657@example.com,Houston
5658,User_5658,36,user5658@example.com,New York
5659,User_5659,38,user5659@example.com,New York
5660,User_5660,19,user5660@example.com,New York
5661,User_5661,33,user5661@example.com,New York
5662,User_5662,20,user5662@example.com,Phoenix
5663,User_5663,61,user5663@example.com,Los Angeles
5664,User_5664,53,user5664@example.com,Houston
5665,User_5665,45,user5665@example.com,Chicago
5666,User_5666,43,user5666@example.com,Chicago
5667,User_5667,33,user5667@example.com,New York
5668,User_5668,33,user5668@example.com,Houston
5669,User_5669,41,user5669@example.com,Chicago
5670,User_5670,55,user5670@example.com,New York
5671,User_5671,49,user5671@example.com,Houston
5672,User_5672,56,user5672@example.com,Los Angeles
5673,User_5673,60,user5673@example.com,Los Angeles
5674,User_5674,51,user5674@example.com,Houston
5675,User_5675,52,user5675@example.com,Chicago
5676,User_5676,42,user5676@example.com,Phoenix
5677,User_5677,36,user5677@example.com,New York
5678,User_5678,36,user5678@example.com,Houston
5679,User_5679,62,user5679@example.com,New York
5680,User_5680,63,user5680@example.com,Houston
5681,User_5681,45,user5681@example.com,Houston
5682,User_5682,64,user5682@example.com,Los Angeles
5683,User_5683,49,user5683@example.com,New York
5684,User_5684,41,user5684@example.com,Phoenix
5685,User_5685,65,user5685@example.com,Houston
5686,User_5686,21,user5686@example.com,Chicago
5687,User_5687,36,user5687@example.com,Phoenix
5688,User_5688,48,user5688@example.com,Chicago
5689,User_5689,22,user5689@example.com,Los Angeles
5690,User_5690,37,user5690@example.com,Los Angeles
5691,User_5691,43,user5691@example.com,Houston
5692,User_5692,22,user5692@example.com,New York
5693,User_5693,42,user5693@example.com,Los Angeles
5694,User_5694,64,user5694@example.com,Houston
5695,User_5695,21,user5695@example.com,Phoenix
5696,User_5696,50,user5696@example.com,Phoenix
5697,User_5697,55,user5697@example.com,Phoenix
5698,User_5698,21,user5698@example.com,New York
5699,User_5699,63,user5699@example.com,Los Angeles
5700,User_5700,30,user5700@example.com,Houston
5701,User_5701,34,user5701@example.com,Los Angeles
5702,User_5702,31,user5702@example.com,New York
5703,User_5703,46,user5703@example.com,Houston
5704,User_5704,55,user5704@example.com,Los Angeles
5705,User_5705,43,user5705@example.com,Los Angeles
5706,User_5706,58,user5706@example.com,Chicago
5707,User_5707,28,user5707@example.com,New York
5708,User_5708,24,user5708@example.com,Chicago
5709,User_5709,38,user5709@example.com,Chicago
5710,User_5710,47,user5710@example.com,New York
5711,User_5711,26,user5711@example.com,Chicago
5712,User_5712,58,user5712@example.com,Phoenix
5713,User_5713,65,user5713@example.com,Los Angeles
5714,User_5714,19,user5714@example.com,Houston
5715,User_5715,31,user5715@example.com,Houston
5716,User_5716,19,user5716@example.com,Los Angeles
5717,User_5717,27,user5717@example.com,Houston
5718,User_5718,19,user5718@example.com,Los Angeles
5719,User_5719,36,user5719@example.com,New York
5720,User_5720,64,user5720@example.com,Houston
5721,User_5721,64,user5721@example.com,New York
5722,User_5722,19,user5722@example.com,Los Angeles
5723,User_5723,47,user5723@example.com,Houston
5724,User_5724,45,user5724@example.com,Phoenix
5725,User_5725,53,user5725@example.com,Los Angeles
5726,User_5726,35,user5726@example.com,New York
5727,User_5727,39,user5727@example.com,Houston
5728,User_5728,39,user5728@example.com,New York
5729,User_5729,48,user5729@example.com,New York
5730,User_5730,44,user5730@example.com,Los Angeles
5731,User_5731,31,user5731@example.com,Los Angeles
5732,User_5732,65,user5732@example.com,New York
5733,User_5733,39,user5733@example.com,Phoenix
5734,User_5734,49,user5734@example.com,Los Angeles
5735,User_5735,55,user5735@example.com,Houston
5736,User_5736,54,user5736@example.com,Houston
5737,User_5737,65,user5737@example.com,Los Angeles
5738,User_5738,33,user5738@example.com,Phoenix
5739,User_5739,19,user5739@example.com,New York
5740,User_5740,34,user5740@example.com,Houston
5741,User_5741,35,user5741@example.com,Los Angeles
5742,User_5742,21,user5742@example.com,Chicago
5743,User_5743,31,user5743@example.com,Houston
5744,User_5744,38,user5744@example.com,New York
5745,User_5745,19,user5745@example.com,Chicago
5746,User_5746,34,user5746@example.com,Los Angeles
5747,User_5747,61,user5747@example.com,New York
5748,User_5748,62,user5748@example.com,Los Angeles
5749,User_5749,27,user5749@example.com,Phoenix
5750,User_5750,50,user5750@example.com,Los Angeles
5751,User_5751,59,user5751@example.com,Los Angeles
5752,User_5752,21,user5752@example.com,Los Angeles
5753,User_5753,61,user5753@example.com,Phoenix
5754,User_5754,57,user5754@example.com,Phoenix
5755,User_5755,65,user5755@example.com,Los Angeles
5756,User_5756,23,user5756@example.com,Los Angeles
5757,User_5757,36,user5757@example.com,New York
5758,User_5758,55,user5758@example.com,Los Angeles
5759,User_5759,42,user5759@example.com,New York
5760,User_5760,47,user5760@example.com,Houston
5761,User_5761,62,user5761@example.com,New York
5762,User_5762,32,user5762@example.com,Chicago
5763,User_5763,50,user5763@example.com,Phoenix
5764,User_5764,52,user5764@example.com,Phoenix
5765,User_5765,38,user5765@example.com,Chicago
5766,User_5766,43,user5766@example.com,Houston
5767,User_5767,63,user5767@example.com,New York
5768,User_5768,51,user5768@example.com,Houston
5769,User_5769,42,user5769@example.com,Phoenix
5770,User_5770,31,user5770@example.com,Los Angeles
5771,User_5771,19,user5771@example.com,Phoenix
5772,User_5772,50,user5772@example.com,New York
5773,User_5773,57,user5773@example.com,New York
5774,User_5774,22,user5774@example.com,New York
5775,User_5775,50,user5775@example.com,Chicago
5776,User_5776,28,user5776@example.com,Phoenix
5777,User_5777,56,user5777@example.com,Chicago
5778,User_5778,54,user5778@example.com,Phoenix
5779,User_5779,25,user5779@example.com,Houston
5780,User_5780,59,user5780@example.com,Los Angeles
5781,User_5781,41,user5781@example.com,New York
5782,User_5782,32,user5782@example.com,Los Angeles
5783,User_5783,38,user5783@example.com,New York
5784,User_5784,32,user5784@example.com,Houston
5785,User_5785,45,user5785@example.com,Phoenix
5786,User_5786,35,user5786@example.com,Los Angeles
5787,User_5787,41,user5787@example.com,Houston
5788,User_5788,52,user5788@example.com,Houston
5789,User_5789,39,user5789@example.com,Houston
5790,User_5790,46,user5790@example.com,Houston
5791,User_5791,47,user5791@example.com,Los Angeles
5792,User_5792,25,user5792@example.com,New York
5793,User_5793,30,user5793@example.com,Phoenix
5794,User_5794,58,user5794@example.com,New York
5795,User_5795,59,user5795@example.com,Phoenix
5796,User_5796,48,user5796@example.com,New York
5797,User_5797,53,user5797@example.com,Los Angeles
5798,User_5798,43,user5798@example.com,Chicago
5799,User_5799,34,user5799@example.com,Houston
5800,User_5800,42,user5800@example.com,Chicago
5801,User_5801,29,user5801@example.com,New York
5802,User_5802,40,user5802@example.com,Los Angeles
5803,User_5803,57,user5803@example.com,Chicago
5804,User_5804,34,user5804@example.com,Houston
5805,User_5805,26,user5805@example.com,Los Angeles
5806,User_5806,53,user5806@example.com,Phoenix
5807,User_5807,28,user5807@example.com,Phoenix
5808,User_5808,38,user5808@example.com,Houston
5809,User_5809,62,user5809@example.com,Chicago
5810,User_5810,55,user5810@example.com,Houston
5811,User_5811,54,user5811@example.com,New York
5812,User_5812,29,user5812@example.com,Los Angeles
5813,User_5813,62,user5813@example.com,New York
5814,User_5814,28,user5814@example.com,Chicago
5815,User_5815,62,user5815@example.com,Los Angeles
5816,User_5816,51,user5816@example.com,Los Angeles
5817,User_5817,60,user5817@example.com,Houston
5818,User_5818,63,user5818@example.com,Los Angeles
5819,User_5819,53,user5819@example.com,New York
5820,User_5820,41,user5820@example.com,Houston
5821,User_5821,56,user5821@example.com,Houston
5822,User_5822,64,user5822@example.com,Houston
5823,User_5823,30,user5823@example.com,Los Angeles
5824,User_5824,18,user5824@example.com,Chicago
5825,User_5825,63,user5825@example.com,Los Angeles
5826,User_5826,22,user5826@example.com,New York
5827,User_5827,50,user5827@example.com,Houston
5828,User_5828,23,user5828@example.com,Chicago
5829,User_5829,32,user5829@example.com,New York
5830,User_5830,43,user5830@example.com,Phoenix
5831,User_5831,50,user5831@example.com,Houston
5832,User_5832,48,user5832@example.com,Houston
5833,User_5833,62,user5833@example.com,New York
5834,User_5834,51,user5834@example.com,Houston
5835,User_5835,36,user5835@example.com,Houston
5836,User_5836,57,user5836@example.com,New York
5837,User_5837,61,user5837@example.com,New York
5838,User_5838,52,user5838@example.com,New York
5839,User_5839,65,user5839@example.com,Houston
5840,User_5840,44,user5840@example.com,Los Angeles
5841,User_5841,18,user5841@example.com,Houston
5842,User_5842,21,user5842@example.com,Houston
5843,User_5843,60,user5843@example.com,New York
5844,User_5844,40,user5844@example.com,Houston
5845,User_5845,24,user5845@example.com,Houston
5846,User_5846,53,user5846@example.com,Los Angeles
5847,User_5847,39,user5847@example.com,New York
5848,User_5848,62,user5848@example.com,Los Angeles
5849,User_5849,25,user5849@example.com,Phoenix
5850,User_5850,54,user5850@example.com,Phoenix
5851,User_5851,26,user5851@example.com,Los Angeles
5852,User_5852,63,user5852@example.com,Los Angeles
5853,User_5853,60,user5853@example.com,Los Angeles
5854,User_5854,25,user5854@example.com,Los Angeles
5855,User_5855,22,user5855@example.com,New York
5856,User_5856,44,user5856@example.com,Los Angeles
5857,User_5857,41,user5857@example.com,Phoenix
5858,User_5858,43,user5858@example.com,Houston
5859,User_5859,19,user5859@example.com,New York
5860,User_5860,22,user5860@example.com,Phoenix
5861,User_5861,53,user5861@example.com,New York
5862,User_5862,45,user5862@example.com,Houston
5863,User_5863,53,user5863@example.com,Los Angeles
5864,User_5864,65,user5864@example.com,Houston
5865,User_5865,61,user5865@example.com,Houston
5866,User_5866,26,user5866@example.com,Los Angeles
5867,User_5867,28,user5867@example.com,Los Angeles
5868,User_5868,33,user5868@example.com,Phoenix
5869,User_5869,31,user5869@example.com,New York
5870,User_5870,45,user5870@example.com,New York
5871,User_5871,24,user5871@example.com,New York
5872,User_5872,19,user5872@example.com,Los Angeles
5873,User_5873,26,user5873@example.com,Houston
5874,User_5874,56,user5874@example.com,Houston
5875,User_5875,55,user5875@example.com,Phoenix
5876,User_5876,19,user5876@example.com,Los Angeles
5877,User_5877,49,user5877@example.com,Chicago
5878,User_5878,29,user5878@example.com,Phoenix
5879,User_5879,46,user5879@example.com,New York
5880,User_5880,18,user5880@example.com,New York
5881,User_5881,51,user5881@example.com,Los Angeles
5882,User_5882,23,user5882@example.com,Chicago
5883,User_5883,49,user5883@example.com,Los Angeles
5884,User_5884,28,user5884@example.com,Phoenix
5885,User_5885,51,user5885@example.com,Houston
5886,User_5886,32,user5886@example.com,Phoenix
5887,User_5887,23,user5887@example.com,Phoenix
5888,User_5888,55,user5888@example.com,New York
5889,User_5889,24,user5889@example.com,Los Angeles
5890,User_5890,44,user5890@example.com,Chicago
5891,User_5891,41,user5891@example.com,Chicago
5892,User_5892,30,user5892@example.com,Los Angeles
5893,User_5893,36,user5893@example.com,Phoenix
5894,User_5894,24,user5894@example.com,New York
5895,User_5895,31,user5895@example.com,Los Angeles
5896,User_5896,63,user5896@example.com,Phoenix
5897,User_5897,53,user5897@example.com,Chicago
5898,User_5898,54,user5898@example.com,Houston
5899,User_5899,49,user5899@example.com,Houston
5900,User_5900,63,user5900@example.com,Phoenix
5901,User_5901,43,user5901@example.com,Los Angeles
5902,User_5902,48,user5902@example.com,Chicago
5903,User_5903,45,user5903@example.com,Houston
5904,User_5904,54,user5904@example.com,New York
5905,User_5905,48,user5905@example.com,Los Angeles
5906,User_5906,38,user5906@example.com,Houston
5907,User_5907,63,user5907@example.com,Phoenix
5908,User_5908,46,user5908@example.com,Los Angeles
5909,User_5909,26,user5909@example.com,Los Angeles
5910,User_5910,62,user5910@example.com,Chicago
5911,User_5911,25,user5911@example.com,Los Angeles
5912,User_5912,21,user5912@example.com,Phoenix
5913,User_5913,65,user5913@example.com,Chicago
5914,User_5914,59,user5914@example.com,Phoenix
5915,User_5915,40,user5915@example.com,New York
5916,User_5916,54,user5916@example.com,New York
5917,User_5917,34,user5917@example.com,New York
5918,User_5918,18,user5918@example.com,Chicago
5919,User_5919,44,user5919@example.com,Los Angeles
5920,User_5920,36,user5920@example.com,Houston
5921,User_5921,51,user5921@example.com,Houston
5922,User_5922,27,user5922@example.com,Houston
5923,User_5923,55,user5923@example.com,Houston
5924,User_5924,33,user5924@example.com,Houston
5925,User_5925,35,user5925@example.com,Chicago
5926,User_5926,40,user5926@example.com,Los Angeles
5927,User_5927,44,user5927@example.com,Los Angeles
5928,User_5928,63,user5928@example.com,Los Angeles
5929,User_5929,40,user5929@example.com,New York
5930,User_5930,50,user5930@example.com,Chicago
5931,User_5931,56,user5931@example.com,Chicago
5932,User_5932,53,user5932@example.com,New York
5933,User_5933,28,user5933@example.com,Los Angeles
5934,User_5934,20,user5934@example.com,New York
5935,User_5935,33,user5935@example.com,Chicago
5936,User_5936,21,user5936@example.com,Phoenix
5937,User_5937,34,user5937@example.com,Phoenix
5938,User_5938,35,user5938@example.com,New York
5939,User_5939,50,user5939@example.com,Los Angeles
5940,User_5940,32,user5940@example.com,Chicago
5941,User_5941,25,user5941@example.com,Houston
5942,User_5942,59,user5942@example.com,New York
5943,User_5943,43,user5943@example.com,Los Angeles
5944,User_5944,65,user5944@example.com,Chicago
5945,User_5945,25,user5945@example.com,New York
5946,User_5946,55,user5946@example.com,Houston
5947,User_5947,50,user5947@example.com,Houston
5948,User_5948,40,user5948@example.com,New York
5949,User_5949,31,user5949@example.com,Chicago
5950,User_5950,62,user5950@example.com,Houston
5951,User_5951,31,user5951@example.com,Phoenix
5952,User_5952,42,user5952@example.com,Phoenix
5953,User_5953,38,user5953@example.com,Los Angeles
5954,User_5954,55,user5954@example.com,Los Angeles
5955,User_5955,64,user5955@example.com,Chicago
5956,User_5956,52,user5956@example.com,Chicago
5957,User_5957,51,user5957@example.com,Chicago
5958,User_5958,18,user5958@example.com,Los Angeles
5959,User_5959,43,user5959@example.com,Los Angeles
5960,User_5960,63,user5960@example.com,Chicago
5961,User_5961,52,user5961@example.com,New York
5962,User_5962,22,user5962@example.com,Chicago
5963,User_5963,42,user5963@example.com,Houston
5964,User_5964,60,user5964@example.com,Chicago
5965,User_5965,47,user5965@example.com,Chicago
5966,User_5966,39,user5966@example.com,Phoenix
5967,User_5967,43,user5967@example.com,New York
5968,User_5968,49,user5968@example.com,Phoenix
5969,User_5969,34,user5969@example.com,Phoenix
5970,User_5970,19,user5970@example.com,Chicago
5971,User_5971,18,user5971@example.com,Phoenix
5972,User_5972,19,user5972@example.com,Phoenix
5973,User_5973,38,user5973@example.com,Chicago
5974,User_5974,40,user5974@example.com,New York
5975,User_5975,38,user5975@example.com,Phoenix
5976,User_5976,18,user5976@example.com,New York
5977,User_5977,60,user5977@example.com,New York
5978,User_5978,36,user5978@example.com,Chicago
5979,User_5979,58,user5979@example.com,Phoenix
5980,User_5980,60,user5980@example.com,New York
5981,User_5981,43,user5981@example.com,Phoenix
5982,User_5982,28,user5982@example.com,Los Angeles
5983,User_5983,50,user5983@example.com,Los Angeles
5984,User_5984,59,user5984@example.com,Houston
5985,User_5985,45,user5985@example.com,Los Angeles
5986,User_5986,32,user5986@example.com,Phoenix
5987,User_5987,33,user5987@example.com,Chicago
5988,User_5988,58,user5988@example.com,New York
5989,User_5989,59,user5989@example.com,Los Angeles
5990,User_5990,41,user5990@example.com,Los Angeles
5991,User_5991,27,user5991@example.com,Houston
5992,User_5992,56,user5992@example.com,Houston
5993,User_5993,39,user5993@example.com,Houston
5994,User_5994,27,user5994@example.com,Phoenix
5995,User_5995,32,user5995@example.com,New York
5996,User_5996,50,user5996@example.com,Phoenix
5997,User_5997,27,user5997@example.com,Los Angeles
5998,User_5998,55,user5998@example.com,Chicago
5999,User_5999,21,user5999@example.com,Phoenix
6000,User_6000,65,user6000@example.com,Chicago
6001,User_6001,33,user6001@example.com,Houston
6002,User_6002,63,user6002@example.com,Los Angeles
6003,User_6003,61,user6003@example.com,Chicago
6004,User_6004,59,user6004@example.com,Chicago
6005,User_6005,40,user6005@example.com,Phoenix
6006,User_6006,54,user6006@example.com,Chicago
6007,User_6007,39,user6007@example.com,Los Angeles
6008,User_6008,33,user6008@example.com,Los Angeles
6009,User_6009,42,user6009@example.com,Houston
6010,User_6010,44,user6010@example.com,Houston
6011,User_6011,49,user6011@example.com,Phoenix
6012,User_6012,21,user6012@example.com,Los Angeles
6013,User_6013,58,user6013@example.com,Houston
6014,User_6014,45,user6014@example.com,Phoenix
6015,User_6015,58,user6015@example.com,Chicago
6016,User_6016,31,user6016@example.com,Houston
6017,User_6017,56,user6017@example.com,Houston
6018,User_6018,30,user6018@example.com,New York
6019,User_6019,50,user6019@example.com,Houston
6020,User_6020,64,user6020@example.com,Phoenix
6021,User_6021,48,user6021@example.com,Phoenix
6022,User_6022,51,user6022@example.com,New York
6023,User_6023,45,user6023@example.com,Chicago
6024,User_6024,60,user6024@example.com,New York
6025,User_6025,36,user6025@example.com,Los Angeles
6026,User_6026,23,user6026@example.com,Chicago
6027,User_6027,59,user6027@example.com,Houston
6028,User_6028,43,user6028@example.com,Houston
6029,User_6029,28,user6029@example.com,New York
6030,User_6030,51,user6030@example.com,Houston
6031,User_6031,35,user6031@example.com,Los Angeles
6032,User_6032,57,user6032@example.com,Los Angeles
6033,User_6033,30,user6033@example.com,New York
6034,User_6034,31,user6034@example.com,New York
6035,User_6035,43,user6035@example.com,Houston
6036,User_6036,59,user6036@example.com,Phoenix
6037,User_6037,23,user6037@example.com,New York
6038,User_6038,39,user6038@example.com,Phoenix
6039,User_6039,61,user6039@example.com,Houston
6040,User_6040,56,user6040@example.com,New York
6041,User_6041,24,user6041@example.com,New York
6042,User_6042,37,user6042@example.com,Chicago
6043,User_6043,52,user6043@example.com,Chicago
6044,User_6044,36,user6044@example.com,Houston
6045,User_6045,38,user6045@example.com,Houston
6046,User_6046,37,user6046@example.com,Phoenix
6047,User_6047,59,user6047@example.com,Phoenix
6048,User_6048,41,user6048@example.com,Houston
6049,User_6049,38,user6049@example.com,Phoenix
6050,User_6050,59,user6050@example.com,Los Angeles
6051,User_6051,60,user6051@example.com,New York
6052,User_6052,39,user6052@example.com,Phoenix
6053,User_6053,59,user6053@example.com,Chicago
6054,User_6054,33,user6054@example.com,Phoenix
6055,User_6055,27,user6055@example.com,Houston
6056,User_6056,40,user6056@example.com,New York
6057,User_6057,35,user6057@example.com,Chicago
6058,User_6058,40,user6058@example.com,New York
6059,User_6059,52,user6059@example.com,New York
6060,User_6060,26,user6060@example.com,Chicago
6061,User_6061,26,user6061@example.com,New York
6062,User_6062,49,user6062@example.com,Los Angeles
6063,User_6063,30,user6063@example.com,New York
6064,User_6064,60,user6064@example.com,Phoenix
6065,User_6065,65,user6065@example.com,Houston
6066,User_6066,22,user6066@example.com,Chicago
6067,User_6067,30,user6067@example.com,Phoenix
6068,User_6068,45,user6068@example.com,Houston
6069,User_6069,23,user6069@example.com,New York
6070,User_6070,29,user6070@example.com,Chicago
6071,User_6071,41,user6071@example.com,Houston
6072,User_6072,62,user6072@example.com,New York
6073,User_6073,46,user6073@example.com,Los Angeles
6074,User_6074,57,user6074@example.com,Houston
6075,User_6075,40,user6075@example.com,New York
6076,User_6076,50,user6076@example.com,Houston
6077,User_6077,41,user6077@example.com,Houston
6078,User_6078,58,user6078@example.com,Chicago
6079,User_6079,39,user6079@example.com,Los Angeles
6080,User_6080,27,user6080@example.com,Houston
6081,User_6081,37,user6081@example.com,Phoenix
6082,User_6082,30,user6082@example.com,Los Angeles
6083,User_6083,31,user6083@example.com,Los Angeles
6084,User_6084,42,user6084@example.com,Los Angeles
6085,User_6085,55,user6085@example.com,Chicago
6086,User_6086,62,user6086@example.com,Chicago
6087,User_6087,65,user6087@example.com,New York
6088,User_6088,52,user6088@example.com,Houston
6089,User_6089,52,user6089@example.com,New York
6090,User_6090,29,user6090@example.com,Chicago
6091,User_6091,39,user6091@example.com,New York
6092,User_6092,28,user6092@example.com,Houston
6093,User_6093,18,user6093@example.com,Los Angeles
6094,User_6094,51,user6094@example.com,Los Angeles
6095,User_6095,51,user6095@example.com,Chicago
6096,User_6096,27,user6096@example.com,Houston
6097,User_6097,20,user6097@example.com,Phoenix
6098,User_6098,18,user6098@example.com,Los Angeles
6099,User_6099,19,user6099@example.com,New York
6100,User_6100,21,user6100@example.com,New York
6101,User_6101,57,user6101@example.com,Chicago
6102,User_6102,24,user6102@example.com,Chicago
6103,User_6103,36,user6103@example.com,New York
6104,User_6104,44,user6104@example.com,Houston
6105,User_6105,48,user6105@example.com,Phoenix
6106,User_6106,25,user6106@example.com,New York
6107,User_6107,46,user6107@example.com,Houston
6108,User_6108,42,user6108@example.com,Chicago
6109,User_6109,51,user6109@example.com,New York
6110,User_6110,24,user6110@example.com,Phoenix
6111,User_6111,45,user6111@example.com,Houston
6112,User_6112,18,user6112@example.com,New York
6113,User_6113,50,user6113@example.com,Chicago
6114,User_6114,22,user6114@example.com,Chicago
6115,User_6115,33,user6115@example.com,Los Angeles
6116,User_6116,24,user6116@example.com,Los Angeles
6117,User_6117,54,user6117@example.com,Phoenix
6118,User_6118,40,user6118@example.com,New York
6119,User_6119,29,user6119@example.com,Los Angeles
6120,User_6120,49,user6120@example.com,Houston
6121,User_6121,31,user6121@example.com,Phoenix
6122,User_6122,63,user6122@example.com,New York
6123,User_6123,26,user6123@example.com,Chicago
6124,User_6124,28,user6124@example.com,Phoenix
6125,User_6125,61,user6125@example.com,New York
6126,User_6126,19,user6126@example.com,Los Angeles
6127,User_6127,65,user6127@example.com,Phoenix
6128,User_6128,65,user6128@example.com,Houston
6129,User_6129,56,user6129@example.com,Houston
6130,User_6130,59,user6130@example.com,Los Angeles
6131,User_6131,52,user6131@example.com,Los Angeles
6132,User_6132,49,user6132@example.com,Phoenix
6133,User_6133,57,user6133@example.com,Phoenix
6134,User_6134,18,user6134@example.com,Los Angeles
6135,User_6135,64,user6135@example.com,Los Angeles
6136,User_6136,21,user6136@example.com,Phoenix
6137,User_6137,30,user6137@example.com,Chicago
6138,User_6138,48,user6138@example.com,New York
6139,User_6139,60,user6139@example.com,Houston
6140,User_6140,20,user6140@example.com,Houston
6141,User_6141,41,user6141@example.com,New York
6142,User_6142,43,user6142@example.com,Houston
6143,User_6143,32,user6143@example.com,Phoenix
6144,User_6144,64,user6144@example.com,Phoenix
6145,User_6145,33,user6145@example.com,Houston
6146,User_6146,57,user6146@example.com,Chicago
6147,User_6147,23,user6147@example.com,Houston
6148,User_6148,32,user6148@example.com,Phoenix
6149,User_6149,47,user6149@example.com,Los Angeles
6150,User_6150,53,user6150@example.com,Houston
6151,User_6151,64,user6151@example.com,Houston
6152,User_6152,27,user6152@example.com,Houston
6153,User_6153,24,user6153@example.com,Los Angeles
6154,User_6154,18,user6154@example.com,New York
6155,User_6155,27,user6155@example.com,Phoenix
6156,User_6156,57,user6156@example.com,New York
6157,User_6157,51,user6157@example.com,Los Angeles
6158,User_6158,31,user6158@example.com,Chicago
6159,User_6159,60,user6159@example.com,Phoenix
6160,User_6160,62,user6160@example.com,Los Angeles
6161,User_6161,45,user6161@example.com,Chicago
6162,User_6162,42,user6162@example.com,Los Angeles
6163,User_6163,44,user6163@example.com,Chicago
6164,User_6164,38,user6164@example.com,New York
6165,User_6165,49,user6165@example.com,Houston
6166,User_6166,18,user6166@example.com,Houston
6167,User_6167,65,user6167@example.com,Phoenix
6168,User_6168,21,user6168@example.com,Phoenix
6169,User_6169,51,user6169@example.com,New York
6170,User_6170,55,user6170@example.com,Chicago
6171,User_6171,63,user6171@example.com,Houston
6172,User_6172,65,user6172@example.com,Houston
6173,User_6173,30,user6173@example.com,Houston
6174,User_6174,55,user6174@example.com,Los Angeles
6175,User_6175,22,user6175@example.com,Phoenix
6176,User_6176,57,user6176@example.com,New York
6177,User_6177,65,user6177@example.com,New York
6178,User_6178,29,user6178@example.com,Houston
6179,User_6179,65,user6179@example.com,Phoenix
6180,User_6180,36,user6180@example.com,Houston
6181,User_6181,36,user6181@example.com,New York
6182,User_6182,46,user6182@example.com,New York
6183,User_6183,19,user6183@example.com,Los Angeles
6184,User_6184,50,user6184@example.com,Houston
6185,User_6185,61,user6185@example.com,Los Angeles
6186,User_6186,21,user6186@example.com,New York
6187,User_6187,65,user6187@example.com,New York
6188,User_6188,38,user6188@example.com,Houston
6189,User_6189,60,user6189@example.com,Phoenix
6190,User_6190,26,user6190@example.com,Chicago
6191,User_6191,50,user6191@example.com,Houston
6192,User_6192,20,user6192@example.com,Los Angeles
6193,User_6193,25,user6193@example.com,New York
6194,User_6194,57,user6194@example.com,New York
6195,User_6195,38,user6195@example.com,Chicago
6196,User_6196,38,user6196@example.com,Houston
6197,User_6197,43,user6197@example.com,Los Angeles
6198,User_6198,63,user6198@example.com,New York
6199,User_6199,39,user6199@example.com,Phoenix
6200,User_6200,26,user6200@example.com,Houston
6201,User_6201,26,user6201@example.com,Los Angeles
6202,User_6202,27,user6202@example.com,New York
6203,User_6203,46,user6203@example.com,Los Angeles
6204,User_6204,60,user6204@example.com,Phoenix
6205,User_6205,35,user6205@example.com,New York
6206,User_6206,23,user6206@example.com,Houston
6207,User_6207,46,user6207@example.com,New York
6208,User_6208,28,user6208@example.com,Houston
6209,User_6209,60,user6209@example.com,Chicago
6210,User_6210,55,user6210@example.com,New York
6211,User_6211,34,user6211@example.com,New York
6212,User_6212,37,user6212@example.com,New York
6213,User_6213,35,user6213@example.com,New York
6214,User_6214,25,user6214@example.com,Phoenix
6215,User_6215,61,user6215@example.com,Chicago
6216,User_6216,27,user6216@example.com,Los Angeles
6217,User_6217,26,user6217@example.com,Los Angeles
6218,User_6218,48,user6218@example.com,Los Angeles
6219,User_6219,59,user6219@example.com,New York
6220,User_6220,54,user6220@example.com,Los Angeles
6221,User_6221,25,user6221@example.com,Los Angeles
6222,User_6222,51,user6222@example.com,Chicago
6223,User_6223,26,user6223@example.com,Chicago
6224,User_6224,46,user6224@example.com,Phoenix
6225,User_6225,59,user6225@example.com,Los Angeles
6226,User_6226,25,user6226@example.com,New York
6227,User_6227,21,user6227@example.com,Phoenix
6228,User_6228,32,user6228@example.com,Houston
6229,User_6229,53,user6229@example.com,New York
6230,User_6230,48,user6230@example.com,Chicago
6231,User_6231,50,user6231@example.com,Chicago
6232,User_6232,40,user6232@example.com,New York
6233,User_6233,53,user6233@example.com,New York
6234,User_6234,65,user6234@example.com,Los Angeles
6235,User_6235,21,user6235@example.com,New York
6236,User_6236,53,user6236@example.com,New York
6237,User_6237,25,user6237@example.com,Los Angeles
6238,User_6238,62,user6238@example.com,Houston
6239,User_6239,27,user6239@example.com,Houston
6240,User_6240,62,user6240@example.com,New York
6241,User_6241,34,user6241@example.com,Phoenix
6242,User_6242,43,user6242@example.com,New York
6243,User_6243,42,user6243@example.com,Houston
6244,User_6244,58,user6244@example.com,Phoenix
6245,User_6245,35,user6245@example.com,New York
6246,User_6246,34,user6246@example.com,Los Angeles
6247,User_6247,56,user6247@example.com,Chicago
6248,User_6248,55,user6248@example.com,Houston
6249,User_6249,44,user6249@example.com,New York
6250,User_6250,46,user6250@example.com,Phoenix
6251,User_6251,20,user6251@example.com,Houston
6252,User_6252,36,user6252@example.com,Chicago
6253,User_6253,25,user6253@example.com,Chicago
6254,User_6254,21,user6254@example.com,Phoenix
6255,User_6255,32,user6255@example.com,Los Angeles
6256,User_6256,54,user6256@example.com,Los Angeles
6257,User_6257,52,user6257@example.com,Chicago
6258,User_6258,41,user6258@example.com,Los Angeles
6259,User_6259,24,user6259@example.com,New York
6260,User_6260,21,user6260@example.com,New York
6261,User_6261,45,user6261@example.com,Chicago
6262,User_6262,53,user6262@example.com,Chicago
6263,User_6263,18,user6263@example.com,Houston
6264,User_6264,27,user6264@example.com,New York
6265,User_6265,40,user6265@example.com,New York
6266,User_6266,52,user6266@example.com,Chicago
6267,User_6267,27,user6267@example.com,New York
6268,User_6268,22,user6268@example.com,Los Angeles
6269,User_6269,65,user6269@example.com,Houston
6270,User_6270,40,user6270@example.com,Los Angeles
6271,User_6271,22,user6271@example.com,Los Angeles
6272,User_6272,30,user6272@example.com,Los Angeles
6273,User_6273,27,user6273@example.com,Houston
6274,User_6274,22,user6274@example.com,New York
6275,User_6275,40,user6275@example.com,Houston
6276,User_6276,63,user6276@example.com,Phoenix
6277,User_6277,23,user6277@example.com,Los Angeles
6278,User_6278,29,user6278@example.com,Los Angeles
6279,User_6279,49,user6279@example.com,New York
6280,User_6280,61,user6280@example.com,Los Angeles
6281,User_6281,32,user6281@example.com,New York
6282,User_6282,31,user6282@example.com,Phoenix
6283,User_6283,28,user6283@example.com,Houston
6284,User_6284,57,user6284@example.com,Houston
6285,User_6285,36,user6285@example.com,New York
6286,User_6286,46,user6286@example.com,Houston
6287,User_6287,35,user6287@example.com,Phoenix
6288,User_6288,39,user6288@example.com,Chicago
6289,User_6289,62,user6289@example.com,New York
6290,User_6290,33,user6290@example.com,Houston
6291,User_6291,28,user6291@example.com,New York
6292,User_6292,42,user6292@example.com,Houston
6293,User_6293,24,user6293@example.com,Chicago
6294,User_6294,23,user6294@example.com,Los Angeles
6295,User_6295,22,user6295@example.com,Los Angeles
6296,User_6296,24,user6296@example.com,New York
6297,User_6297,43,user6297@example.com,Phoenix
6298,User_6298,23,user6298@example.com,Houston
6299,User_6299,33,user6299@example.com,Houston
6300,User_6300,28,user6300@example.com,Los Angeles
6301,User_6301,21,user6301@example.com,Los Angeles
6302,User_6302,57,user6302@example.com,Phoenix
6303,User_6303,39,user6303@example.com,Chicago
6304,User_6304,40,user6304@example.com,Houston
6305,User_6305,46,user6305@example.com,Chicago
6306,User_6306,39,user6306@example.com,Phoenix
6307,User_6307,26,user6307@example.com,Los Angeles
6308,User_6308,61,user6308@example.com,Phoenix
6309,User_6309,44,user6309@example.com,New York
6310,User_6310,43,user6310@example.com,Phoenix
6311,User_6311,43,user6311@example.com,Houston
6312,User_6312,41,user6312@example.com,Chicago
6313,User_6313,58,user6313@example.com,Houston
6314,User_6314,59,user6314@example.com,Phoenix
6315,User_6315,57,user6315@example.com,Chicago
6316,User_6316,44,user6316@example.com,Phoenix
6317,User_6317,64,user6317@example.com,Houston
6318,User_6318,46,user6318@example.com,Chicago
6319,User_6319,41,user6319@example.com,Los Angeles
6320,User_6320,61,user6320@example.com,Houston
6321,User_6321,41,user6321@example.com,New York
6322,User_6322,48,user6322@example.com,Chicago
6323,User_6323,57,user6323@example.com,Phoenix
6324,User_6324,46,user6324@example.com,New York
6325,User_6325,64,user6325@example.com,New York
6326,User_6326,37,user6326@example.com,Los Angeles
6327,User_6327,40,user6327@example.com,New York
6328,User_6328,39,user6328@example.com,New York
6329,User_6329,36,user6329@example.com,Los Angeles
6330,User_6330,20,user6330@example.com,Los Angeles
6331,User_6331,55,user6331@example.com,Houston
6332,User_6332,43,user6332@example.com,Chicago
6333,User_6333,31,user6333@example.com,New York
6334,User_6334,47,user6334@example.com,Los Angeles
6335,User_6335,41,user6335@example.com,Phoenix
6336,User_6336,21,user6336@example.com,Chicago
6337,User_6337,30,user6337@example.com,Los Angeles
6338,User_6338,37,user6338@example.com,Phoenix
6339,User_6339,33,user6339@example.com,Houston
6340,User_6340,51,user6340@example.com,Phoenix
6341,User_6341,49,user6341@example.com,Houston
6342,User_6342,27,user6342@example.com,Phoenix
6343,User_6343,41,user6343@example.com,Phoenix
6344,User_6344,44,user6344@example.com,Houston
6345,User_6345,32,user6345@example.com,Houston
6346,User_6346,19,user6346@example.com,New York
6347,User_6347,30,user6347@example.com,Chicago
6348,User_6348,59,user6348@example.com,Houston
6349,User_6349,52,user6349@example.com,Los Angeles
6350,User_6350,43,user6350@example.com,Los Angeles
6351,User_6351,52,user6351@example.com,Phoenix
6352,User_6352,31,user6352@example.com,New York
6353,User_6353,44,user6353@example.com,Phoenix
6354,User_6354,48,user6354@example.com,Chicago
6355,User_6355,58,user6355@example.com,New York
6356,User_6356,18,user6356@example.com,Phoenix
6357,User_6357,39,user6357@example.com,Houston
6358,User_6358,27,user6358@example.com,Houston
6359,User_6359,19,user6359@example.com,Los Angeles
6360,User_6360,62,user6360@example.com,Chicago
6361,User_6361,29,user6361@example.com,Los Angeles
6362,User_6362,52,user6362@example.com,Los Angeles
6363,User_6363,25,user6363@example.com,New York
6364,User_6364,18,user6364@example.com,Houston
6365,User_6365,57,user6365@example.com,Houston
6366,User_6366,23,user6366@example.com,Phoenix
6367,User_6367,65,user6367@example.com,Houston
6368,User_6368,50,user6368@example.com,New York
6369,User_6369,48,user6369@example.com,Houston
6370,User_6370,39,user6370@example.com,Houston
6371,User_6371,33,user6371@example.com,Houston
6372,User_6372,55,user6372@example.com,Houston
6373,User_6373,27,user6373@example.com,New York
6374,User_6374,63,user6374@example.com,New York
6375,User_6375,56,user6375@example.com,Chicago
6376,User_6376,36,user6376@example.com,Phoenix
6377,User_6377,26,user6377@example.com,New York
6378,User_6378,26,user6378@example.com,Houston
6379,User_6379,31,user6379@example.com,Los Angeles
6380,User_6380,26,user6380@example.com,Houston
6381,User_6381,31,user6381@example.com,New York
6382,User_6382,32,user6382@example.com,Chicago
6383,User_6383,61,user6383@example.com,Chicago
6384,User_6384,33,user6384@example.com,Chicago
6385,User_6385,44,user6385@example.com,Chicago
6386,User_6386,19,user6386@example.com,Los Angeles
6387,User_6387,25,user6387@example.com,Chicago
6388,User_6388,56,user6388@example.com,Chicago
6389,User_6389,39,user6389@example.com,Houston
6390,User_6390,37,user6390@example.com,Houston
6391,User_6391,65,user6391@example.com,Los Angeles
6392,User_6392,29,user6392@example.com,Phoenix
6393,User_6393,32,user6393@example.com,New York
6394,User_6394,65,user6394@example.com,Los Angeles
6395,User_6395,39,user6395@example.com,Los Angeles
6396,User_6396,51,user6396@example.com,Chicago
6397,User_6397,23,user6397@example.com,Phoenix
6398,User_6398,47,user6398@example.com,New York
6399,User_6399,50,user6399@example.com,New York
6400,User_6400,23,user6400@example.com,Los Angeles
6401,User_6401,31,user6401@example.com,Los Angeles
6402,User_6402,28,user6402@example.com,New York
6403,User_6403,44,user6403@example.com,Los Angeles
6404,User_6404,39,user6404@example.com,Chicago
6405,User_6405,43,user6405@example.com,Houston
6406,User_6406,55,user6406@example.com,Los Angeles
6407,User_6407,26,user6407@example.com,Houston
6408,User_6408,21,user6408@example.com,Phoenix
6409,User_6409,38,user6409@example.com,Houston
6410,User_6410,41,user6410@example.com,Chicago
6411,User_6411,44,user6411@example.com,New York
6412,User_6412,64,user6412@example.com,Chicago
6413,User_6413,42,user6413@example.com,Chicago
6414,User_6414,64,user6414@example.com,Houston
6415,User_6415,21,user6415@example.com,Los Angeles
6416,User_6416,28,user6416@example.com,Phoenix
6417,User_6417,23,user6417@example.com,Phoenix
6418,User_6418,45,user6418@example.com,Los Angeles
6419,User_6419,60,user6419@example.com,Houston
6420,User_6420,34,user6420@example.com,Phoenix
6421,User_6421,56,user6421@example.com,Houston
6422,User_6422,58,user6422@example.com,New York
6423,User_6423,60,user6423@example.com,Los Angeles
6424,User_6424,62,user6424@example.com,Houston
6425,User_6425,39,user6425@example.com,Houston
6426,User_6426,46,user6426@example.com,New York
6427,User_6427,63,user6427@example.com,New York
6428,User_6428,36,user6428@example.com,Houston
6429,User_6429,26,user6429@example.com,Houston
6430,User_6430,52,user6430@example.com,Los Angeles
6431,User_6431,58,user6431@example.com,Houston
6432,User_6432,46,user6432@example.com,Chicago
6433,User_6433,35,user6433@example.com,Los Angeles
6434,User_6434,34,user6434@example.com,Phoenix
6435,User_6435,47,user6435@example.com,Houston
6436,User_6436,65,user6436@example.com,Los Angeles
6437,User_6437,36,user6437@example.com,Phoenix
6438,User_6438,55,user6438@example.com,Chicago
6439,User_6439,64,user6439@example.com,Chicago
6440,User_6440,41,user6440@example.com,New York
6441,User_6441,21,user6441@example.com,New York
6442,User_6442,49,user6442@example.com,Los Angeles
6443,User_6443,19,user6443@example.com,Houston
6444,User_6444,58,user6444@example.com,New York
6445,User_6445,55,user6445@example.com,Los Angeles
6446,User_6446,21,user6446@example.com,Chicago
6447,User_6447,45,user6447@example.com,Los Angeles
6448,User_6448,43,user6448@example.com,Phoenix
6449,User_6449,21,user6449@example.com,Chicago
6450,User_6450,27,user6450@example.com,Chicago
6451,User_6451,33,user6451@example.com,Phoenix
6452,User_6452,49,user6452@example.com,Los Angeles
6453,User_6453,40,user6453@example.com,Phoenix
6454,User_6454,34,user6454@example.com,New York
6455,User_6455,23,user6455@example.com,Phoenix
6456,User_6456,18,user6456@example.com,Phoenix
6457,User_6457,63,user6457@example.com,Phoenix
6458,User_6458,31,user6458@example.com,Chicago
6459,User_6459,61,user6459@example.com,New York
6460,User_6460,28,user6460@example.com,New York
6461,User_6461,51,user6461@example.com,Chicago
6462,User_6462,40,user6462@example.com,Los Angeles
6463,User_6463,23,user6463@example.com,Phoenix
6464,User_6464,21,user6464@example.com,Phoenix
6465,User_6465,20,user6465@example.com,Los Angeles
6466,User_6466,21,user6466@example.com,New York
6467,User_6467,63,user6467@example.com,Houston
6468,User_6468,42,user6468@example.com,Los Angeles
6469,User_6469,50,user6469@example.com,Phoenix
6470,User_6470,18,user6470@example.com,Chicago
6471,User_6471,20,user6471@example.com,New York
6472,User_6472,48,user6472@example.com,Houston
6473,User_6473,62,user6473@example.com,Phoenix
6474,User_6474,50,user6474@example.com,Los Angeles
6475,User_6475,39,user6475@example.com,New York
6476,User_6476,42,user6476@example.com,New York
6477,User_6477,37,user6477@example.com,Phoenix
6478,User_6478,47,user6478@example.com,Chicago
6479,User_6479,64,user6479@example.com,Houston
6480,User_6480,41,user6480@example.com,Los Angeles
6481,User_6481,65,user6481@example.com,Phoenix
6482,User_6482,45,user6482@example.com,Chicago
6483,User_6483,51,user6483@example.com,New York
6484,User_6484,20,user6484@example.com,Los Angeles
6485,User_6485,63,user6485@example.com,Phoenix
6486,User_6486,47,user6486@example.com,Houston
6487,User_6487,58,user6487@example.com,Los Angeles
6488,User_6488,40,user6488@example.com,Phoenix
6489,User_6489,52,user6489@example.com,Los Angeles
6490,User_6490,28,user6490@example.com,Los Angeles
6491,User_6491,26,user6491@example.com,Los Angeles
6492,User_6492,21,user6492@example.com,Phoenix
6493,User_6493,45,user6493@example.com,Phoenix
6494,User_6494,46,user6494@example.com,Chicago
6495,User_6495,18,user6495@example.com,New York
6496,User_6496,41,user6496@example.com,New York
6497,User_6497,56,user6497@example.com,Chicago
6498,User_6498,35,user6498@example.com,Phoenix
6499,User_6499,55,user6499@example.com,Houston
6500,User_6500,59,user6500@example.com,Phoenix
6501,User_6501,59,user6501@example.com,Houston
6502,User_6502,52,user6502@example.com,Phoenix
6503,User_6503,23,user6503@example.com,Chicago
6504,User_6504,32,user6504@example.com,Chicago
6505,User_6505,35,user6505@example.com,Phoenix
6506,User_6506,46,user6506@example.com,New York
6507,User_6507,53,user6507@example.com,Phoenix
6508,User_6508,44,user6508@example.com,Phoenix
6509,User_6509,60,user6509@example.com,Houston
6510,User_6510,43,user6510@example.com,Houston
6511,User_6511,54,user6511@example.com,Phoenix
6512,User_6512,56,user6512@example.com,Chicago
6513,User_6513,62,user6513@example.com,New York
6514,User_6514,28,user6514@example.com,New York
6515,User_6515,22,user6515@example.com,Chicago
6516,User_6516,20,user6516@example.com,Houston
6517,User_6517,37,user6517@example.com,Phoenix
6518,User_6518,25,user6518@example.com,Houston
6519,User_6519,48,user6519@example.com,Los Angeles
6520,User_6520,58,user6520@example.com,Chicago
6521,User_6521,56,user6521@example.com,Houston
6522,User_6522,31,user6522@example.com,Los Angeles
6523,User_6523,18,user6523@example.com,Los Angeles
6524,User_6524,37,user6524@example.com,Chicago
6525,User_6525,43,user6525@example.com,Chicago
6526,User_6526,59,user6526@example.com,Los Angeles
6527,User_6527,50,user6527@example.com,Los Angeles
6528,User_6528,19,user6528@example.com,Chicago
6529,User_6529,61,user6529@example.com,Los Angeles
6530,User_6530,52,user6530@example.com,Los Angeles
6531,User_6531,65,user6531@example.com,Chicago
6532,User_6532,28,user6532@example.com,New York
6533,User_6533,51,user6533@example.com,Houston
6534,User_6534,22,user6534@example.com,New York
6535,User_6535,43,user6535@example.com,Los Angeles
6536,User_6536,24,user6536@example.com,Phoenix
6537,User_6537,65,user6537@example.com,New York
6538,User_6538,23,user6538@example.com,Los Angeles
6539,User_6539,60,user6539@example.com,Los Angeles
6540,User_6540,58,user6540@example.com,Houston
6541,User_6541,20,user6541@example.com,Chicago
6542,User_6542,50,user6542@example.com,Chicago
6543,User_6543,21,user6543@example.com,New York
6544,User_6544,26,user6544@example.com,New York
6545,User_6545,37,user6545@example.com,Chicago
6546,User_6546,65,user6546@example.com,Phoenix
6547,User_6547,63,user6547@example.com,Houston
6548,User_6548,24,user6548@example.com,Houston
6549,User_6549,30,user6549@example.com,Los Angeles
6550,User_6550,41,user6550@example.com,New York
6551,User_6551,54,user6551@example.com,Phoenix
6552,User_6552,62,user6552@example.com,New York
6553,User_6553,34,user6553@example.com,Chicago
6554,User_6554,39,user6554@example.com,New York
6555,User_6555,38,user6555@example.com,Houston
6556,User_6556,51,user6556@example.com,Houston
6557,User_6557,65,user6557@example.com,Chicago
6558,User_6558,49,user6558@example.com,Los Angeles
6559,User_6559,41,user6559@example.com,Phoenix
6560,User_6560,49,user6560@example.com,Phoenix
6561,User_6561,36,user6561@example.com,New York
6562,User_6562,57,user6562@example.com,Chicago
6563,User_6563,27,user6563@example.com,Houston
6564,User_6564,29,user6564@example.com,Los Angeles
6565,User_6565,60,user6565@example.com,New York
6566,User_6566,35,user6566@example.com,Houston
6567,User_6567,20,user6567@example.com,Phoenix
6568,User_6568,48,user6568@example.com,New York
6569,User_6569,25,user6569@example.com,Houston
6570,User_6570,51,user6570@example.com,Houston
6571,User_6571,43,user6571@example.com,Houston
6572,User_6572,60,user6572@example.com,Los Angeles
6573,User_6573,53,user6573@example.com,Houston
6574,User_6574,55,user6574@example.com,Chicago
6575,User_6575,40,user6575@example.com,Los Angeles
6576,User_6576,53,user6576@example.com,Los Angeles
6577,User_6577,42,user6577@example.com,Chicago
6578,User_6578,40,user6578@example.com,Phoenix
6579,User_6579,37,user6579@example.com,Chicago
6580,User_6580,37,user6580@example.com,New York
6581,User_6581,32,user6581@example.com,New York
6582,User_6582,48,user6582@example.com,Houston
6583,User_6583,33,user6583@example.com,Phoenix
6584,User_6584,28,user6584@example.com,Houston
6585,User_6585,45,user6585@example.com,New York
6586,User_6586,43,user6586@example.com,New York
6587,User_6587,41,user6587@example.com,Houston
6588,User_6588,54,user6588@example.com,Chicago
6589,User_6589,56,user6589@example.com,New York
6590,User_6590,29,user6590@example.com,Houston
6591,User_6591,25,user6591@example.com,Phoenix
6592,User_6592,43,user6592@example.com,Houston
6593,User_6593,49,user6593@example.com,Houston
6594,User_6594,27,user6594@example.com,Chicago
6595,User_6595,24,user6595@example.com,Houston
6596,User_6596,50,user6596@example.com,Houston
6597,User_6597,27,user6597@example.com,Phoenix
6598,User_6598,54,user6598@example.com,Los Angeles
6599,User_6599,23,user6599@example.com,New York
6600,User_6600,34,user6600@example.com,Phoenix
6601,User_6601,49,user6601@example.com,Houston
6602,User_6602,30,user6602@example.com,New York
6603,User_6603,55,user6603@example.com,Los Angeles
6604,User_6604,21,user6604@example.com,Phoenix
6605,User_6605,62,user6605@example.com,Phoenix
6606,User_6606,54,user6606@example.com,Chicago
6607,User_6607,60,user6607@example.com,Phoenix
6608,User_6608,24,user6608@example.com,Phoenix
6609,User_6609,41,user6609@example.com,Los Angeles
6610,User_6610,51,user6610@example.com,Phoenix
6611,User_6611,60,user6611@example.com,Chicago
6612,User_6612,56,user6612@example.com,Chicago
6613,User_6613,60,user6613@example.com,New York
6614,User_6614,20,user6614@example.com,Phoenix
6615,User_6615,59,user6615@example.com,New York
6616,User_6616,32,user6616@example.com,Phoenix
6617,User_6617,56,user6617@example.com,Los Angeles
6618,User_6618,22,user6618@example.com,Phoenix
6619,User_6619,35,user6619@example.com,Los Angeles
6620,User_6620,52,user6620@example.com,Houston
6621,User_6621,37,user6621@example.com,New York
6622,User_6622,30,user6622@example.com,Phoenix
6623,User_6623,38,user6623@example.com,Houston
6624,User_6624,40,user6624@example.com,Houston
6625,User_6625,49,user6625@example.com,Chicago
6626,User_6626,25,user6626@example.com,Chicago
6627,User_6627,39,user6627@example.com,Houston
6628,User_6628,37,user6628@example.com,Chicago
6629,User_6629,26,user6629@example.com,Chicago
6630,User_6630,31,user6630@example.com,Los Angeles
6631,User_6631,56,user6631@example.com,Chicago
6632,User_6632,62,user6632@example.com,New York
6633,User_6633,20,user6633@example.com,New York
6634,User_6634,45,user6634@example.com,Chicago
6635,User_6635,20,user6635@example.com,Phoenix
6636,User_6636,20,user6636@example.com,Phoenix
6637,User_6637,21,user6637@example.com,Los Angeles
6638,User_6638,36,user6638@example.com,Houston
6639,User_6639,28,user6639@example.com,Houston
6640,User_6640,42,user6640@example.com,Chicago
6641,User_6641,33,user6641@example.com,Los Angeles
6642,User_6642,64,user6642@example.com,Houston
6643,User_6643,34,user6643@example.com,Los Angeles
6644,User_6644,38,user6644@example.com,Los Angeles
6645,User_6645,42,user6645@example.com,Houston
6646,User_6646,44,user6646@example.com,Chicago
6647,User_6647,47,user6647@example.com,Houston
6648,User_6648,19,user6648@example.com,Los Angeles
6649,User_6649,22,user6649@example.com,Phoenix
6650,User_6650,45,user6650@example.com,Houston
6651,User_6651,21,user6651@example.com,Los Angeles
6652,User_6652,48,user6652@example.com,New York
6653,User_6653,42,user6653@example.com,Phoenix
6654,User_6654,51,user6654@example.com,Chicago
6655,User_6655,18,user6655@example.com,Chicago
6656,User_6656,65,user6656@example.com,Houston
6657,User_6657,39,user6657@example.com,Phoenix
6658,User_6658,62,user6658@example.com,Chicago
6659,User_6659,58,user6659@example.com,Chicago
6660,User_6660,18,user6660@example.com,New York
6661,User_6661,63,user6661@example.com,Phoenix
6662,User_6662,20,user6662@example.com,Phoenix
6663,User_6663,37,user6663@example.com,Houston
6664,User_6664,41,user6664@example.com,Houston
6665,User_6665,32,user6665@example.com,Chicago
6666,User_6666,40,user6666@example.com,Los Angeles
6667,User_6667,62,user6667@example.com,Houston
6668,User_6668,41,user6668@example.com,Chicago
6669,User_6669,39,user6669@example.com,Houston
6670,User_6670,34,user6670@example.com,Phoenix
6671,User_6671,64,user6671@example.com,Houston
6672,User_6672,21,user6672@example.com,Chicago
6673,User_6673,24,user6673@example.com,New York
6674,User_6674,59,user6674@example.com,Chicago
6675,User_6675,23,user6675@example.com,Phoenix
6676,User_6676,54,user6676@example.com,Los Angeles
6677,User_6677,26,user6677@example.com,Houston
6678,User_6678,42,user6678@example.com,Los Angeles
6679,User_6679,35,user6679@example.com,Los Angeles
6680,User_6680,26,user6680@example.com,Phoenix
6681,User_6681,38,user6681@example.com,Phoenix
6682,User_6682,30,user6682@example.com,Chicago
6683,User_6683,48,user6683@example.com,Chicago
6684,User_6684,50,user6684@example.com,Houston
6685,User_6685,22,user6685@example.com,Chicago
6686,User_6686,38,user6686@example.com,Houston
6687,User_6687,49,user6687@example.com,Houston
6688,User_6688,58,user6688@example.com,Phoenix
6689,User_6689,57,user6689@example.com,Los Angeles
6690,User_6690,31,user6690@example.com,Houston
6691,User_6691,21,user6691@example.com,New York
6692,User_6692,26,user6692@example.com,New York
6693,User_6693,44,user6693@example.com,Chicago
6694,User_6694,60,user6694@example.com,Los Angeles
6695,User_6695,35,user6695@example.com,Chicago
6696,User_6696,24,user6696@example.com,Houston
6697,User_6697,18,user6697@example.com,Los Angeles
6698,User_6698,47,user6698@example.com,Houston
6699,User_6699,38,user6699@example.com,New York
6700,User_6700,34,user6700@example.com,Houston
6701,User_6701,60,user6701@example.com,Los Angeles
6702,User_6702,34,user6702@example.com,Houston
6703,User_6703,58,user6703@example.com,Chicago
6704,User_6704,65,user6704@example.com,Houston
6705,User_6705,55,user6705@example.com,New York
6706,User_6706,40,user6706@example.com,Los Angeles
6707,User_6707,59,user6707@example.com,New York
6708,User_6708,23,user6708@example.com,New York
6709,User_6709,38,user6709@example.com,New York
6710,User_6710,51,user6710@example.com,Chicago
6711,User_6711,42,user6711@example.com,Los Angeles
6712,User_6712,61,user6712@example.com,Chicago
6713,User_6713,22,user6713@example.com,Houston
6714,User_6714,51,user6714@example.com,New York
6715,User_6715,45,user6715@example.com,Phoenix
6716,User_6716,40,user6716@example.com,Chicago
6717,User_6717,30,user6717@example.com,Los Angeles
6718,User_6718,28,user6718@example.com,New York
6719,User_6719,52,user6719@example.com,New York
6720,User_6720,65,user6720@example.com,Phoenix
6721,User_6721,20,user6721@example.com,New York
6722,User_6722,57,user6722@example.com,Houston
6723,User_6723,20,user6723@example.com,Phoenix
6724,User_6724,59,user6724@example.com,Houston
6725,User_6725,60,user6725@example.com,Los Angeles
6726,User_6726,53,user6726@example.com,Chicago
6727,User_6727,24,user6727@example.com,Phoenix
6728,User_6728,21,user6728@example.com,Chicago
6729,User_6729,31,user6729@example.com,New York
6730,User_6730,30,user6730@example.com,Chicago
6731,User_6731,31,user6731@example.com,New York
6732,User_6732,60,user6732@example.com,Houston
6733,User_6733,37,user6733@example.com,New York
6734,User_6734,37,user6734@example.com,New York
6735,User_6735,26,user6735@example.com,Houston
6736,User_6736,34,user6736@example.com,Los Angeles
6737,User_6737,27,user6737@example.com,Phoenix
6738,User_6738,26,user6738@example.com,Houston
6739,User_6739,63,user6739@example.com,New York
6740,User_6740,45,user6740@example.com,Los Angeles
6741,User_6741,22,user6741@example.com,Phoenix
6742,User_6742,26,user6742@example.com,New York
6743,User_6743,38,user6743@example.com,Los Angeles
6744,User_6744,55,user6744@example.com,Chicago
6745,User_6745,63,user6745@example.com,Los Angeles
6746,User_6746,49,user6746@example.com,New York
6747,User_6747,52,user6747@example.com,Los Angeles
6748,User_6748,39,user6748@example.com,Chicago
6749,User_6749,41,user6749@example.com,Houston
6750,User_6750,23,user6750@example.com,New York
6751,User_6751,57,user6751@example.com,Phoenix
6752,User_6752,63,user6752@example.com,Chicago
6753,User_6753,64,user6753@example.com,Los Angeles
6754,User_6754,38,user6754@example.com,New York
6755,User_6755,27,user6755@example.com,Houston
6756,User_6756,47,user6756@example.com,Phoenix
6757,User_6757,61,user6757@example.com,Los Angeles
6758,User_6758,44,user6758@example.com,New York
6759,User_6759,18,user6759@example.com,Chicago
6760,User_6760,58,user6760@example.com,Phoenix
6761,User_6761,57,user6761@example.com,Houston
6762,User_6762,33,user6762@example.com,New York
6763,User_6763,57,user6763@example.com,Houston
6764,User_6764,25,user6764@example.com,Los Angeles
6765,User_6765,56,user6765@example.com,Phoenix
6766,User_6766,27,user6766@example.com,New York
6767,User_6767,54,user6767@example.com,Houston
6768,User_6768,46,user6768@example.com,New York
6769,User_6769,50,user6769@example.com,Houston
6770,User_6770,50,user6770@example.com,Los Angeles
6771,User_6771,59,user6771@example.com,Houston
6772,User_6772,27,user6772@example.com,New York
6773,User_6773,26,user6773@example.com,Phoenix
6774,User_6774,34,user6774@example.com,Phoenix
6775,User_6775,32,user6775@example.com,Phoenix
6776,User_6776,27,user6776@example.com,Phoenix
6777,User_6777,25,user6777@example.com,Houston
6778,User_6778,27,user6778@example.com,Los Angeles
6779,User_6779,48,user6779@example.com,Chicago
6780,User_6780,45,user6780@example.com,Los Angeles
6781,User_6781,60,user6781@example.com,Houston
6782,User_6782,53,user6782@example.com,Chicago
6783,User_6783,62,user6783@example.com,Houston
6784,User_6784,53,user6784@example.com,New York
6785,User_6785,28,user6785@example.com,Houston
6786,User_6786,25,user6786@example.com,Houston
6787,User_6787,38,user6787@example.com,Houston
6788,User_6788,49,user6788@example.com,Chicago
6789,User_6789,42,user6789@example.com,Chicago
6790,User_6790,58,user6790@example.com,Chicago
6791,User_6791,21,user6791@example.com,Houston
6792,User_6792,24,user6792@example.com,Houston
6793,User_6793,38,user6793@example.com,Phoenix
6794,User_6794,46,user6794@example.com,Chicago
6795,User_6795,21,user6795@example.com,Phoenix
6796,User_6796,58,user6796@example.com,Los Angeles
6797,User_6797,45,user6797@example.com,Phoenix
6798,User_6798,28,user6798@example.com,Los Angeles
6799,User_6799,47,user6799@example.com,Phoenix
6800,User_6800,49,user6800@example.com,New York
6801,User_6801,50,user6801@example.com,Houston
6802,User_6802,59,user6802@example.com,Houston
6803,User_6803,61,user6803@example.com,Houston
6804,User_6804,54,user6804@example.com,Los Angeles
6805,User_6805,19,user6805@example.com,Houston
6806,User_6806,32,user6806@example.com,Chicago
6807,User_6807,25,user6807@example.com,New York
6808,User_6808,51,user6808@example.com,Phoenix
6809,User_6809,52,user6809@example.com,Los Angeles
6810,User_6810,65,user6810@example.com,New York
6811,User_6811,21,user6811@example.com,Phoenix
6812,User_6812,42,user6812@example.com,Chicago
6813,User_6813,64,user6813@example.com,Los Angeles
6814,User_6814,27,user6814@example.com,Houston
6815,User_6815,56,user6815@example.com,Houston
6816,User_6816,63,user6816@example.com,New York
6817,User_6817,47,user6817@example.com,New York
6818,User_6818,41,user6818@example.com,New York
6819,User_6819,58,user6819@example.com,Chicago
6820,User_6820,42,user6820@example.com,Chicago
6821,User_6821,41,user6821@example.com,New York
6822,User_6822,59,user6822@example.com,Phoenix
6823,User_6823,53,user6823@example.com,New York
6824,User_6824,19,user6824@example.com,Phoenix
6825,User_6825,19,user6825@example.com,Phoenix
6826,User_6826,59,user6826@example.com,Los Angeles
6827,User_6827,48,user6827@example.com,Los Angeles
6828,User_6828,36,user6828@example.com,New York
6829,User_6829,63,user6829@example.com,Los Angeles
6830,User_6830,46,user6830@example.com,Houston
6831,User_6831,28,user6831@example.com,Phoenix
6832,User_6832,28,user6832@example.com,Houston
6833,User_6833,60,user6833@example.com,Houston
6834,User_6834,39,user6834@example.com,Phoenix
6835,User_6835,23,user6835@example.com,Chicago
6836,User_6836,43,user6836@example.com,New York
6837,User_6837,38,user6837@example.com,Houston
6838,User_6838,31,user6838@example.com,Los Angeles
6839,User_6839,59,user6839@example.com,Phoenix
6840,User_6840,55,user6840@example.com,Chicago
6841,User_6841,43,user6841@example.com,New York
6842,User_6842,34,user6842@example.com,Chicago
6843,User_6843,36,user6843@example.com,Chicago
6844,User_6844,48,user6844@example.com,Los Angeles
6845,User_6845,40,user6845@example.com,Chicago
6846,User_6846,26,user6846@example.com,Houston
6847,User_6847,31,user6847@example.com,Los Angeles
6848,User_6848,42,user6848@example.com,Phoenix
6849,User_6849,23,user6849@example.com,Los Angeles
6850,User_6850,29,user6850@example.com,Chicago
6851,User_6851,24,user6851@example.com,Los Angeles
6852,User_6852,41,user6852@example.com,Los Angeles
6853,User_6853,54,user6853@example.com,Phoenix
6854,User_6854,26,user6854@example.com,Los Angeles
6855,User_6855,46,user6855@example.com,Houston
6856,User_6856,53,user6856@example.com,Chicago
6857,User_6857,44,user6857@example.com,Houston
6858,User_6858,57,user6858@example.com,Phoenix
6859,User_6859,38,user6859@example.com,Chicago
6860,User_6860,21,user6860@example.com,Los Angeles
6861,User_6861,33,user6861@example.com,Los Angeles
6862,User_6862,45,user6862@example.com,Chicago
6863,User_6863,65,user6863@example.com,Houston
6864,User_6864,20,user6864@example.com,Houston
6865,User_6865,37,user6865@example.com,Los Angeles
6866,User_6866,64,user6866@example.com,New York
6867,User_6867,53,user6867@example.com,New York
6868,User_6868,47,user6868@example.com,Houston
6869,User_6869,39,user6869@example.com,Los Angeles
6870,User_6870,37,user6870@example.com,Chicago
6871,User_6871,46,user6871@example.com,New York
6872,User_6872,39,user6872@example.com,Phoenix
6873,User_6873,31,user6873@example.com,New York
6874,User_6874,46,user6874@example.com,Phoenix
6875,User_6875,65,user6875@example.com,Houston
6876,User_6876,31,user6876@example.com,Houston
6877,User_6877,38,user6877@example.com,New York
6878,User_6878,50,user6878@example.com,New York
6879,User_6879,50,user6879@example.com,Phoenix
6880,User_6880,39,user6880@example.com,Chicago
6881,User_6881,57,user6881@example.com,Los Angeles
6882,User_6882,36,user6882@example.com,Phoenix
6883,User_6883,51,user6883@example.com,Houston
6884,User_6884,32,user6884@example.com,Houston
6885,User_6885,18,user6885@example.com,Los Angeles
6886,User_6886,41,user6886@example.com,New York
6887,User_6887,62,user6887@example.com,Houston
6888,User_6888,29,user6888@example.com,Los Angeles
6889,User_6889,19,user6889@example.com,Chicago
6890,User_6890,55,user6890@example.com,Houston
6891,User_6891,35,user6891@example.com,Houston
6892,User_6892,46,user6892@example.com,Chicago
6893,User_6893,41,user6893@example.com,Houston
6894,User_6894,23,user6894@example.com,Phoenix
6895,User_6895,24,user6895@example.com,New York
6896,User_6896,18,user6896@example.com,Chicago
6897,User_6897,59,user6897@example.com,New York
6898,User_6898,20,user6898@example.com,Houston
6899,User_6899,34,user6899@example.com,Houston
6900,User_6900,53,user6900@example.com,Los Angeles
6901,User_6901,63,user6901@example.com,Houston
6902,User_6902,39,user6902@example.com,New York
6903,User_6903,34,user6903@example.com,Houston
6904,User_6904,26,user6904@example.com,Chicago
6905,User_6905,24,user6905@example.com,Houston
6906,User_6906,22,user6906@example.com,Houston
6907,User_6907,62,user6907@example.com,Chicago
6908,User_6908,25,user6908@example.com,New York
6909,User_6909,30,user6909@example.com,Chicago
6910,User_6910,41,user6910@example.com,New York
6911,User_6911,54,user6911@example.com,Los Angeles
6912,User_6912,21,user6912@example.com,New York
6913,User_6913,54,user6913@example.com,New York
6914,User_6914,26,user6914@example.com,New York
6915,User_6915,46,user6915@example.com,Phoenix
6916,User_6916,38,user6916@example.com,Phoenix
6917,User_6917,49,user6917@example.com,New York
6918,User_6918,25,user6918@example.com,Houston
6919,User_6919,32,user6919@example.com,Chicago
6920,User_6920,19,user6920@example.com,Los Angeles
6921,User_6921,52,user6921@example.com,Phoenix
6922,User_6922,24,user6922@example.com,Houston
6923,User_6923,36,user6923@example.com,Houston
6924,User_6924,19,user6924@example.com,Los Angeles
6925,User_6925,58,user6925@example.com,Los Angeles
6926,User_6926,51,user6926@example.com,Los Angeles
6927,User_6927,42,user6927@example.com,New York
6928,User_6928,34,user6928@example.com,Houston
6929,User_6929,53,user6929@example.com,New York
6930,User_6930,51,user6930@example.com,Los Angeles
6931,User_6931,26,user6931@example.com,Phoenix
6932,User_6932,45,user6932@example.com,Chicago
6933,User_6933,55,user6933@example.com,Los Angeles
6934,User_6934,51,user6934@example.com,Houston
6935,User_6935,19,user6935@example.com,Phoenix
6936,User_6936,45,user6936@example.com,New York
6937,User_6937,23,user6937@example.com,Chicago
6938,User_6938,36,user6938@example.com,Los Angeles
6939,User_6939,57,user6939@example.com,New York
6940,User_6940,33,user6940@example.com,Houston
6941,User_6941,63,user6941@example.com,Chicago
6942,User_6942,56,user6942@example.com,Los Angeles
6943,User_6943,52,user6943@example.com,Phoenix
6944,User_6944,33,user6944@example.com,Houston
6945,User_6945,39,user6945@example.com,Phoenix
6946,User_6946,46,user6946@example.com,Chicago
6947,User_6947,42,user6947@example.com,Los Angeles
6948,User_6948,63,user6948@example.com,Chicago
6949,User_6949,62,user6949@example.com,Phoenix
6950,User_6950,61,user6950@example.com,Houston
6951,User_6951,21,user6951@example.com,Houston
6952,User_6952,45,user6952@example.com,New York
6953,User_6953,43,user6953@example.com,Phoenix
6954,User_6954,25,user6954@example.com,Chicago
6955,User_6955,41,user6955@example.com,Chicago
6956,User_6956,43,user6956@example.com,Phoenix
6957,User_6957,19,user6957@example.com,New York
6958,User_6958,25,user6958@example.com,Los Angeles
6959,User_6959,50,user6959@example.com,Los Angeles
6960,User_6960,48,user6960@example.com,Houston
6961,User_6961,20,user6961@example.com,Houston
6962,User_6962,30,user6962@example.com,Chicago
6963,User_6963,34,user6963@example.com,New York
6964,User_6964,35,user6964@example.com,Houston
6965,User_6965,51,user6965@example.com,New York
6966,User_6966,28,user6966@example.com,Phoenix
6967,User_6967,30,user6967@example.com,Houston
6968,User_6968,35,user6968@example.com,Phoenix
6969,User_6969,51,user6969@example.com,New York
6970,User_6970,18,user6970@example.com,Los Angeles
6971,User_6971,25,user6971@example.com,Chicago
6972,User_6972,62,user6972@example.com,Los Angeles
6973,User_6973,21,user6973@example.com,Chicago
6974,User_6974,43,user6974@example.com,New York
6975,User_6975,51,user6975@example.com,Los Angeles
6976,User_6976,64,user6976@example.com,Phoenix
6977,User_6977,56,user6977@example.com,Houston
6978,User_6978,40,user6978@example.com,Chicago
6979,User_6979,62,user6979@example.com,Houston
6980,User_6980,19,user6980@example.com,Chicago
6981,User_6981,56,user6981@example.com,Houston
6982,User_6982,19,user6982@example.com,Los Angeles
6983,User_6983,23,user6983@example.com,Chicago
6984,User_6984,23,user6984@example.com,Los Angeles
6985,User_6985,65,user6985@example.com,Chicago
6986,User_6986,38,user6986@example.com,Los Angeles
6987,User_6987,23,user6987@example.com,Chicago
6988,User_6988,56,user6988@example.com,Chicago
6989,User_6989,18,user6989@example.com,Chicago
6990,User_6990,24,user6990@example.com,New York
6991,User_6991,47,user6991@example.com,New York
6992,User_6992,32,user6992@example.com,Chicago
6993,User_6993,32,user6993@example.com,Chicago
6994,User_6994,41,user6994@example.com,New York
6995,User_6995,54,user6995@example.com,Phoenix
6996,User_6996,43,user6996@example.com,Phoenix
6997,User_6997,65,user6997@example.com,Los Angeles
6998,User_6998,42,user6998@example.com,Phoenix
6999,User_6999,39,user6999@example.com,Phoenix
7000,User_7000,33,user7000@example.com,Los Angeles
7001,User_7001,38,user7001@example.com,Houston
7002,User_7002,25,user7002@example.com,Phoenix
7003,User_7003,24,user7003@example.com,New York
7004,User_7004,64,user7004@example.com,New York
7005,User_7005,25,user7005@example.com,New York
7006,User_7006,22,user7006@example.com,Houston
7007,User_7007,45,user7007@example.com,Phoenix
7008,User_7008,18,user7008@example.com,Los Angeles
7009,User_7009,30,user7009@example.com,Phoenix
7010,User_7010,31,user7010@example.com,New York
7011,User_7011,33,user7011@example.com,Chicago
7012,User_7012,38,user7012@example.com,Phoenix
7013,User_7013,41,user7013@example.com,New York
7014,User_7014,35,user7014@example.com,New York
7015,User_7015,18,user7015@example.com,Los Angeles
7016,User_7016,25,user7016@example.com,Houston
7017,User_7017,29,user7017@example.com,Los Angeles
7018,User_7018,31,user7018@example.com,New York
7019,User_7019,47,user7019@example.com,Chicago
7020,User_7020,32,user7020@example.com,Phoenix
7021,User_7021,62,user7021@example.com,Phoenix
7022,User_7022,22,user7022@example.com,New York
7023,User_7023,45,user7023@example.com,New York
7024,User_7024,40,user7024@example.com,Los Angeles
7025,User_7025,20,user7025@example.com,New York
7026,User_7026,50,user7026@example.com,Los Angeles
7027,User_7027,33,user7027@example.com,New York
7028,User_7028,33,user7028@example.com,New York
7029,User_7029,48,user7029@example.com,Los Angeles
7030,User_7030,65,user7030@example.com,Phoenix
7031,User_7031,18,user7031@example.com,Los Angeles
7032,User_7032,42,user7032@example.com,Los Angeles
7033,User_7033,37,user7033@example.com,New York
7034,User_7034,54,user7034@example.com,Chicago
7035,User_7035,59,user7035@example.com,Los Angeles
7036,User_7036,27,user7036@example.com,Chicago
7037,User_7037,25,user7037@example.com,Phoenix
7038,User_7038,45,user7038@example.com,Chicago
7039,User_7039,55,user7039@example.com,Los Angeles
7040,User_7040,19,user7040@example.com,Los Angeles
7041,User_7041,29,user7041@example.com,Chicago
7042,User_7042,27,user7042@example.com,Houston
7043,User_7043,44,user7043@example.com,New York
7044,User_7044,59,user7044@example.com,Phoenix
7045,User_7045,20,user7045@example.com,Houston
7046,User_7046,28,user7046@example.com,Phoenix
7047,User_7047,27,user7047@example.com,New York
7048,User_7048,62,user7048@example.com,Chicago
7049,User_7049,65,user7049@example.com,Phoenix
7050,User_7050,37,user7050@example.com,Phoenix
7051,User_7051,29,user7051@example.com,New York
7052,User_7052,27,user7052@example.com,Houston
7053,User_7053,63,user7053@example.com,Phoenix
7054,User_7054,26,user7054@example.com,New York
7055,User_7055,37,user7055@example.com,New York
7056,User_7056,36,user7056@example.com,New York
7057,User_7057,37,user7057@example.com,Chicago
7058,User_7058,38,user7058@example.com,Los Angeles
7059,User_7059,28,user7059@example.com,New York
7060,User_7060,27,user7060@example.com,Chicago
7061,User_7061,61,user7061@example.com,New York
7062,User_7062,59,user7062@example.com,Los Angeles
7063,User_7063,61,user7063@example.com,Houston
7064,User_7064,40,user7064@example.com,Los Angeles
7065,User_7065,36,user7065@example.com,Los Angeles
7066,User_7066,25,user7066@example.com,Los Angeles
7067,User_7067,39,user7067@example.com,Phoenix
7068,User_7068,43,user7068@example.com,New York
7069,User_7069,51,user7069@example.com,Houston
7070,User_7070,34,user7070@example.com,Chicago
7071,User_7071,28,user7071@example.com,Los Angeles
7072,User_7072,29,user7072@example.com,Phoenix
7073,User_7073,23,user7073@example.com,Los Angeles
7074,User_7074,50,user7074@example.com,Chicago
7075,User_7075,22,user7075@example.com,Chicago
7076,User_7076,55,user7076@example.com,New York
7077,User_7077,26,user7077@example.com,Chicago
7078,User_7078,23,user7078@example.com,New York
7079,User_7079,45,user7079@example.com,Phoenix
7080,User_7080,25,user7080@example.com,Houston
7081,User_7081,59,user7081@example.com,Chicago
7082,User_7082,27,user7082@example.com,Chicago
7083,User_7083,42,user7083@example.com,Phoenix
7084,User_7084,54,user7084@example.com,New York
7085,User_7085,50,user7085@example.com,New York
7086,User_7086,33,user7086@example.com,Los Angeles
7087,User_7087,63,user7087@example.com,Chicago
7088,User_7088,62,user7088@example.com,New York
7089,User_7089,25,user7089@example.com,Chicago
7090,User_7090,43,user7090@example.com,Houston
7091,User_7091,35,user7091@example.com,Houston
7092,User_7092,52,user7092@example.com,Chicago
7093,User_7093,18,user7093@example.com,Los Angeles
7094,User_7094,53,user7094@example.com,Houston
7095,User_7095,65,user7095@example.com,New York
7096,User_7096,53,user7096@example.com,Phoenix
7097,User_7097,22,user7097@example.com,Los Angeles
7098,User_7098,20,user7098@example.com,Phoenix
7099,User_7099,26,user7099@example.com,Chicago
7100,User_7100,54,user7100@example.com,Phoenix
7101,User_7101,27,user7101@example.com,Houston
7102,User_7102,29,user7102@example.com,Houston
7103,User_7103,30,user7103@example.com,Chicago
7104,User_7104,38,user7104@example.com,New York
7105,User_7105,48,user7105@example.com,Houston
7106,User_7106,63,user7106@example.com,Houston
7107,User_7107,46,user7107@example.com,Houston
7108,User_7108,46,user7108@example.com,New York
7109,User_7109,64,user7109@example.com,Phoenix
7110,User_7110,28,user7110@example.com,Chicago
7111,User_7111,33,user7111@example.com,Houston
7112,User_7112,18,user7112@example.com,Houston
7113,User_7113,46,user7113@example.com,Los Angeles
7114,User_7114,63,user7114@example.com,Phoenix
7115,User_7115,34,user7115@example.com,New York
7116,User_7116,21,user7116@example.com,Los Angeles
7117,User_7117,62,user7117@example.com,Houston
7118,User_7118,36,user7118@example.com,Chicago
7119,User_7119,37,user7119@example.com,Houston
7120,User_7120,38,user7120@example.com,Chicago
7121,User_7121,63,user7121@example.com,Los Angeles
7122,User_7122,41,user7122@example.com,Houston
7123,User_7123,56,user7123@example.com,Phoenix
7124,User_7124,59,user7124@example.com,Houston
7125,User_7125,31,user7125@example.com,Phoenix
7126,User_7126,62,user7126@example.com,Los Angeles
7127,User_7127,44,user7127@example.com,Phoenix
7128,User_7128,24,user7128@example.com,Los Angeles
7129,User_7129,44,user7129@example.com,Phoenix
7130,User_7130,24,user7130@example.com,Los Angeles
7131,User_7131,44,user7131@example.com,Chicago
7132,User_7132,63,user7132@example.com,Los Angeles
7133,User_7133,23,user7133@example.com,New York
7134,User_7134,43,user7134@example.com,Houston
7135,User_7135,31,user7135@example.com,Los Angeles
7136,User_7136,22,user7136@example.com,Phoenix
7137,User_7137,46,user7137@example.com,Houston
7138,User_7138,62,user7138@example.com,New York
7139,User_7139,56,user7139@example.com,Phoenix
7140,User_7140,44,user7140@example.com,Phoenix
7141,User_7141,51,user7141@example.com,Phoenix
7142,User_7142,19,user7142@example.com,New York
7143,User_7143,47,user7143@example.com,Houston
7144,User_7144,28,user7144@example.com,New York
7145,User_7145,63,user7145@example.com,Chicago
7146,User_7146,37,user7146@example.com,Houston
7147,User_7147,58,user7147@example.com,Los Angeles
7148,User_7148,51,user7148@example.com,Chicago
7149,User_7149,57,user7149@example.com,New York
7150,User_7150,61,user7150@example.com,Los Angeles
7151,User_7151,25,user7151@example.com,Houston
7152,User_7152,46,user7152@example.com,New York
7153,User_7153,58,user7153@example.com,Phoenix
7154,User_7154,61,user7154@example.com,Houston
7155,User_7155,28,user7155@example.com,Houston
7156,User_7156,32,user7156@example.com,Phoenix
7157,User_7157,64,user7157@example.com,Chicago
7158,User_7158,39,user7158@example.com,New York
7159,User_7159,63,user7159@example.com,New York
7160,User_7160,23,user7160@example.com,Los Angeles
7161,User_7161,24,user7161@example.com,New York
7162,User_7162,44,user7162@example.com,Houston
7163,User_7163,30,user7163@example.com,Houston
7164,User_7164,47,user7164@example.com,Los Angeles
7165,User_7165,26,user7165@example.com,Chicago
7166,User_7166,32,user7166@example.com,Phoenix
7167,User_7167,32,user7167@example.com,Chicago
7168,User_7168,36,user7168@example.com,Phoenix
7169,User_7169,33,user7169@example.com,New York
7170,User_7170,21,user7170@example.com,Los Angeles
7171,User_7171,42,user7171@example.com,New York
7172,User_7172,65,user7172@example.com,Los Angeles
7173,User_7173,20,user7173@example.com,Los Angeles
7174,User_7174,25,user7174@example.com,Houston
7175,User_7175,35,user7175@example.com,Houston
7176,User_7176,31,user7176@example.com,Phoenix
7177,User_7177,27,user7177@example.com,Houston
7178,User_7178,38,user7178@example.com,Chicago
7179,User_7179,43,user7179@example.com,Los Angeles
7180,User_7180,31,user7180@example.com,Los Angeles
7181,User_7181,61,user7181@example.com,Phoenix
7182,User_7182,21,user7182@example.com,Chicago
7183,User_7183,23,user7183@example.com,Houston
7184,User_7184,57,user7184@example.com,New York
7185,User_7185,60,user7185@example.com,Phoenix
7186,User_7186,41,user7186@example.com,Chicago
7187,User_7187,28,user7187@example.com,Houston
7188,User_7188,28,user7188@example.com,New York
7189,User_7189,60,user7189@example.com,Los Angeles
7190,User_7190,29,user7190@example.com,Phoenix
7191,User_7191,37,user7191@example.com,Houston
7192,User_7192,61,user7192@example.com,Los Angeles
7193,User_7193,55,user7193@example.com,Chicago
7194,User_7194,47,user7194@example.com,Houston
7195,User_7195,60,user7195@example.com,Chicago
7196,User_7196,22,user7196@example.com,Chicago
7197,User_7197,27,user7197@example.com,Los Angeles
7198,User_7198,22,user7198@example.com,Houston
7199,User_7199,37,user7199@example.com,Los Angeles
7200,User_7200,48,user7200@example.com,Houston
7201,User_7201,18,user7201@example.com,Houston
7202,User_7202,29,user7202@example.com,New York
7203,User_7203,64,user7203@example.com,Chicago
7204,User_7204,53,user7204@example.com,New York
7205,User_7205,55,user7205@example.com,Phoenix
7206,User_7206,64,user7206@example.com,Chicago
7207,User_7207,58,user7207@example.com,Los Angeles
7208,User_7208,50,user7208@example.com,Los Angeles
7209,User_7209,49,user7209@example.com,Houston
7210,User_7210,47,user7210@example.com,New York
7211,User_7211,45,user7211@example.com,Phoenix
7212,User_7212,41,user7212@example.com,Los Angeles
7213,User_7213,64,user7213@example.com,Los Angeles
7214,User_7214,19,user7214@example.com,Phoenix
7215,User_7215,54,user7215@example.com,Los Angeles
7216,User_7216,24,user7216@example.com,Los Angeles
7217,User_7217,20,user7217@example.com,Chicago
7218,User_7218,48,user7218@example.com,Chicago
7219,User_7219,26,user7219@example.com,Houston
7220,User_7220,25,user7220@example.com,Phoenix
7221,User_7221,39,user7221@example.com,Houston
7222,User_7222,52,user7222@example.com,Phoenix
7223,User_7223,56,user7223@example.com,Chicago
7224,User_7224,44,user7224@example.com,New York
7225,User_7225,35,user7225@example.com,Houston
7226,User_7226,46,user7226@example.com,Houston
7227,User_7227,24,user7227@example.com,New York
7228,User_7228,32,user7228@example.com,Los Angeles
7229,User_7229,36,user7229@example.com,New York
7230,User_7230,47,user7230@example.com,Houston
7231,User_7231,22,user7231@example.com,Los Angeles
7232,User_7232,18,user7232@example.com,Phoenix
7233,User_7233,21,user7233@example.com,Houston
7234,User_7234,59,user7234@example.com,Los Angeles
7235,User_7235,27,user7235@example.com,Los Angeles
7236,User_7236,50,user7236@example.com,Los Angeles
7237,User_7237,31,user7237@example.com,New York
7238,User_7238,21,user7238@example.com,Chicago
7239,User_7239,65,user7239@example.com,Houston
7240,User_7240,49,user7240@example.com,New York
7241,User_7241,21,user7241@example.com,Los Angeles
7242,User_7242,64,user7242@example.com,Chicago
7243,User_7243,59,user7243@example.com,Chicago
7244,User_7244,30,user7244@example.com,New York
7245,User_7245,37,user7245@example.com,Phoenix
7246,User_7246,19,user7246@example.com,Phoenix
7247,User_7247,39,user7247@example.com,Chicago
7248,User_7248,54,user7248@example.com,Chicago
7249,User_7249,39,user7249@example.com,Phoenix
7250,User_7250,25,user7250@example.com,Chicago
7251,User_7251,57,user7251@example.com,Los Angeles
7252,User_7252,37,user7252@example.com,Chicago
7253,User_7253,29,user7253@example.com,Chicago
7254,User_7254,58,user7254@example.com,Houston
7255,User_7255,49,user7255@example.com,Houston
7256,User_7256,51,user7256@example.com,Chicago
7257,User_7257,52,user7257@example.com,Los Angeles
7258,User_7258,29,user7258@example.com,Phoenix
7259,User_7259,29,user7259@example.com,Chicago
7260,User_7260,55,user7260@example.com,Chicago
7261,User_7261,18,user7261@example.com,Chicago
7262,User_7262,35,user7262@example.com,Phoenix
7263,User_7263,54,user7263@example.com,Houston
7264,User_7264,27,user7264@example.com,Phoenix
7265,User_7265,62,user7265@example.com,Houston
7266,User_7266,49,user7266@example.com,Phoenix
7267,User_7267,57,user7267@example.com,Chicago
7268,User_7268,32,user7268@example.com,Houston
7269,User_7269,57,user7269@example.com,Phoenix
7270,User_7270,55,user7270@example.com,New York
7271,User_7271,61,user7271@example.com,Houston
7272,User_7272,23,user7272@example.com,Houston
7273,User_7273,25,user7273@example.com,Los Angeles
7274,User_7274,21,user7274@example.com,Phoenix
7275,User_7275,37,user7275@example.com,Chicago
7276,User_7276,64,user7276@example.com,Phoenix
7277,User_7277,58,user7277@example.com,New York
7278,User_7278,53,user7278@example.com,New York
7279,User_7279,41,user7279@example.com,Houston
7280,User_7280,18,user7280@example.com,Los Angeles
7281,User_7281,44,user7281@example.com,New York
7282,User_7282,48,user7282@example.com,New York
7283,User_7283,54,user7283@example.com,Phoenix
7284,User_7284,55,user7284@example.com,Houston
7285,User_7285,18,user7285@example.com,Phoenix
7286,User_7286,31,user7286@example.com,Chicago
7287,User_7287,34,user7287@example.com,Chicago
7288,User_7288,33,user7288@example.com,Chicago
7289,User_7289,45,user7289@example.com,New York
7290,User_7290,56,user7290@example.com,Phoenix
7291,User_7291,20,user7291@example.com,New York
7292,User_7292,45,user7292@example.com,Chicago
7293,User_7293,45,user7293@example.com,Phoenix
7294,User_7294,37,user7294@example.com,Phoenix
7295,User_7295,24,user7295@example.com,Chicago
7296,User_7296,32,user7296@example.com,Los Angeles
7297,User_7297,36,user7297@example.com,New York
7298,User_7298,54,user7298@example.com,Phoenix
7299,User_7299,21,user7299@example.com,Chicago
7300,User_7300,48,user7300@example.com,Chicago
7301,User_7301,20,user7301@example.com,Los Angeles
7302,User_7302,47,user7302@example.com,New York
7303,User_7303,48,user7303@example.com,Chicago
7304,User_7304,29,user7304@example.com,Phoenix
7305,User_7305,44,user7305@example.com,Chicago
7306,User_7306,18,user7306@example.com,Houston
7307,User_7307,47,user7307@example.com,New York
7308,User_7308,27,user7308@example.com,Phoenix
7309,User_7309,24,user7309@example.com,Chicago
7310,User_7310,27,user7310@example.com,Houston
7311,User_7311,51,user7311@example.com,Phoenix
7312,User_7312,53,user7312@example.com,Los Angeles
7313,User_7313,34,user7313@example.com,Los Angeles
7314,User_7314,21,user7314@example.com,Houston
7315,User_7315,56,user7315@example.com,Houston
7316,User_7316,33,user7316@example.com,Houston
7317,User_7317,30,user7317@example.com,Phoenix
7318,User_7318,40,user7318@example.com,Chicago
7319,User_7319,60,user7319@example.com,Phoenix
7320,User_7320,27,user7320@example.com,Houston
7321,User_7321,28,user7321@example.com,New York
7322,User_7322,25,user7322@example.com,Chicago
7323,User_7323,34,user7323@example.com,Chicago
7324,User_7324,52,user7324@example.com,Houston
7325,User_7325,48,user7325@example.com,Phoenix
7326,User_7326,63,user7326@example.com,Houston
7327,User_7327,39,user7327@example.com,Phoenix
7328,User_7328,37,user7328@example.com,Houston
7329,User_7329,25,user7329@example.com,Los Angeles
7330,User_7330,48,user7330@example.com,New York
7331,User_7331,37,user7331@example.com,Chicago
7332,User_7332,56,user7332@example.com,Phoenix
7333,User_7333,38,user7333@example.com,Los Angeles
7334,User_7334,37,user7334@example.com,Chicago
7335,User_7335,21,user7335@example.com,Phoenix
7336,User_7336,27,user7336@example.com,Los Angeles
7337,User_7337,30,user7337@example.com,Los Angeles
7338,User_7338,26,user7338@example.com,New York
7339,User_7339,23,user7339@example.com,Chicago
7340,User_7340,47,user7340@example.com,Chicago
7341,User_7341,23,user7341@example.com,Phoenix
7342,User_7342,30,user7342@example.com,Houston
7343,User_7343,45,user7343@example.com,Los Angeles
7344,User_7344,50,user7344@example.com,Phoenix
7345,User_7345,64,user7345@example.com,New York
7346,User_7346,37,user7346@example.com,New York
7347,User_7347,56,user7347@example.com,Phoenix
7348,User_7348,22,user7348@example.com,Los Angeles
7349,User_7349,63,user7349@example.com,New York
7350,User_7350,34,user7350@example.com,Phoenix
7351,User_7351,30,user7351@example.com,Houston
7352,User_7352,20,user7352@example.com,Phoenix
7353,User_7353,31,user7353@example.com,Chicago
7354,User_7354,62,user7354@example.com,Houston
7355,User_7355,47,user7355@example.com,New York
7356,User_7356,38,user7356@example.com,Phoenix
7357,User_7357,65,user7357@example.com,New York
7358,User_7358,59,user7358@example.com,New York
7359,User_7359,27,user7359@example.com,Phoenix
7360,User_7360,61,user7360@example.com,New York
7361,User_7361,52,user7361@example.com,New York
7362,User_7362,46,user7362@example.com,Chicago
7363,User_7363,39,user7363@example.com,Houston
7364,User_7364,58,user7364@example.com,New York
7365,User_7365,25,user7365@example.com,Phoenix
7366,User_7366,46,user7366@example.com,Phoenix
7367,User_7367,42,user7367@example.com,Phoenix
7368,User_7368,26,user7368@example.com,Los Angeles
7369,User_7369,33,user7369@example.com,Phoenix
7370,User_7370,58,user7370@example.com,New York
7371,User_7371,41,user7371@example.com,Houston
7372,User_7372,54,user7372@example.com,Houston
7373,User_7373,40,user7373@example.com,New York
7374,User_7374,53,user7374@example.com,New York
7375,User_7375,61,user7375@example.com,Chicago
7376,User_7376,37,user7376@example.com,Phoenix
7377,User_7377,60,user7377@example.com,Phoenix
7378,User_7378,29,user7378@example.com,Houston
7379,User_7379,43,user7379@example.com,New York
7380,User_7380,61,user7380@example.com,Phoenix
7381,User_7381,29,user7381@example.com,New York
7382,User_7382,22,user7382@example.com,Houston
7383,User_7383,55,user7383@example.com,Chicago
7384,User_7384,48,user7384@example.com,Houston
7385,User_7385,49,user7385@example.com,Phoenix
7386,User_7386,23,user7386@example.com,Houston
7387,User_7387,40,user7387@example.com,New York
7388,User_7388,58,user7388@example.com,Houston
7389,User_7389,36,user7389@example.com,Phoenix
7390,User_7390,47,user7390@example.com,Chicago
7391,User_7391,50,user7391@example.com,Houston
7392,User_7392,40,user7392@example.com,Los Angeles
7393,User_7393,19,user7393@example.com,Chicago
7394,User_7394,35,user7394@example.com,New York
7395,User_7395,33,user7395@example.com,New York
7396,User_7396,18,user7396@example.com,Los Angeles
7397,User_7397,31,user7397@example.com,New York
7398,User_7398,60,user7398@example.com,New York
7399,User_7399,48,user7399@example.com,Houston
7400,User_7400,23,user7400@example.com,Houston
7401,User_7401,62,user7401@example.com,Los Angeles
7402,User_7402,45,user7402@example.com,Los Angeles
7403,User_7403,41,user7403@example.com,New York
7404,User_7404,42,user7404@example.com,New York
7405,User_7405,60,user7405@example.com,Chicago
7406,User_7406,41,user7406@example.com,Chicago
7407,User_7407,64,user7407@example.com,Chicago
7408,User_7408,29,user7408@example.com,Los Angeles
7409,User_7409,34,user7409@example.com,Phoenix
7410,User_7410,61,user7410@example.com,New York
7411,User_7411,37,user7411@example.com,Chicago
7412,User_7412,18,user7412@example.com,Phoenix
7413,User_7413,59,user7413@example.com,New York
7414,User_7414,38,user7414@example.com,New York
7415,User_7415,49,user7415@example.com,Phoenix
7416,User_7416,25,user7416@example.com,Houston
7417,User_7417,43,user7417@example.com,Houston
7418,User_7418,34,user7418@example.com,Chicago
7419,User_7419,46,user7419@example.com,Chicago
7420,User_7420,58,user7420@example.com,Chicago
7421,User_7421,65,user7421@example.com,Phoenix
7422,User_7422,62,user7422@example.com,Phoenix
7423,User_7423,36,user7423@example.com,Phoenix
7424,User_7424,41,user7424@example.com,Chicago
7425,User_7425,23,user7425@example.com,Phoenix
7426,User_7426,29,user7426@example.com,New York
7427,User_7427,24,user7427@example.com,Phoenix
7428,User_7428,22,user7428@example.com,Los Angeles
7429,User_7429,48,user7429@example.com,New York
7430,User_7430,33,user7430@example.com,Chicago
7431,User_7431,47,user7431@example.com,Los Angeles
7432,User_7432,60,user7432@example.com,Houston
7433,User_7433,49,user7433@example.com,Phoenix
7434,User_7434,56,user7434@example.com,Houston
7435,User_7435,59,user7435@example.com,Los Angeles
7436,User_7436,34,user7436@example.com,Phoenix
7437,User_7437,58,user7437@example.com,Chicago
7438,User_7438,35,user7438@example.com,Houston
7439,User_7439,65,user7439@example.com,Phoenix
7440,User_7440,47,user7440@example.com,Chicago
7441,User_7441,46,user7441@example.com,New York
7442,User_7442,60,user7442@example.com,Chicago
7443,User_7443,25,user7443@example.com,Phoenix
7444,User_7444,24,user7444@example.com,Houston
7445,User_7445,62,user7445@example.com,Chicago
7446,User_7446,62,user7446@example.com,Chicago
7447,User_7447,50,user7447@example.com,Houston
7448,User_7448,63,user7448@example.com,Los Angeles
7449,User_7449,35,user7449@example.com,Houston
7450,User_7450,42,user7450@example.com,Chicago
7451,User_7451,27,user7451@example.com,Los Angeles
7452,User_7452,48,user7452@example.com,New York
7453,User_7453,41,user7453@example.com,Chicago
7454,User_7454,21,user7454@example.com,New York
7455,User_7455,58,user7455@example.com,Chicago
7456,User_7456,46,user7456@example.com,New York
7457,User_7457,51,user7457@example.com,Phoenix
7458,User_7458,43,user7458@example.com,Phoenix
7459,User_7459,21,user7459@example.com,Phoenix
7460,User_7460,34,user7460@example.com,Chicago
7461,User_7461,26,user7461@example.com,Chicago
7462,User_7462,51,user7462@example.com,Chicago
7463,User_7463,56,user7463@example.com,Houston
7464,User_7464,50,user7464@example.com,Phoenix
7465,User_7465,37,user7465@example.com,Houston
7466,User_7466,36,user7466@example.com,Houston
7467,User_7467,39,user7467@example.com,New York
7468,User_7468,42,user7468@example.com,Chicago
7469,User_7469,43,user7469@example.com,Chicago
7470,User_7470,28,user7470@example.com,Houston
7471,User_7471,25,user7471@example.com,Los Angeles
7472,User_7472,32,user7472@example.com,Phoenix
7473,User_7473,50,user7473@example.com,Los Angeles
7474,User_7474,57,user7474@example.com,Phoenix
7475,User_7475,30,user7475@example.com,Chicago
7476,User_7476,64,user7476@example.com,Los Angeles
7477,User_7477,61,user7477@example.com,Los Angeles
7478,User_7478,39,user7478@example.com,Houston
7479,User_7479,62,user7479@example.com,Houston
7480,User_7480,25,user7480@example.com,New York
7481,User_7481,64,user7481@example.com,Houston
7482,User_7482,37,user7482@example.com,New York
7483,User_7483,30,user7483@example.com,Houston
7484,User_7484,34,user7484@example.com,New York
7485,User_7485,57,user7485@example.com,Houston
7486,User_7486,63,user7486@example.com,Los Angeles
7487,User_7487,24,user7487@example.com,Houston
7488,User_7488,59,user7488@example.com,Chicago
7489,User_7489,21,user7489@example.com,Los Angeles
7490,User_7490,61,user7490@example.com,Los Angeles
7491,User_7491,34,user7491@example.com,Houston
7492,User_7492,52,user7492@example.com,New York
7493,User_7493,59,user7493@example.com,Los Angeles
7494,User_7494,20,user7494@example.com,Los Angeles
7495,User_7495,35,user7495@example.com,Chicago
7496,User_7496,38,user7496@example.com,Los Angeles
7497,User_7497,65,user7497@example.com,Phoenix
7498,User_7498,47,user7498@example.com,New York
7499,User_7499,43,user7499@example.com,Chicago
7500,User_7500,43,user7500@example.com,Phoenix
7501,User_7501,56,user7501@example.com,New York
7502,User_7502,25,user7502@example.com,New York
7503,User_7503,47,user7503@example.com,New York
7504,User_7504,47,user7504@example.com,Phoenix
7505,User_7505,65,user7505@example.com,Houston
7506,User_7506,39,user7506@example.com,Los Angeles
7507,User_7507,52,user7507@example.com,Phoenix
7508,User_7508,35,user7508@example.com,Phoenix
7509,User_7509,33,user7509@example.com,Phoenix
7510,User_7510,25,user7510@example.com,Phoenix
7511,User_7511,29,user7511@example.com,Phoenix
7512,User_7512,45,user7512@example.com,Houston
7513,User_7513,19,user7513@example.com,New York
7514,User_7514,52,user7514@example.com,Los Angeles
7515,User_7515,43,user7515@example.com,Chicago
7516,User_7516,39,user7516@example.com,Phoenix
7517,User_7517,64,user7517@example.com,Houston
7518,User_7518,38,user7518@example.com,New York
7519,User_7519,32,user7519@example.com,Los Angeles
7520,User_7520,24,user7520@example.com,Chicago
7521,User_7521,60,user7521@example.com,Phoenix
7522,User_7522,43,user7522@example.com,Los Angeles
7523,User_7523,20,user7523@example.com,Chicago
7524,User_7524,64,user7524@example.com,Houston
7525,User_7525,35,user7525@example.com,Phoenix
7526,User_7526,55,user7526@example.com,Phoenix
7527,User_7527,41,user7527@example.com,Los Angeles
7528,User_7528,25,user7528@example.com,Phoenix
7529,User_7529,18,user7529@example.com,Houston
7530,User_7530,35,user7530@example.com,New York
7531,User_7531,64,user7531@example.com,New York
7532,User_7532,62,user7532@example.com,Los Angeles
7533,User_7533,29,user7533@example.com,Phoenix
7534,User_7534,59,user7534@example.com,Houston
7535,User_7535,22,user7535@example.com,New York
7536,User_7536,53,user7536@example.com,New York
7537,User_7537,56,user7537@example.com,Los Angeles
7538,User_7538,49,user7538@example.com,New York
7539,User_7539,50,user7539@example.com,Houston
7540,User_7540,46,user7540@example.com,Phoenix
7541,User_7541,19,user7541@example.com,Los Angeles
7542,User_7542,42,user7542@example.com,Chicago
7543,User_7543,62,user7543@example.com,Chicago
7544,User_7544,48,user7544@example.com,New York
7545,User_7545,46,user7545@example.com,Houston
7546,User_7546,59,user7546@example.com,Phoenix
7547,User_7547,36,user7547@example.com,Phoenix
7548,User_7548,35,user7548@example.com,New York
7549,User_7549,39,user7549@example.com,Houston
7550,User_7550,61,user7550@example.com,Los Angeles
7551,User_7551,23,user7551@example.com,Phoenix
7552,User_7552,51,user7552@example.com,Houston
7553,User_7553,23,user7553@example.com,Houston
7554,User_7554,65,user7554@example.com,Phoenix
7555,User_7555,35,user7555@example.com,Phoenix
7556,User_7556,23,user7556@example.com,New York
7557,User_7557,28,user7557@example.com,Chicago
7558,User_7558,22,user7558@example.com,Phoenix
7559,User_7559,23,user7559@example.com,Chicago
7560,User_7560,35,user7560@example.com,Houston
7561,User_7561,28,user7561@example.com,Phoenix
7562,User_7562,50,user7562@example.com,Houston
7563,User_7563,60,user7563@example.com,Los Angeles
7564,User_7564,47,user7564@example.com,Los Angeles
7565,User_7565,57,user7565@example.com,Houston
7566,User_7566,34,user7566@example.com,New York
7567,User_7567,57,user7567@example.com,Phoenix
7568,User_7568,55,user7568@example.com,Chicago
7569,User_7569,24,user7569@example.com,Houston
7570,User_7570,31,user7570@example.com,New York
7571,User_7571,65,user7571@example.com,Phoenix
7572,User_7572,20,user7572@example.com,New York
7573,User_7573,54,user7573@example.com,Chicago
7574,User_7574,34,user7574@example.com,New York
7575,User_7575,38,user7575@example.com,Phoenix
7576,User_7576,38,user7576@example.com,New York
7577,User_7577,65,user7577@example.com,Los Angeles
7578,User_7578,23,user7578@example.com,Phoenix
7579,User_7579,38,user7579@example.com,New York
7580,User_7580,65,user7580@example.com,Houston
7581,User_7581,23,user7581@example.com,Houston
7582,User_7582,27,user7582@example.com,New York
7583,User_7583,21,user7583@example.com,Houston
7584,User_7584,54,user7584@example.com,Houston
7585,User_7585,63,user7585@example.com,Phoenix
7586,User_7586,51,user7586@example.com,Phoenix
7587,User_7587,18,user7587@example.com,Houston
7588,User_7588,64,user7588@example.com,Phoenix
7589,User_7589,22,user7589@example.com,Chicago
7590,User_7590,50,user7590@example.com,Houston
7591,User_7591,64,user7591@example.com,Los Angeles
7592,User_7592,52,user7592@example.com,Phoenix
7593,User_7593,55,user7593@example.com,New York
7594,User_7594,21,user7594@example.com,Phoenix
7595,User_7595,63,user7595@example.com,Houston
7596,User_7596,28,user7596@example.com,New York
7597,User_7597,18,user7597@example.com,New York
7598,User_7598,59,user7598@example.com,Phoenix
7599,User_7599,36,user7599@example.com,New York
7600,User_7600,64,user7600@example.com,New York
7601,User_7601,40,user7601@example.com,New York
7602,User_7602,30,user7602@example.com,Phoenix
7603,User_7603,26,user7603@example.com,Chicago
7604,User_7604,53,user7604@example.com,Los Angeles
7605,User_7605,24,user7605@example.com,Houston
7606,User_7606,53,user7606@example.com,New York
7607,User_7607,37,user7607@example.com,Chicago
7608,User_7608,26,user7608@example.com,Phoenix
7609,User_7609,30,user7609@example.com,Los Angeles
7610,User_7610,60,user7610@example.com,New York
7611,User_7611,18,user7611@example.com,Los Angeles
7612,User_7612,38,user7612@example.com,Houston
7613,User_7613,20,user7613@example.com,New York
7614,User_7614,20,user7614@example.com,Phoenix
7615,User_7615,27,user7615@example.com,Chicago
7616,User_7616,32,user7616@example.com,Los Angeles
7617,User_7617,61,user7617@example.com,Houston
7618,User_7618,26,user7618@example.com,New York
7619,User_7619,62,user7619@example.com,Chicago
7620,User_7620,28,user7620@example.com,Chicago
7621,User_7621,61,user7621@example.com,Los Angeles
7622,User_7622,18,user7622@example.com,Phoenix
7623,User_7623,53,user7623@example.com,Los Angeles
7624,User_7624,58,user7624@example.com,Houston
7625,User_7625,57,user7625@example.com,Los Angeles
7626,User_7626,35,user7626@example.com,Phoenix
7627,User_7627,21,user7627@example.com,Houston
7628,User_7628,29,user7628@example.com,Los Angeles
7629,User_7629,59,user7629@example.com,Chicago
7630,User_7630,20,user7630@example.com,Phoenix
7631,User_7631,59,user7631@example.com,Houston
7632,User_7632,32,user7632@example.com,Los Angeles
7633,User_7633,48,user7633@example.com,Phoenix
7634,User_7634,19,user7634@example.com,New York
7635,User_7635,54,user7635@example.com,Phoenix
7636,User_7636,49,user7636@example.com,Phoenix
7637,User_7637,64,user7637@example.com,New York
7638,User_7638,32,user7638@example.com,Houston
7639,User_7639,34,user7639@example.com,Los Angeles
7640,User_7640,47,user7640@example.com,Houston
7641,User_7641,31,user7641@example.com,Houston
7642,User_7642,18,user7642@example.com,Los Angeles
7643,User_7643,41,user7643@example.com,Chicago
7644,User_7644,24,user7644@example.com,Houston
7645,User_7645,33,user7645@example.com,Houston
7646,User_7646,52,user7646@example.com,New York
7647,User_7647,32,user7647@example.com,Phoenix
7648,User_7648,52,user7648@example.com,Chicago
7649,User_7649,29,user7649@example.com,Houston
7650,User_7650,63,user7650@example.com,Chicago
7651,User_7651,65,user7651@example.com,Los Angeles
7652,User_7652,50,user7652@example.com,Houston
7653,User_7653,38,user7653@example.com,New York
7654,User_7654,37,user7654@example.com,Phoenix
7655,User_7655,46,user7655@example.com,New York
7656,User_7656,18,user7656@example.com,Chicago
7657,User_7657,35,user7657@example.com,Houston
7658,User_7658,60,user7658@example.com,Chicago
7659,User_7659,18,user7659@example.com,Phoenix
7660,User_7660,40,user7660@example.com,Phoenix
7661,User_7661,32,user7661@example.com,Chicago
7662,User_7662,41,user7662@example.com,Los Angeles
7663,User_7663,48,user7663@example.com,New York
7664,User_7664,21,user7664@example.com,Los Angeles
7665,User_7665,37,user7665@example.com,New York
7666,User_7666,33,user7666@example.com,Los Angeles
7667,User_7667,57,user7667@example.com,Houston
7668,User_7668,38,user7668@example.com,New York
7669,User_7669,22,user7669@example.com,Chicago
7670,User_7670,41,user7670@example.com,Los Angeles
7671,User_7671,46,user7671@example.com,Chicago
7672,User_7672,61,user7672@example.com,Chicago
7673,User_7673,28,user7673@example.com,Chicago
7674,User_7674,18,user7674@example.com,Houston
7675,User_7675,24,user7675@example.com,New York
7676,User_7676,47,user7676@example.com,Houston
7677,User_7677,51,user7677@example.com,Phoenix
7678,User_7678,25,user7678@example.com,Houston
7679,User_7679,48,user7679@example.com,Los Angeles
7680,User_7680,51,user7680@example.com,New York
7681,User_7681,37,user7681@example.com,Los Angeles
7682,User_7682,39,user7682@example.com,Phoenix
7683,User_7683,53,user7683@example.com,Chicago
7684,User_7684,58,user7684@example.com,Phoenix
7685,User_7685,46,user7685@example.com,Houston
7686,User_7686,40,user7686@example.com,Los Angeles
7687,User_7687,65,user7687@example.com,New York
7688,User_7688,62,user7688@example.com,Phoenix
7689,User_7689,45,user7689@example.com,New York
7690,User_7690,20,user7690@example.com,New York
7691,User_7691,62,user7691@example.com,Chicago
7692,User_7692,42,user7692@example.com,New York
7693,User_7693,18,user7693@example.com,Houston
7694,User_7694,56,user7694@example.com,New York
7695,User_7695,23,user7695@example.com,Phoenix
7696,User_7696,65,user7696@example.com,Phoenix
7697,User_7697,51,user7697@example.com,Los Angeles
7698,User_7698,36,user7698@example.com,Houston
7699,User_7699,22,user7699@example.com,Chicago
7700,User_7700,42,user7700@example.com,Phoenix
7701,User_7701,23,user7701@example.com,Phoenix
7702,User_7702,56,user7702@example.com,New York
7703,User_7703,21,user7703@example.com,Houston
7704,User_7704,43,user7704@example.com,Phoenix
7705,User_7705,41,user7705@example.com,Houston
7706,User_7706,26,user7706@example.com,Chicago
7707,User_7707,40,user7707@example.com,New York
7708,User_7708,57,user7708@example.com,Houston
7709,User_7709,58,user7709@example.com,Los Angeles
7710,User_7710,31,user7710@example.com,New York
7711,User_7711,64,user7711@example.com,Houston
7712,User_7712,57,user7712@example.com,Los Angeles
7713,User_7713,40,user7713@example.com,Los Angeles
7714,User_7714,63,user7714@example.com,Los Angeles
7715,User_7715,23,user7715@example.com,Chicago
7716,User_7716,33,user7716@example.com,Chicago
7717,User_7717,56,user7717@example.com,Houston
7718,User_7718,41,user7718@example.com,New York
7719,User_7719,64,user7719@example.com,Phoenix
7720,User_7720,65,user7720@example.com,Los Angeles
7721,User_7721,51,user7721@example.com,Houston
7722,User_7722,59,user7722@example.com,New York
7723,User_7723,42,user7723@example.com,Chicago
7724,User_7724,49,user7724@example.com,Chicago
7725,User_7725,50,user7725@example.com,New York
7726,User_7726,31,user7726@example.com,New York
7727,User_7727,59,user7727@example.com,New York
7728,User_7728,21,user7728@example.com,Phoenix
7729,User_7729,40,user7729@example.com,New York
7730,User_7730,44,user7730@example.com,Houston
7731,User_7731,30,user7731@example.com,Phoenix
7732,User_7732,33,user7732@example.com,Houston
7733,User_7733,50,user7733@example.com,Los Angeles
7734,User_7734,50,user7734@example.com,Los Angeles
7735,User_7735,43,user7735@example.com,Los Angeles
7736,User_7736,51,user7736@example.com,Chicago
7737,User_7737,65,user7737@example.com,New York
7738,User_7738,18,user7738@example.com,Los Angeles
7739,User_7739,29,user7739@example.com,Houston
7740,User_7740,60,user7740@example.com,Los Angeles
7741,User_7741,34,user7741@example.com,Houston
7742,User_7742,22,user7742@example.com,Los Angeles
7743,User_7743,36,user7743@example.com,Los Angeles
7744,User_7744,62,user7744@example.com,Chicago
7745,User_7745,19,user7745@example.com,New York
7746,User_7746,34,user7746@example.com,Los Angeles
7747,User_7747,18,user7747@example.com,New York
7748,User_7748,32,user7748@example.com,Houston
7749,User_7749,38,user7749@example.com,Phoenix
7750,User_7750,37,user7750@example.com,Phoenix
7751,User_7751,25,user7751@example.com,New York
7752,User_7752,21,user7752@example.com,Phoenix
7753,User_7753,23,user7753@example.com,Chicago
7754,User_7754,54,user7754@example.com,Phoenix
7755,User_7755,54,user7755@example.com,Chicago
7756,User_7756,58,user7756@example.com,Phoenix
7757,User_7757,63,user7757@example.com,Houston
7758,User_7758,26,user7758@example.com,Houston
7759,User_7759,51,user7759@example.com,Chicago
7760,User_7760,37,user7760@example.com,Houston
7761,User_7761,31,user7761@example.com,New York
7762,User_7762,38,user7762@example.com,Phoenix
7763,User_7763,59,user7763@example.com,Chicago
7764,User_7764,32,user7764@example.com,Phoenix
7765,User_7765,30,user7765@example.com,Los Angeles
7766,User_7766,65,user7766@example.com,Phoenix
7767,User_7767,30,user7767@example.com,Houston
7768,User_7768,45,user7768@example.com,Houston
7769,User_7769,35,user7769@example.com,Chicago
7770,User_7770,42,user7770@example.com,New York
7771,User_7771,64,user7771@example.com,Phoenix
7772,User_7772,65,user7772@example.com,Phoenix
7773,User_7773,57,user7773@example.com,New York
7774,User_7774,62,user7774@example.com,Phoenix
7775,User_7775,42,user7775@example.com,Houston
7776,User_7776,54,user7776@example.com,New York
7777,User_7777,40,user7777@example.com,Houston
7778,User_7778,57,user7778@example.com,New York
7779,User_7779,53,user7779@example.com,Los Angeles
7780,User_7780,28,user7780@example.com,Chicago
7781,User_7781,24,user7781@example.com,Houston
7782,User_7782,22,user7782@example.com,Phoenix
7783,User_7783,54,user7783@example.com,New York
7784,User_7784,38,user7784@example.com,New York
7785,User_7785,57,user7785@example.com,Chicago
7786,User_7786,40,user7786@example.com,Houston
7787,User_7787,48,user7787@example.com,Houston
7788,User_7788,61,user7788@example.com,Los Angeles
7789,User_7789,61,user7789@example.com,Los Angeles
7790,User_7790,34,user7790@example.com,Los Angeles
7791,User_7791,20,user7791@example.com,Phoenix
7792,User_7792,22,user7792@example.com,Los Angeles
7793,User_7793,35,user7793@example.com,New York
7794,User_7794,60,user7794@example.com,Houston
7795,User_7795,61,user7795@example.com,Los Angeles
7796,User_7796,40,user7796@example.com,Los Angeles
7797,User_7797,59,user7797@example.com,Phoenix
7798,User_7798,47,user7798@example.com,Chicago
7799,User_7799,49,user7799@example.com,New York
7800,User_7800,62,user7800@example.com,Phoenix
7801,User_7801,39,user7801@example.com,Phoenix
7802,User_7802,57,user7802@example.com,Chicago
7803,User_7803,28,user7803@example.com,New York
7804,User_7804,49,user7804@example.com,Los Angeles
7805,User_7805,28,user7805@example.com,Houston
7806,User_7806,59,user7806@example.com,New York
7807,User_7807,26,user7807@example.com,New York
7808,User_7808,18,user7808@example.com,Phoenix
7809,User_7809,25,user7809@example.com,New York
7810,User_7810,33,user7810@example.com,Phoenix
7811,User_7811,60,user7811@example.com,Los Angeles
7812,User_7812,60,user7812@example.com,New York
7813,User_7813,34,user7813@example.com,Los Angeles
7814,User_7814,34,user7814@example.com,Los Angeles
7815,User_7815,46,user7815@example.com,New York
7816,User_7816,35,user7816@example.com,Phoenix
7817,User_7817,27,user7817@example.com,New York
7818,User_7818,24,user7818@example.com,Chicago
7819,User_7819,54,user7819@example.com,Los Angeles
7820,User_7820,51,user7820@example.com,Houston
7821,User_7821,30,user7821@example.com,Phoenix
7822,User_7822,47,user7822@example.com,Phoenix
7823,User_7823,20,user7823@example.com,Houston
7824,User_7824,34,user7824@example.com,Phoenix
7825,User_7825,23,user7825@example.com,Los Angeles
7826,User_7826,26,user7826@example.com,Phoenix
7827,User_7827,19,user7827@example.com,Los Angeles
7828,User_7828,45,user7828@example.com,Los Angeles
7829,User_7829,47,user7829@example.com,Los Angeles
7830,User_7830,22,user7830@example.com,Los Angeles
7831,User_7831,20,user7831@example.com,Phoenix
7832,User_7832,36,user7832@example.com,Chicago
7833,User_7833,64,user7833@example.com,Los Angeles
7834,User_7834,27,user7834@example.com,Phoenix
7835,User_7835,60,user7835@example.com,Phoenix
7836,User_7836,28,user7836@example.com,Houston
7837,User_7837,65,user7837@example.com,Los Angeles
7838,User_7838,42,user7838@example.com,Los Angeles
7839,User_7839,38,user7839@example.com,Chicago
7840,User_7840,46,user7840@example.com,Chicago
7841,User_7841,23,user7841@example.com,Los Angeles
7842,User_7842,24,user7842@example.com,Phoenix
7843,User_7843,49,user7843@example.com,New York
7844,User_7844,62,user7844@example.com,New York
7845,User_7845,46,user7845@example.com,Phoenix
7846,User_7846,24,user7846@example.com,New York
7847,User_7847,55,user7847@example.com,Houston
7848,User_7848,18,user7848@example.com,Houston
7849,User_7849,37,user7849@example.com,New York
7850,User_7850,40,user7850@example.com,Houston
7851,User_7851,27,user7851@example.com,Chicago
7852,User_7852,50,user7852@example.com,Houston
7853,User_7853,62,user7853@example.com,Los Angeles
7854,User_7854,37,user7854@example.com,Chicago
7855,User_7855,62,user7855@example.com,Houston
7856,User_7856,65,user7856@example.com,Los Angeles
7857,User_7857,60,user7857@example.com,New York
7858,User_7858,54,user7858@example.com,Chicago
7859,User_7859,20,user7859@example.com,Los Angeles
7860,User_7860,61,user7860@example.com,Chicago
7861,User_7861,21,user7861@example.com,Phoenix
7862,User_7862,40,user7862@example.com,Chicago
7863,User_7863,46,user7863@example.com,Los Angeles
7864,User_7864,53,user7864@example.com,Houston
7865,User_7865,32,user7865@example.com,Houston
7866,User_7866,52,user7866@example.com,Phoenix
7867,User_7867,30,user7867@example.com,Chicago
7868,User_7868,43,user7868@example.com,Houston
7869,User_7869,24,user7869@example.com,Houston
7870,User_7870,40,user7870@example.com,Houston
7871,User_7871,28,user7871@example.com,New York
7872,User_7872,45,user7872@example.com,Los Angeles
7873,User_7873,42,user7873@example.com,Phoenix
7874,User_7874,36,user7874@example.com,Los Angeles
7875,User_7875,62,user7875@example.com,Chicago
7876,User_7876,30,user7876@example.com,Los Angeles
7877,User_7877,46,user7877@example.com,New York
7878,User_7878,40,user7878@example.com,Chicago
7879,User_7879,32,user7879@example.com,Los Angeles
7880,User_7880,18,user7880@example.com,Phoenix
7881,User_7881,39,user7881@example.com,Los Angeles
7882,User_7882,51,user7882@example.com,Chicago
7883,User_7883,47,user7883@example.com,Phoenix
7884,User_7884,19,user7884@example.com,Los Angeles
7885,User_7885,25,user7885@example.com,Houston
7886,User_7886,56,user7886@example.com,New York
7887,User_7887,62,user7887@example.com,Los Angeles
7888,User_7888,54,user7888@example.com,Phoenix
7889,User_7889,21,user7889@example.com,New York
7890,User_7890,45,user7890@example.com,Chicago
7891,User_7891,19,user7891@example.com,Houston
7892,User_7892,41,user7892@example.com,Los Angeles
7893,User_7893,50,user7893@example.com,Chicago
7894,User_7894,19,user7894@example.com,New York
7895,User_7895,55,user7895@example.com,Phoenix
7896,User_7896,44,user7896@example.com,Phoenix
7897,User_7897,31,user7897@example.com,Chicago
7898,User_7898,56,user7898@example.com,Phoenix
7899,User_7899,45,user7899@example.com,New York
7900,User_7900,61,user7900@example.com,New York
7901,User_7901,65,user7901@example.com,Phoenix
7902,User_7902,25,user7902@example.com,Phoenix
7903,User_7903,35,user7903@example.com,Phoenix
7904,User_7904,63,user7904@example.com,Los Angeles
7905,User_7905,60,user7905@example.com,New York
7906,User_7906,47,user7906@example.com,Los Angeles
7907,User_7907,55,user7907@example.com,Chicago
7908,User_7908,28,user7908@example.com,Houston
7909,User_7909,58,user7909@example.com,Phoenix
7910,User_7910,42,user7910@example.com,New York
7911,User_7911,44,user7911@example.com,Los Angeles
7912,User_7912,46,user7912@example.com,Houston
7913,User_7913,38,user7913@example.com,Chicago
7914,User_7914,20,user7914@example.com,Phoenix
7915,User_7915,53,user7915@example.com,Chicago
7916,User_7916,40,user7916@example.com,Chicago
7917,User_7917,56,user7917@example.com,Houston
7918,User_7918,39,user7918@example.com,Chicago
7919,User_7919,60,user7919@example.com,Chicago
7920,User_7920,30,user7920@example.com,New York
7921,User_7921,39,user7921@example.com,Phoenix
7922,User_7922,46,user7922@example.com,Phoenix
7923,User_7923,42,user7923@example.com,New York
7924,User_7924,31,user7924@example.com,Chicago
7925,User_7925,55,user7925@example.com,Houston
7926,User_7926,22,user7926@example.com,Phoenix
7927,User_7927,53,user7927@example.com,Los Angeles
7928,User_7928,37,user7928@example.com,New York
7929,User_7929,36,user7929@example.com,Chicago
7930,User_7930,36,user7930@example.com,Chicago
7931,User_7931,39,user7931@example.com,Los Angeles
7932,User_7932,49,user7932@example.com,Houston
7933,User_7933,26,user7933@example.com,Houston
7934,User_7934,23,user7934@example.com,Houston
7935,User_7935,39,user7935@example.com,Houston
7936,User_7936,42,user7936@example.com,Los Angeles
7937,User_7937,43,user7937@example.com,Los Angeles
7938,User_7938,62,user7938@example.com,New York
7939,User_7939,44,user7939@example.com,Los Angeles
7940,User_7940,51,user7940@example.com,Los Angeles
7941,User_7941,61,user7941@example.com,Houston
7942,User_7942,46,user7942@example.com,Phoenix
7943,User_7943,61,user7943@example.com,Phoenix
7944,User_7944,33,user7944@example.com,New York
7945,User_7945,26,user7945@example.com,Chicago
7946,User_7946,21,user7946@example.com,Phoenix
7947,User_7947,59,user7947@example.com,Phoenix
7948,User_7948,21,user7948@example.com,New York
7949,User_7949,22,user7949@example.com,Phoenix
7950,User_7950,45,user7950@example.com,Houston
7951,User_7951,50,user7951@example.com,Los Angeles
7952,User_7952,62,user7952@example.com,Phoenix
7953,User_7953,52,user7953@example.com,Houston
7954,User_7954,18,user7954@example.com,Chicago
7955,User_7955,18,user7955@example.com,Los Angeles
7956,User_7956,53,user7956@example.com,Chicago
7957,User_7957,53,user7957@example.com,Phoenix
7958,User_7958,22,user7958@example.com,Phoenix
7959,User_7959,24,user7959@example.com,Phoenix
7960,User_7960,32,user7960@example.com,Houston
7961,User_7961,31,user7961@example.com,New York
7962,User_7962,51,user7962@example.com,New York
7963,User_7963,65,user7963@example.com,New York
7964,User_7964,32,user7964@example.com,New York
7965,User_7965,44,user7965@example.com,New York
7966,User_7966,34,user7966@example.com,Los Angeles
7967,User_7967,23,user7967@example.com,Houston
7968,User_7968,30,user7968@example.com,Phoenix
7969,User_7969,58,user7969@example.com,Houston
7970,User_7970,29,user7970@example.com,Los Angeles
7971,User_7971,56,user7971@example.com,New York
7972,User_7972,34,user7972@example.com,Houston
7973,User_7973,27,user7973@example.com,Los Angeles
7974,User_7974,27,user7974@example.com,Houston
7975,User_7975,46,user7975@example.com,Phoenix
7976,User_7976,54,user7976@example.com,Chicago
7977,User_7977,57,user7977@example.com,New York
7978,User_7978,27,user7978@example.com,Phoenix
7979,User_7979,57,user7979@example.com,New York
7980,User_7980,20,user7980@example.com,Los Angeles
7981,User_7981,41,user7981@example.com,Chicago
7982,User_7982,47,user7982@example.com,Chicago
7983,User_7983,49,user7983@example.com,Houston
7984,User_7984,22,user7984@example.com,Phoenix
7985,User_7985,47,user7985@example.com,Chicago
7986,User_7986,51,user7986@example.com,Chicago
7987,User_7987,43,user7987@example.com,Los Angeles
7988,User_7988,41,user7988@example.com,Houston
7989,User_7989,40,user7989@example.com,Chicago
7990,User_7990,33,user7990@example.com,Houston
7991,User_7991,55,user7991@example.com,Los Angeles
7992,User_7992,30,user7992@example.com,Phoenix
7993,User_7993,20,user7993@example.com,Chicago
7994,User_7994,35,user7994@example.com,Houston
7995,User_7995,44,user7995@example.com,Los Angeles
7996,User_7996,43,user7996@example.com,New York
7997,User_7997,50,user7997@example.com,New York
7998,User_7998,24,user7998@example.com,Chicago
7999,User_7999,58,user7999@example.com,Los Angeles
8000,User_8000,51,user8000@example.com,Phoenix
8001,User_8001,40,user8001@example.com,New York
8002,User_8002,42,user8002@example.com,Chicago
8003,User_8003,50,user8003@example.com,Chicago
8004,User_8004,60,user8004@example.com,Los Angeles
8005,User_8005,48,user8005@example.com,Houston
8006,User_8006,62,user8006@example.com,New York
8007,User_8007,43,user8007@example.com,Phoenix
8008,User_8008,20,user8008@example.com,Los Angeles
8009,User_8009,60,user8009@example.com,Phoenix
8010,User_8010,59,user8010@example.com,New York
8011,User_8011,50,user8011@example.com,New York
8012,User_8012,22,user8012@example.com,Los Angeles
8013,User_8013,25,user8013@example.com,Phoenix
8014,User_8014,54,user8014@example.com,Chicago
8015,User_8015,20,user8015@example.com,Houston
8016,User_8016,27,user8016@example.com,Houston
8017,User_8017,32,user8017@example.com,Phoenix
8018,User_8018,32,user8018@example.com,Chicago
8019,User_8019,41,user8019@example.com,New York
8020,User_8020,47,user8020@example.com,Chicago
8021,User_8021,33,user8021@example.com,Phoenix
8022,User_8022,26,user8022@example.com,Phoenix
8023,User_8023,54,user8023@example.com,Phoenix
8024,User_8024,34,user8024@example.com,Chicago
8025,User_8025,36,user8025@example.com,Houston
8026,User_8026,37,user8026@example.com,Chicago
8027,User_8027,46,user8027@example.com,Houston
8028,User_8028,25,user8028@example.com,New York
8029,User_8029,39,user8029@example.com,Chicago
8030,User_8030,37,user8030@example.com,New York
8031,User_8031,35,user8031@example.com,Houston
8032,User_8032,54,user8032@example.com,Los Angeles
8033,User_8033,45,user8033@example.com,Houston
8034,User_8034,21,user8034@example.com,Phoenix
8035,User_8035,40,user8035@example.com,Chicago
8036,User_8036,31,user8036@example.com,Los Angeles
8037,User_8037,52,user8037@example.com,Los Angeles
8038,User_8038,49,user8038@example.com,Los Angeles
8039,User_8039,21,user8039@example.com,New York
8040,User_8040,33,user8040@example.com,Los Angeles
8041,User_8041,44,user8041@example.com,Los Angeles
8042,User_8042,30,user8042@example.com,Chicago
8043,User_8043,37,user8043@example.com,Houston
8044,User_8044,25,user8044@example.com,Los Angeles
8045,User_8045,33,user8045@example.com,Phoenix
8046,User_8046,58,user8046@example.com,Chicago
8047,User_8047,45,user8047@example.com,Houston
8048,User_8048,26,user8048@example.com,Los Angeles
8049,User_8049,47,user8049@example.com,Los Angeles
8050,User_8050,37,user8050@example.com,Houston
8051,User_8051,29,user8051@example.com,Chicago
8052,User_8052,58,user8052@example.com,Houston
8053,User_8053,31,user8053@example.com,Phoenix
8054,User_8054,26,user8054@example.com,Phoenix
8055,User_8055,65,user8055@example.com,Phoenix
8056,User_8056,33,user8056@example.com,New York
8057,User_8057,59,user8057@example.com,Los Angeles
8058,User_8058,24,user8058@example.com,Houston
8059,User_8059,65,user8059@example.com,New York
8060,User_8060,54,user8060@example.com,Phoenix
8061,User_8061,36,user8061@example.com,Phoenix
8062,User_8062,34,user8062@example.com,Phoenix
8063,User_8063,55,user8063@example.com,New York
8064,User_8064,32,user8064@example.com,Chicago
8065,User_8065,22,user8065@example.com,Houston
8066,User_8066,18,user8066@example.com,Houston
8067,User_8067,64,user8067@example.com,Chicago
8068,User_8068,48,user8068@example.com,Los Angeles
8069,User_8069,60,user8069@example.com,Houston
8070,User_8070,60,user8070@example.com,Houston
8071,User_8071,25,user8071@example.com,Chicago
8072,User_8072,50,user8072@example.com,Los Angeles
8073,User_8073,37,user8073@example.com,Phoenix
8074,User_8074,27,user8074@example.com,Phoenix
8075,User_8075,32,user8075@example.com,New York
8076,User_8076,47,user8076@example.com,Chicago
8077,User_8077,61,user8077@example.com,Los Angeles
8078,User_8078,58,user8078@example.com,Phoenix
8079,User_8079,62,user8079@example.com,Houston
8080,User_8080,22,user8080@example.com,New York
8081,User_8081,54,user8081@example.com,Houston
8082,User_8082,35,user8082@example.com,Houston
8083,User_8083,36,user8083@example.com,New York
8084,User_8084,41,user8084@example.com,Chicago
8085,User_8085,50,user8085@example.com,New York
8086,User_8086,34,user8086@example.com,Phoenix
8087,User_8087,47,user8087@example.com,Houston
8088,User_8088,30,user8088@example.com,Chicago
8089,User_8089,28,user8089@example.com,Phoenix
8090,User_8090,32,user8090@example.com,Phoenix
8091,User_8091,64,user8091@example.com,Houston
8092,User_8092,22,user8092@example.com,Chicago
8093,User_8093,49,user8093@example.com,New York
8094,User_8094,38,user8094@example.com,Los Angeles
8095,User_8095,24,user8095@example.com,Los Angeles
8096,User_8096,63,user8096@example.com,New York
8097,User_8097,22,user8097@example.com,New York
8098,User_8098,48,user8098@example.com,Los Angeles
8099,User_8099,39,user8099@example.com,Chicago
8100,User_8100,48,user8100@example.com,New York
8101,User_8101,48,user8101@example.com,New York
8102,User_8102,40,user8102@example.com,Houston
8103,User_8103,25,user8103@example.com,Phoenix
8104,User_8104,29,user8104@example.com,Chicago
8105,User_8105,29,user8105@example.com,Houston
8106,User_8106,42,user8106@example.com,Los Angeles
8107,User_8107,18,user8107@example.com,Chicago
8108,User_8108,19,user8108@example.com,Los Angeles
8109,User_8109,21,user8109@example.com,New York
8110,User_8110,24,user8110@example.com,New York
8111,User_8111,34,user8111@example.com,Chicago
8112,User_8112,37,user8112@example.com,Los Angeles
8113,User_8113,28,user8113@example.com,Chicago
8114,User_8114,21,user8114@example.com,Los Angeles
8115,User_8115,64,user8115@example.com,Houston
8116,User_8116,51,user8116@example.com,New York
8117,User_8117,46,user8117@example.com,Phoenix
8118,User_8118,35,user8118@example.com,Phoenix
8119,User_8119,53,user8119@example.com,Phoenix
8120,User_8120,45,user8120@example.com,Los Angeles
8121,User_8121,65,user8121@example.com,New York
8122,User_8122,54,user8122@example.com,Chicago
8123,User_8123,29,user8123@example.com,New York
8124,User_8124,29,user8124@example.com,Phoenix
8125,User_8125,65,user8125@example.com,Phoenix
8126,User_8126,56,user8126@example.com,Chicago
8127,User_8127,55,user8127@example.com,Phoenix
8128,User_8128,57,user8128@example.com,Chicago
8129,User_8129,34,user8129@example.com,New York
8130,User_8130,49,user8130@example.com,New York
8131,User_8131,65,user8131@example.com,Phoenix
8132,User_8132,34,user8132@example.com,New York
8133,User_8133,35,user8133@example.com,Los Angeles
8134,User_8134,27,user8134@example.com,New York
8135,User_8135,62,user8135@example.com,Chicago
8136,User_8136,22,user8136@example.com,Chicago
8137,User_8137,23,user8137@example.com,New York
8138,User_8138,21,user8138@example.com,Houston
8139,User_8139,35,user8139@example.com,New York
8140,User_8140,58,user8140@example.com,Chicago
8141,User_8141,24,user8141@example.com,Houston
8142,User_8142,50,user8142@example.com,Chicago
8143,User_8143,23,user8143@example.com,Phoenix
8144,User_8144,32,user8144@example.com,New York
8145,User_8145,47,user8145@example.com,Chicago
8146,User_8146,38,user8146@example.com,New York
8147,User_8147,55,user8147@example.com,Houston
8148,User_8148,42,user8148@example.com,Houston
8149,User_8149,56,user8149@example.com,Los Angeles
8150,User_8150,44,user8150@example.com,New York
8151,User_8151,19,user8151@example.com,New York
8152,User_8152,39,user8152@example.com,Chicago
8153,User_8153,42,user8153@example.com,New York
8154,User_8154,58,user8154@example.com,Phoenix
8155,User_8155,18,user8155@example.com,New York
8156,User_8156,38,user8156@example.com,New York
8157,User_8157,27,user8157@example.com,Los Angeles
8158,User_8158,59,user8158@example.com,Los Angeles
8159,User_8159,55,user8159@example.com,Chicago
8160,User_8160,52,user8160@example.com,Chicago
8161,User_8161,54,user8161@example.com,Chicago
8162,User_8162,65,user8162@example.com,Phoenix
8163,User_8163,25,user8163@example.com,Phoenix
8164,User_8164,29,user8164@example.com,Phoenix
8165,User_8165,54,user8165@example.com,New York
8166,User_8166,43,user8166@example.com,Houston
8167,User_8167,25,user8167@example.com,Los Angeles
8168,User_8168,53,user8168@example.com,Los Angeles
8169,User_8169,22,user8169@example.com,Houston
8170,User_8170,46,user8170@example.com,Los Angeles
8171,User_8171,65,user8171@example.com,New York
8172,User_8172,57,user8172@example.com,Chicago
8173,User_8173,34,user8173@example.com,Chicago
8174,User_8174,64,user8174@example.com,New York
8175,User_8175,31,user8175@example.com,Houston
8176,User_8176,20,user8176@example.com,Los Angeles
8177,User_8177,46,user8177@example.com,New York
8178,User_8178,59,user8178@example.com,New York
8179,User_8179,36,user8179@example.com,Houston
8180,User_8180,44,user8180@example.com,Chicago
8181,User_8181,24,user8181@example.com,Chicago
8182,User_8182,23,user8182@example.com,New York
8183,User_8183,35,user8183@example.com,Phoenix
8184,User_8184,56,user8184@example.com,Los Angeles
8185,User_8185,59,user8185@example.com,Houston
8186,User_8186,34,user8186@example.com,Chicago
8187,User_8187,35,user8187@example.com,New York
8188,User_8188,38,user8188@example.com,Houston
8189,User_8189,38,user8189@example.com,Phoenix
8190,User_8190,18,user8190@example.com,Los Angeles
8191,User_8191,47,user8191@example.com,Houston
8192,User_8192,54,user8192@example.com,Phoenix
8193,User_8193,42,user8193@example.com,Los Angeles
8194,User_8194,20,user8194@example.com,Houston
8195,User_8195,35,user8195@example.com,Los Angeles
8196,User_8196,53,user8196@example.com,New York
8197,User_8197,61,user8197@example.com,New York
8198,User_8198,42,user8198@example.com,Houston
8199,User_8199,61,user8199@example.com,Phoenix
8200,User_8200,40,user8200@example.com,Chicago
8201,User_8201,64,user8201@example.com,Houston
8202,User_8202,18,user8202@example.com,Los Angeles
8203,User_8203,29,user8203@example.com,Houston
8204,User_8204,57,user8204@example.com,New York
8205,User_8205,32,user8205@example.com,Phoenix
8206,User_8206,65,user8206@example.com,Chicago
8207,User_8207,39,user8207@example.com,Chicago
8208,User_8208,63,user8208@example.com,Los Angeles
8209,User_8209,45,user8209@example.com,Phoenix
8210,User_8210,65,user8210@example.com,New York
8211,User_8211,35,user8211@example.com,Houston
8212,User_8212,57,user8212@example.com,New York
8213,User_8213,31,user8213@example.com,Los Angeles
8214,User_8214,47,user8214@example.com,Chicago
8215,User_8215,25,user8215@example.com,New York
8216,User_8216,46,user8216@example.com,Chicago
8217,User_8217,42,user8217@example.com,Los Angeles
8218,User_8218,43,user8218@example.com,Chicago
8219,User_8219,60,user8219@example.com,Chicago
8220,User_8220,46,user8220@example.com,Chicago
8221,User_8221,20,user8221@example.com,Phoenix
8222,User_8222,52,user8222@example.com,Los Angeles
8223,User_8223,30,user8223@example.com,New York
8224,User_8224,35,user8224@example.com,New York
8225,User_8225,59,user8225@example.com,Phoenix
8226,User_8226,34,user8226@example.com,Phoenix
8227,User_8227,24,user8227@example.com,Phoenix
8228,User_8228,63,user8228@example.com,New York
8229,User_8229,55,user8229@example.com,Phoenix
8230,User_8230,28,user8230@example.com,Los Angeles
8231,User_8231,60,user8231@example.com,Los Angeles
8232,User_8232,51,user8232@example.com,Chicago
8233,User_8233,39,user8233@example.com,New York
8234,User_8234,55,user8234@example.com,New York
8235,User_8235,58,user8235@example.com,Phoenix
8236,User_8236,48,user8236@example.com,Phoenix
8237,User_8237,35,user8237@example.com,Chicago
8238,User_8238,45,user8238@example.com,New York
8239,User_8239,23,user8239@example.com,Phoenix
8240,User_8240,52,user8240@example.com,Houston
8241,User_8241,54,user8241@example.com,Phoenix
8242,User_8242,64,user8242@example.com,Chicago
8243,User_8243,24,user8243@example.com,Houston
8244,User_8244,62,user8244@example.com,Chicago
8245,User_8245,30,user8245@example.com,New York
8246,User_8246,28,user8246@example.com,New York
8247,User_8247,42,user8247@example.com,Los Angeles
8248,User_8248,56,user8248@example.com,Chicago
8249,User_8249,43,user8249@example.com,Chicago
8250,User_8250,32,user8250@example.com,Phoenix
8251,User_8251,58,user8251@example.com,Los Angeles
8252,User_8252,37,user8252@example.com,Phoenix
8253,User_8253,22,user8253@example.com,Phoenix
8254,User_8254,59,user8254@example.com,Chicago
8255,User_8255,25,user8255@example.com,Chicago
8256,User_8256,41,user8256@example.com,Phoenix
8257,User_8257,61,user8257@example.com,Houston
8258,User_8258,58,user8258@example.com,Los Angeles
8259,User_8259,47,user8259@example.com,Phoenix
8260,User_8260,42,user8260@example.com,New York
8261,User_8261,48,user8261@example.com,Chicago
8262,User_8262,27,user8262@example.com,Los Angeles
8263,User_8263,22,user8263@example.com,Chicago
8264,User_8264,18,user8264@example.com,New York
8265,User_8265,36,user8265@example.com,Houston
8266,User_8266,55,user8266@example.com,Houston
8267,User_8267,58,user8267@example.com,Chicago
8268,User_8268,55,user8268@example.com,Los Angeles
8269,User_8269,51,user8269@example.com,Houston
8270,User_8270,58,user8270@example.com,New York
8271,User_8271,62,user8271@example.com,Chicago
8272,User_8272,30,user8272@example.com,Los Angeles
8273,User_8273,32,user8273@example.com,Los Angeles
8274,User_8274,23,user8274@example.com,New York
8275,User_8275,53,user8275@example.com,Phoenix
8276,User_8276,38,user8276@example.com,New York
8277,User_8277,63,user8277@example.com,Chicago
8278,User_8278,30,user8278@example.com,New York
8279,User_8279,65,user8279@example.com,Phoenix
8280,User_8280,47,user8280@example.com,Chicago
8281,User_8281,38,user8281@example.com,Los Angeles
8282,User_8282,35,user8282@example.com,Los Angeles
8283,User_8283,51,user8283@example.com,Phoenix
8284,User_8284,53,user8284@example.com,Los Angeles
8285,User_8285,54,user8285@example.com,Phoenix
8286,User_8286,21,user8286@example.com,Houston
8287,User_8287,49,user8287@example.com,Los Angeles
8288,User_8288,19,user8288@example.com,Phoenix
8289,User_8289,20,user8289@example.com,Houston
8290,User_8290,64,user8290@example.com,Phoenix
8291,User_8291,40,user8291@example.com,Los Angeles
8292,User_8292,52,user8292@example.com,Phoenix
8293,User_8293,41,user8293@example.com,Houston
8294,User_8294,22,user8294@example.com,Phoenix
8295,User_8295,18,user8295@example.com,Los Angeles
8296,User_8296,52,user8296@example.com,New York
8297,User_8297,52,user8297@example.com,Phoenix
8298,User_8298,55,user8298@example.com,Phoenix
8299,User_8299,38,user8299@example.com,Los Angeles
8300,User_8300,41,user8300@example.com,Los Angeles
8301,User_8301,28,user8301@example.com,Chicago
8302,User_8302,20,user8302@example.com,Phoenix
8303,User_8303,29,user8303@example.com,Los Angeles
8304,User_8304,26,user8304@example.com,Chicago
8305,User_8305,25,user8305@example.com,Phoenix
8306,User_8306,30,user8306@example.com,Chicago
8307,User_8307,51,user8307@example.com,New York
8308,User_8308,38,user8308@example.com,Phoenix
8309,User_8309,58,user8309@example.com,Phoenix
8310,User_8310,49,user8310@example.com,New York
8311,User_8311,61,user8311@example.com,Chicago
8312,User_8312,57,user8312@example.com,Houston
8313,User_8313,24,user8313@example.com,Chicago
8314,User_8314,39,user8314@example.com,Los Angeles
8315,User_8315,45,user8315@example.com,Phoenix
8316,User_8316,58,user8316@example.com,Chicago
8317,User_8317,33,user8317@example.com,Houston
8318,User_8318,32,user8318@example.com,New York
8319,User_8319,52,user8319@example.com,Chicago
8320,User_8320,30,user8320@example.com,Chicago
8321,User_8321,58,user8321@example.com,Phoenix
8322,User_8322,45,user8322@example.com,Phoenix
8323,User_8323,51,user8323@example.com,New York
8324,User_8324,21,user8324@example.com,Houston
8325,User_8325,43,user8325@example.com,New York
8326,User_8326,38,user8326@example.com,Phoenix
8327,User_8327,34,user8327@example.com,Los Angeles
8328,User_8328,31,user8328@example.com,Houston
8329,User_8329,36,user8329@example.com,New York
8330,User_8330,55,user8330@example.com,Los Angeles
8331,User_8331,61,user8331@example.com,Los Angeles
8332,User_8332,34,user8332@example.com,Houston
8333,User_8333,43,user8333@example.com,Houston
8334,User_8334,54,user8334@example.com,Chicago
8335,User_8335,22,user8335@example.com,New York
8336,User_8336,32,user8336@example.com,New York
8337,User_8337,52,user8337@example.com,Phoenix
8338,User_8338,48,user8338@example.com,Los Angeles
8339,User_8339,33,user8339@example.com,Chicago
8340,User_8340,64,user8340@example.com,Chicago
8341,User_8341,27,user8341@example.com,New York
8342,User_8342,23,user8342@example.com,Los Angeles
8343,User_8343,64,user8343@example.com,Houston
8344,User_8344,30,user8344@example.com,Los Angeles
8345,User_8345,21,user8345@example.com,Los Angeles
8346,User_8346,57,user8346@example.com,Houston
8347,User_8347,20,user8347@example.com,Los Angeles
8348,User_8348,37,user8348@example.com,Los Angeles
8349,User_8349,37,user8349@example.com,Houston
8350,User_8350,42,user8350@example.com,Chicago
8351,User_8351,25,user8351@example.com,Phoenix
8352,User_8352,62,user8352@example.com,Chicago
8353,User_8353,47,user8353@example.com,New York
8354,User_8354,31,user8354@example.com,New York
8355,User_8355,51,user8355@example.com,New York
8356,User_8356,25,user8356@example.com,Houston
8357,User_8357,49,user8357@example.com,Los Angeles
8358,User_8358,29,user8358@example.com,New York
8359,User_8359,18,user8359@example.com,Houston
8360,User_8360,49,user8360@example.com,New York
8361,User_8361,37,user8361@example.com,Chicago
8362,User_8362,18,user8362@example.com,Houston
8363,User_8363,47,user8363@example.com,New York
8364,User_8364,56,user8364@example.com,Phoenix
8365,User_8365,20,user8365@example.com,New York
8366,User_8366,41,user8366@example.com,Houston
8367,User_8367,50,user8367@example.com,Phoenix
8368,User_8368,21,user8368@example.com,Los Angeles
8369,User_8369,24,user8369@example.com,Los Angeles
8370,User_8370,65,user8370@example.com,Houston
8371,User_8371,36,user8371@example.com,Houston
8372,User_8372,42,user8372@example.com,Los Angeles
8373,User_8373,49,user8373@example.com,Houston
8374,User_8374,33,user8374@example.com,Phoenix
8375,User_8375,23,user8375@example.com,Phoenix
8376,User_8376,35,user8376@example.com,New York
8377,User_8377,42,user8377@example.com,New York
8378,User_8378,30,user8378@example.com,Los Angeles
8379,User_8379,61,user8379@example.com,New York
8380,User_8380,33,user8380@example.com,New York
8381,User_8381,27,user8381@example.com,Houston
8382,User_8382,50,user8382@example.com,Phoenix
8383,User_8383,51,user8383@example.com,Los Angeles
8384,User_8384,43,user8384@example.com,Chicago
8385,User_8385,19,user8385@example.com,Houston
8386,User_8386,54,user8386@example.com,Phoenix
8387,User_8387,39,user8387@example.com,Los Angeles
8388,User_8388,49,user8388@example.com,New York
8389,User_8389,36,user8389@example.com,Los Angeles
8390,User_8390,51,user8390@example.com,Chicago
8391,User_8391,40,user8391@example.com,New York
8392,User_8392,38,user8392@example.com,New York
8393,User_8393,62,user8393@example.com,Los Angeles
8394,User_8394,21,user8394@example.com,Houston
8395,User_8395,49,user8395@example.com,Phoenix
8396,User_8396,41,user8396@example.com,Los Angeles
8397,User_8397,58,user8397@example.com,Houston
8398,User_8398,35,user8398@example.com,Los Angeles
8399,User_8399,39,user8399@example.com,New York
8400,User_8400,25,user8400@example.com,Chicago
8401,User_8401,25,user8401@example.com,Chicago
8402,User_8402,56,user8402@example.com,Phoenix
8403,User_8403,53,user8403@example.com,New York
8404,User_8404,28,user8404@example.com,New York
8405,User_8405,57,user8405@example.com,Chicago
8406,User_8406,22,user8406@example.com,Chicago
8407,User_8407,54,user8407@example.com,Chicago
8408,User_8408,45,user8408@example.com,Houston
8409,User_8409,41,user8409@example.com,Phoenix
8410,User_8410,40,user8410@example.com,Chicago
8411,User_8411,38,user8411@example.com,Chicago
8412,User_8412,45,user8412@example.com,Chicago
8413,User_8413,39,user8413@example.com,Houston
8414,User_8414,20,user8414@example.com,New York
8415,User_8415,42,user8415@example.com,New York
8416,User_8416,31,user8416@example.com,Phoenix
8417,User_8417,50,user8417@example.com,Chicago
8418,User_8418,44,user8418@example.com,Chicago
8419,User_8419,53,user8419@example.com,Chicago
8420,User_8420,25,user8420@example.com,Chicago
8421,User_8421,63,user8421@example.com,Chicago
8422,User_8422,45,user8422@example.com,Los Angeles
8423,User_8423,65,user8423@example.com,Chicago
8424,User_8424,57,user8424@example.com,Phoenix
8425,User_8425,58,user8425@example.com,New York
8426,User_8426,32,user8426@example.com,Houston
8427,User_8427,18,user8427@example.com,Phoenix
8428,User_8428,38,user8428@example.com,New York
8429,User_8429,30,user8429@example.com,Chicago
8430,User_8430,18,user8430@example.com,New York
8431,User_8431,57,user8431@example.com,Los Angeles
8432,User_8432,64,user8432@example.com,Chicago
8433,User_8433,52,user8433@example.com,Houston
8434,User_8434,60,user8434@example.com,Phoenix
8435,User_8435,34,user8435@example.com,Los Angeles
8436,User_8436,50,user8436@example.com,Houston
8437,User_8437,30,user8437@example.com,New York
8438,User_8438,44,user8438@example.com,Houston
8439,User_8439,60,user8439@example.com,Houston
8440,User_8440,64,user8440@example.com,Phoenix
8441,User_8441,42,user8441@example.com,Phoenix
8442,User_8442,61,user8442@example.com,Chicago
8443,User_8443,30,user8443@example.com,Houston
8444,User_8444,56,user8444@example.com,Phoenix
8445,User_8445,56,user8445@example.com,Chicago
8446,User_8446,63,user8446@example.com,Chicago
8447,User_8447,38,user8447@example.com,Phoenix
8448,User_8448,51,user8448@example.com,New York
8449,User_8449,45,user8449@example.com,Chicago
8450,User_8450,43,user8450@example.com,Chicago
8451,User_8451,60,user8451@example.com,Chicago
8452,User_8452,64,user8452@example.com,Chicago
8453,User_8453,62,user8453@example.com,Los Angeles
8454,User_8454,52,user8454@example.com,Chicago
8455,User_8455,25,user8455@example.com,New York
8456,User_8456,50,user8456@example.com,Houston
8457,User_8457,47,user8457@example.com,Houston
8458,User_8458,38,user8458@example.com,Los Angeles
8459,User_8459,50,user8459@example.com,New York
8460,User_8460,34,user8460@example.com,Los Angeles
8461,User_8461,39,user8461@example.com,Houston
8462,User_8462,50,user8462@example.com,Los Angeles
8463,User_8463,33,user8463@example.com,New York
8464,User_8464,37,user8464@example.com,Phoenix
8465,User_8465,41,user8465@example.com,New York
8466,User_8466,59,user8466@example.com,Los Angeles
8467,User_8467,58,user8467@example.com,New York
8468,User_8468,61,user8468@example.com,Los Angeles
8469,User_8469,48,user8469@example.com,Chicago
8470,User_8470,19,user8470@example.com,Houston
8471,User_8471,52,user8471@example.com,New York
8472,User_8472,43,user8472@example.com,New York
8473,User_8473,44,user8473@example.com,Houston
8474,User_8474,43,user8474@example.com,Houston
8475,User_8475,23,user8475@example.com,Los Angeles
8476,User_8476,55,user8476@example.com,Phoenix
8477,User_8477,27,user8477@example.com,New York
8478,User_8478,36,user8478@example.com,Chicago
8479,User_8479,32,user8479@example.com,Houston
8480,User_8480,31,user8480@example.com,Houston
8481,User_8481,55,user8481@example.com,Phoenix
8482,User_8482,34,user8482@example.com,Phoenix
8483,User_8483,32,user8483@example.com,Los Angeles
8484,User_8484,21,user8484@example.com,Los Angeles
8485,User_8485,44,user8485@example.com,Los Angeles
8486,User_8486,26,user8486@example.com,Phoenix
8487,User_8487,23,user8487@example.com,Houston
8488,User_8488,54,user8488@example.com,Los Angeles
8489,User_8489,43,user8489@example.com,Houston
8490,User_8490,32,user8490@example.com,Houston
8491,User_8491,28,user8491@example.com,Houston
8492,User_8492,42,user8492@example.com,Phoenix
8493,User_8493,46,user8493@example.com,Chicago
8494,User_8494,23,user8494@example.com,New York
8495,User_8495,46,user8495@example.com,Los Angeles
8496,User_8496,46,user8496@example.com,Houston
8497,User_8497,25,user8497@example.com,Chicago
8498,User_8498,51,user8498@example.com,Phoenix
8499,User_8499,43,user8499@example.com,Chicago
8500,User_8500,64,user8500@example.com,Los Angeles
8501,User_8501,45,user8501@example.com,Chicago
8502,User_8502,51,user8502@example.com,New York
8503,User_8503,30,user8503@example.com,Los Angeles
8504,User_8504,52,user8504@example.com,Phoenix
8505,User_8505,43,user8505@example.com,Los Angeles
8506,User_8506,48,user8506@example.com,Chicago
8507,User_8507,56,user8507@example.com,Phoenix
8508,User_8508,23,user8508@example.com,Phoenix
8509,User_8509,21,user8509@example.com,New York
8510,User_8510,27,user8510@example.com,New York
8511,User_8511,46,user8511@example.com,New York
8512,User_8512,59,user8512@example.com,New York
8513,User_8513,47,user8513@example.com,New York
8514,User_8514,29,user8514@example.com,Phoenix
8515,User_8515,57,user8515@example.com,Los Angeles
8516,User_8516,51,user8516@example.com,Los Angeles
8517,User_8517,53,user8517@example.com,Chicago
8518,User_8518,41,user8518@example.com,Phoenix
8519,User_8519,54,user8519@example.com,Los Angeles
8520,User_8520,47,user8520@example.com,Phoenix
8521,User_8521,57,user8521@example.com,Houston
8522,User_8522,30,user8522@example.com,Phoenix
8523,User_8523,44,user8523@example.com,Chicago
8524,User_8524,62,user8524@example.com,Houston
8525,User_8525,61,user8525@example.com,Chicago
8526,User_8526,56,user8526@example.com,Los Angeles
8527,User_8527,41,user8527@example.com,Houston
8528,User_8528,48,user8528@example.com,Los Angeles
8529,User_8529,59,user8529@example.com,New York
8530,User_8530,52,user8530@example.com,Houston
8531,User_8531,37,user8531@example.com,Houston
8532,User_8532,48,user8532@example.com,Chicago
8533,User_8533,32,user8533@example.com,Phoenix
8534,User_8534,56,user8534@example.com,New York
8535,User_8535,37,user8535@example.com,New York
8536,User_8536,38,user8536@example.com,Phoenix
8537,User_8537,36,user8537@example.com,Los Angeles
8538,User_8538,30,user8538@example.com,Phoenix
8539,User_8539,34,user8539@example.com,Chicago
8540,User_8540,55,user8540@example.com,Chicago
8541,User_8541,18,user8541@example.com,Phoenix
8542,User_8542,42,user8542@example.com,Houston
8543,User_8543,48,user8543@example.com,Chicago
8544,User_8544,43,user8544@example.com,Phoenix
8545,User_8545,37,user8545@example.com,Los Angeles
8546,User_8546,49,user8546@example.com,New York
8547,User_8547,40,user8547@example.com,Phoenix
8548,User_8548,24,user8548@example.com,Houston
8549,User_8549,33,user8549@example.com,Chicago
8550,User_8550,65,user8550@example.com,New York
8551,User_8551,27,user8551@example.com,Los Angeles
8552,User_8552,52,user8552@example.com,New York
8553,User_8553,48,user8553@example.com,Houston
8554,User_8554,59,user8554@example.com,New York
8555,User_8555,57,user8555@example.com,New York
8556,User_8556,48,user8556@example.com,Los Angeles
8557,User_8557,65,user8557@example.com,Los Angeles
8558,User_8558,42,user8558@example.com,Phoenix
8559,User_8559,44,user8559@example.com,Houston
8560,User_8560,54,user8560@example.com,New York
8561,User_8561,36,user8561@example.com,Los Angeles
8562,User_8562,62,user8562@example.com,New York
8563,User_8563,22,user8563@example.com,Phoenix
8564,User_8564,27,user8564@example.com,Chicago
8565,User_8565,21,user8565@example.com,Chicago
8566,User_8566,39,user8566@example.com,Los Angeles
8567,User_8567,52,user8567@example.com,Chicago
8568,User_8568,22,user8568@example.com,Chicago
8569,User_8569,51,user8569@example.com,Chicago
8570,User_8570,47,user8570@example.com,Houston
8571,User_8571,54,user8571@example.com,Houston
8572,User_8572,55,user8572@example.com,Phoenix
8573,User_8573,65,user8573@example.com,Chicago
8574,User_8574,50,user8574@example.com,Chicago
8575,User_8575,24,user8575@example.com,Houston
8576,User_8576,55,user8576@example.com,Phoenix
8577,User_8577,28,user8577@example.com,New York
8578,User_8578,40,user8578@example.com,Houston
8579,User_8579,47,user8579@example.com,Houston
8580,User_8580,53,user8580@example.com,Houston
8581,User_8581,25,user8581@example.com,Los Angeles
8582,User_8582,48,user8582@example.com,Phoenix
8583,User_8583,35,user8583@example.com,Los Angeles
8584,User_8584,55,user8584@example.com,Los Angeles
8585,User_8585,18,user8585@example.com,Phoenix
8586,User_8586,51,user8586@example.com,Chicago
8587,User_8587,18,user8587@example.com,Chicago
8588,User_8588,19,user8588@example.com,Chicago
8589,User_8589,26,user8589@example.com,Chicago
8590,User_8590,48,user8590@example.com,Los Angeles
8591,User_8591,62,user8591@example.com,Phoenix
8592,User_8592,48,user8592@example.com,Houston
8593,User_8593,22,user8593@example.com,Houston
8594,User_8594,50,user8594@example.com,New York
8595,User_8595,55,user8595@example.com,Phoenix
8596,User_8596,53,user8596@example.com,Chicago
8597,User_8597,21,user8597@example.com,Chicago
8598,User_8598,21,user8598@example.com,Chicago
8599,User_8599,55,user8599@example.com,Los Angeles
8600,User_8600,58,user8600@example.com,New York
8601,User_8601,64,user8601@example.com,Houston
8602,User_8602,22,user8602@example.com,New York
8603,User_8603,57,user8603@example.com,Houston
8604,User_8604,50,user8604@example.com,New York
8605,User_8605,44,user8605@example.com,Los Angeles
8606,User_8606,37,user8606@example.com,Phoenix
8607,User_8607,62,user8607@example.com,Chicago
8608,User_8608,21,user8608@example.com,New York
8609,User_8609,28,user8609@example.com,New York
8610,User_8610,20,user8610@example.com,Houston
8611,User_8611,60,user8611@example.com,Los Angeles
8612,User_8612,48,user8612@example.com,Houston
8613,User_8613,43,user8613@example.com,New York
8614,User_8614,63,user8614@example.com,New York
8615,User_8615,60,user8615@example.com,Chicago
8616,User_8616,36,user8616@example.com,Chicago
8617,User_8617,49,user8617@example.com,New York
8618,User_8618,26,user8618@example.com,Los Angeles
8619,User_8619,58,user8619@example.com,Houston
8620,User_8620,33,user8620@example.com,Phoenix
8621,User_8621,30,user8621@example.com,Phoenix
8622,User_8622,28,user8622@example.com,Chicago
8623,User_8623,62,user8623@example.com,Houston
8624,User_8624,47,user8624@example.com,Phoenix
8625,User_8625,47,user8625@example.com,Chicago
8626,User_8626,46,user8626@example.com,Houston
8627,User_8627,57,user8627@example.com,Chicago
8628,User_8628,38,user8628@example.com,New York
8629,User_8629,55,user8629@example.com,Chicago
8630,User_8630,19,user8630@example.com,Houston
8631,User_8631,40,user8631@example.com,Chicago
8632,User_8632,29,user8632@example.com,Chicago
8633,User_8633,41,user8633@example.com,Los Angeles
8634,User_8634,25,user8634@example.com,Los Angeles
8635,User_8635,39,user8635@example.com,Chicago
8636,User_8636,57,user8636@example.com,Houston
8637,User_8637,51,user8637@example.com,Los Angeles
8638,User_8638,64,user8638@example.com,Phoenix
8639,User_8639,53,user8639@example.com,Houston
8640,User_8640,23,user8640@example.com,New York
8641,User_8641,23,user8641@example.com,Phoenix
8642,User_8642,19,user8642@example.com,Chicago
8643,User_8643,35,user8643@example.com,New York
8644,User_8644,60,user8644@example.com,Phoenix
8645,User_8645,46,user8645@example.com,Chicago
8646,User_8646,42,user8646@example.com,Los Angeles
8647,User_8647,58,user8647@example.com,Los Angeles
8648,User_8648,25,user8648@example.com,Los Angeles
8649,User_8649,40,user8649@example.com,Chicago
8650,User_8650,51,user8650@example.com,Los Angeles
8651,User_8651,30,user8651@example.com,New York
8652,User_8652,51,user8652@example.com,Los Angeles
8653,User_8653,32,user8653@example.com,Phoenix
8654,User_8654,28,user8654@example.com,Los Angeles
8655,User_8655,19,user8655@example.com,Los Angeles
8656,User_8656,58,user8656@example.com,Los Angeles
8657,User_8657,32,user8657@example.com,Phoenix
8658,User_8658,18,user8658@example.com,Houston
8659,User_8659,45,user8659@example.com,Houston
8660,User_8660,22,user8660@example.com,Phoenix
8661,User_8661,43,user8661@example.com,Chicago
8662,User_8662,60,user8662@example.com,Los Angeles
8663,User_8663,21,user8663@example.com,Phoenix
8664,User_8664,53,user8664@example.com,Houston
8665,User_8665,39,user8665@example.com,New York
8666,User_8666,37,user8666@example.com,Los Angeles
8667,User_8667,56,user8667@example.com,New York
8668,User_8668,45,user8668@example.com,Los Angeles
8669,User_8669,56,user8669@example.com,Phoenix
8670,User_8670,34,user8670@example.com,Chicago
8671,User_8671,21,user8671@example.com,Houston
8672,User_8672,29,user8672@example.com,Chicago
8673,User_8673,39,user8673@example.com,Los Angeles
8674,User_8674,44,user8674@example.com,Chicago
8675,User_8675,39,user8675@example.com,Los Angeles
8676,User_8676,51,user8676@example.com,Los Angeles
8677,User_8677,48,user8677@example.com,Chicago
8678,User_8678,60,user8678@example.com,Chicago
8679,User_8679,52,user8679@example.com,Phoenix
8680,User_8680,48,user8680@example.com,Phoenix
8681,User_8681,41,user8681@example.com,Houston
8682,User_8682,55,user8682@example.com,Chicago
8683,User_8683,51,user8683@example.com,Phoenix
8684,User_8684,53,user8684@example.com,Los Angeles
8685,User_8685,52,user8685@example.com,New York
8686,User_8686,23,user8686@example.com,Los Angeles
8687,User_8687,20,user8687@example.com,New York
8688,User_8688,24,user8688@example.com,Houston
8689,User_8689,48,user8689@example.com,Los Angeles
8690,User_8690,36,user8690@example.com,New York
8691,User_8691,23,user8691@example.com,Houston
8692,User_8692,64,user8692@example.com,Chicago
8693,User_8693,45,user8693@example.com,Houston
8694,User_8694,30,user8694@example.com,Phoenix
8695,User_8695,62,user8695@example.com,Chicago
8696,User_8696,57,user8696@example.com,Phoenix
8697,User_8697,26,user8697@example.com,Houston
8698,User_8698,49,user8698@example.com,New York
8699,User_8699,44,user8699@example.com,Chicago
8700,User_8700,64,user8700@example.com,Houston
8701,User_8701,51,user8701@example.com,Phoenix
8702,User_8702,63,user8702@example.com,New York
8703,User_8703,20,user8703@example.com,New York
8704,User_8704,32,user8704@example.com,New York
8705,User_8705,24,user8705@example.com,Phoenix
8706,User_8706,36,user8706@example.com,Houston
8707,User_8707,39,user8707@example.com,Houston
8708,User_8708,18,user8708@example.com,Los Angeles
8709,User_8709,51,user8709@example.com,Houston
8710,User_8710,25,user8710@example.com,Los Angeles
8711,User_8711,59,user8711@example.com,Houston
8712,User_8712,59,user8712@example.com,Los Angeles
8713,User_8713,26,user8713@example.com,Chicago
8714,User_8714,61,user8714@example.com,Houston
8715,User_8715,58,user8715@example.com,Chicago
8716,User_8716,48,user8716@example.com,Los Angeles
8717,User_8717,37,user8717@example.com,New York
8718,User_8718,22,user8718@example.com,Los Angeles
8719,User_8719,38,user8719@example.com,Los Angeles
8720,User_8720,62,user8720@example.com,Phoenix
8721,User_8721,55,user8721@example.com,Houston
8722,User_8722,46,user8722@example.com,Los Angeles
8723,User_8723,35,user8723@example.com,Chicago
8724,User_8724,37,user8724@example.com,Houston
8725,User_8725,20,user8725@example.com,Chicago
8726,User_8726,64,user8726@example.com,Los Angeles
8727,User_8727,35,user8727@example.com,Houston
8728,User_8728,38,user8728@example.com,Chicago
8729,User_8729,32,user8729@example.com,Los Angeles
8730,User_8730,54,user8730@example.com,Houston
8731,User_8731,43,user8731@example.com,Chicago
8732,User_8732,22,user8732@example.com,Phoenix
8733,User_8733,60,user8733@example.com,Los Angeles
8734,User_8734,51,user8734@example.com,Los Angeles
8735,User_8735,36,user8735@example.com,Chicago
8736,User_8736,20,user8736@example.com,Los Angeles
8737,User_8737,43,user8737@example.com,Los Angeles
8738,User_8738,35,user8738@example.com,Los Angeles
8739,User_8739,43,user8739@example.com,New York
8740,User_8740,47,user8740@example.com,New York
8741,User_8741,38,user8741@example.com,Houston
8742,User_8742,65,user8742@example.com,Phoenix
8743,User_8743,62,user8743@example.com,Chicago
8744,User_8744,47,user8744@example.com,Los Angeles
8745,User_8745,60,user8745@example.com,New York
8746,User_8746,40,user8746@example.com,Chicago
8747,User_8747,25,user8747@example.com,Houston
8748,User_8748,40,user8748@example.com,Chicago
8749,User_8749,56,user8749@example.com,Phoenix
8750,User_8750,34,user8750@example.com,New York
8751,User_8751,35,user8751@example.com,Chicago
8752,User_8752,49,user8752@example.com,Phoenix
8753,User_8753,63,user8753@example.com,Phoenix
8754,User_8754,60,user8754@example.com,Chicago
8755,User_8755,37,user8755@example.com,Chicago
8756,User_8756,64,user8756@example.com,Phoenix
8757,User_8757,35,user8757@example.com,Phoenix
8758,User_8758,60,user8758@example.com,Los Angeles
8759,User_8759,54,user8759@example.com,Los Angeles
8760,User_8760,45,user8760@example.com,Chicago
8761,User_8761,40,user8761@example.com,New York
8762,User_8762,44,user8762@example.com,Chicago
8763,User_8763,38,user8763@example.com,Houston
8764,User_8764,41,user8764@example.com,Phoenix
8765,User_8765,60,user8765@example.com,Houston
8766,User_8766,58,user8766@example.com,Houston
8767,User_8767,23,user8767@example.com,Phoenix
8768,User_8768,18,user8768@example.com,Los Angeles
8769,User_8769,33,user8769@example.com,Phoenix
8770,User_8770,40,user8770@example.com,Chicago
8771,User_8771,50,user8771@example.com,New York
8772,User_8772,61,user8772@example.com,Los Angeles
8773,User_8773,31,user8773@example.com,Houston
8774,User_8774,30,user8774@example.com,Houston
8775,User_8775,23,user8775@example.com,Houston
8776,User_8776,33,user8776@example.com,Phoenix
8777,User_8777,23,user8777@example.com,Houston
8778,User_8778,57,user8778@example.com,New York
8779,User_8779,57,user8779@example.com,Houston
8780,User_8780,65,user8780@example.com,Houston
8781,User_8781,24,user8781@example.com,Houston
8782,User_8782,51,user8782@example.com,Phoenix
8783,User_8783,39,user8783@example.com,Chicago
8784,User_8784,52,user8784@example.com,Phoenix
8785,User_8785,54,user8785@example.com,Phoenix
8786,User_8786,61,user8786@example.com,New York
8787,User_8787,31,user8787@example.com,Chicago
8788,User_8788,33,user8788@example.com,New York
8789,User_8789,51,user8789@example.com,Phoenix
8790,User_8790,56,user8790@example.com,Los Angeles
8791,User_8791,47,user8791@example.com,Houston
8792,User_8792,31,user8792@example.com,Chicago
8793,User_8793,53,user8793@example.com,Chicago
8794,User_8794,63,user8794@example.com,Houston
8795,User_8795,19,user8795@example.com,Los Angeles
8796,User_8796,64,user8796@example.com,Houston
8797,User_8797,31,user8797@example.com,New York
8798,User_8798,19,user8798@example.com,New York
8799,User_8799,25,user8799@example.com,Houston
8800,User_8800,63,user8800@example.com,Houston
8801,User_8801,54,user8801@example.com,Houston
8802,User_8802,40,user8802@example.com,Chicago
8803,User_8803,62,user8803@example.com,Chicago
8804,User_8804,28,user8804@example.com,New York
8805,User_8805,63,user8805@example.com,Chicago
8806,User_8806,35,user8806@example.com,Los Angeles
8807,User_8807,23,user8807@example.com,Phoenix
8808,User_8808,24,user8808@example.com,New York
8809,User_8809,43,user8809@example.com,Phoenix
8810,User_8810,33,user8810@example.com,Chicago
8811,User_8811,28,user8811@example.com,Houston
8812,User_8812,57,user8812@example.com,Chicago
8813,User_8813,56,user8813@example.com,Chicago
8814,User_8814,60,user8814@example.com,Los Angeles
8815,User_8815,32,user8815@example.com,Los Angeles
8816,User_8816,20,user8816@example.com,Chicago
8817,User_8817,50,user8817@example.com,Phoenix
8818,User_8818,54,user8818@example.com,Houston
8819,User_8819,40,user8819@example.com,New York
8820,User_8820,27,user8820@example.com,Chicago
8821,User_8821,28,user8821@example.com,Houston
8822,User_8822,43,user8822@example.com,Los Angeles
8823,User_8823,54,user8823@example.com,Houston
8824,User_8824,26,user8824@example.com,Los Angeles
8825,User_8825,38,user8825@example.com,Houston
8826,User_8826,26,user8826@example.com,Chicago
8827,User_8827,19,user8827@example.com,Houston
8828,User_8828,37,user8828@example.com,Phoenix
8829,User_8829,26,user8829@example.com,Chicago
8830,User_8830,62,user8830@example.com,New York
8831,User_8831,37,user8831@example.com,New York
8832,User_8832,46,user8832@example.com,Chicago
8833,User_8833,53,user8833@example.com,New York
8834,User_8834,56,user8834@example.com,Los Angeles
8835,User_8835,22,user8835@example.com,Houston
8836,User_8836,34,user8836@example.com,New York
8837,User_8837,34,user8837@example.com,Houston
8838,User_8838,32,user8838@example.com,New York
8839,User_8839,61,user8839@example.com,Houston
8840,User_8840,65,user8840@example.com,Houston
8841,User_8841,30,user8841@example.com,Houston
8842,User_8842,22,user8842@example.com,Houston
8843,User_8843,61,user8843@example.com,Houston
8844,User_8844,22,user8844@example.com,Chicago
8845,User_8845,39,user8845@example.com,Los Angeles
8846,User_8846,65,user8846@example.com,Houston
8847,User_8847,61,user8847@example.com,Houston
8848,User_8848,60,user8848@example.com,New York
8849,User_8849,38,user8849@example.com,Houston
8850,User_8850,19,user8850@example.com,Chicago
8851,User_8851,25,user8851@example.com,Los Angeles
8852,User_8852,24,user8852@example.com,Los Angeles
8853,User_8853,44,user8853@example.com,Chicago
8854,User_8854,55,user8854@example.com,Chicago
8855,User_8855,45,user8855@example.com,Phoenix
8856,User_8856,65,user8856@example.com,Houston
8857,User_8857,35,user8857@example.com,Phoenix
8858,User_8858,23,user8858@example.com,Houston
8859,User_8859,29,user8859@example.com,New York
8860,User_8860,46,user8860@example.com,New York
8861,User_8861,65,user8861@example.com,Chicago
8862,User_8862,38,user8862@example.com,Houston
8863,User_8863,22,user8863@example.com,Houston
8864,User_8864,59,user8864@example.com,Chicago
8865,User_8865,52,user8865@example.com,New York
8866,User_8866,32,user8866@example.com,Houston
8867,User_8867,62,user8867@example.com,Chicago
8868,User_8868,39,user8868@example.com,Phoenix
8869,User_8869,23,user8869@example.com,Phoenix
8870,User_8870,57,user8870@example.com,New York
8871,User_8871,42,user8871@example.com,Phoenix
8872,User_8872,57,user8872@example.com,New York
8873,User_8873,43,user8873@example.com,Phoenix
8874,User_8874,43,user8874@example.com,New York
8875,User_8875,62,user8875@example.com,Los Angeles
8876,User_8876,60,user8876@example.com,New York
8877,User_8877,62,user8877@example.com,New York
8878,User_8878,44,user8878@example.com,Phoenix
8879,User_8879,65,user8879@example.com,Los Angeles
8880,User_8880,54,user8880@example.com,Chicago
8881,User_8881,19,user8881@example.com,Chicago
8882,User_8882,19,user8882@example.com,Houston
8883,User_8883,63,user8883@example.com,Los Angeles
8884,User_8884,58,user8884@example.com,Phoenix
8885,User_8885,53,user8885@example.com,New York
8886,User_8886,37,user8886@example.com,New York
8887,User_8887,25,user8887@example.com,Chicago
8888,User_8888,27,user8888@example.com,Houston
8889,User_8889,49,user8889@example.com,Los Angeles
8890,User_8890,34,user8890@example.com,Phoenix
8891,User_8891,24,user8891@example.com,Los Angeles
8892,User_8892,28,user8892@example.com,Houston
8893,User_8893,52,user8893@example.com,Chicago
8894,User_8894,35,user8894@example.com,New York
8895,User_8895,50,user8895@example.com,Houston
8896,User_8896,56,user8896@example.com,Chicago
8897,User_8897,27,user8897@example.com,Los Angeles
8898,User_8898,44,user8898@example.com,Chicago
8899,User_8899,26,user8899@example.com,New York
8900,User_8900,40,user8900@example.com,Los Angeles
8901,User_8901,26,user8901@example.com,Chicago
8902,User_8902,45,user8902@example.com,Los Angeles
8903,User_8903,59,user8903@example.com,Los Angeles
8904,User_8904,48,user8904@example.com,Houston
8905,User_8905,21,user8905@example.com,Houston
8906,User_8906,55,user8906@example.com,Chicago
8907,User_8907,57,user8907@example.com,Chicago
8908,User_8908,59,user8908@example.com,Los Angeles
8909,User_8909,54,user8909@example.com,Houston
8910,User_8910,53,user8910@example.com,Houston
8911,User_8911,24,user8911@example.com,Chicago
8912,User_8912,56,user8912@example.com,Phoenix
8913,User_8913,58,user8913@example.com,Houston
8914,User_8914,51,user8914@example.com,Phoenix
8915,User_8915,55,user8915@example.com,Los Angeles
8916,User_8916,42,user8916@example.com,Houston
8917,User_8917,22,user8917@example.com,Phoenix
8918,User_8918,20,user8918@example.com,Houston
8919,User_8919,35,user8919@example.com,Phoenix
8920,User_8920,27,user8920@example.com,Los Angeles
8921,User_8921,64,user8921@example.com,Phoenix
8922,User_8922,19,user8922@example.com,Chicago
8923,User_8923,35,user8923@example.com,New York
8924,User_8924,34,user8924@example.com,Chicago
8925,User_8925,28,user8925@example.com,Houston
8926,User_8926,54,user8926@example.com,Chicago
8927,User_8927,22,user8927@example.com,New York
8928,User_8928,54,user8928@example.com,Chicago
8929,User_8929,21,user8929@example.com,Houston
8930,User_8930,40,user8930@example.com,Phoenix
8931,User_8931,29,user8931@example.com,Chicago
8932,User_8932,23,user8932@example.com,Chicago
8933,User_8933,46,user8933@example.com,Los Angeles
8934,User_8934,34,user8934@example.com,Los Angeles
8935,User_8935,48,user8935@example.com,New York
8936,User_8936,37,user8936@example.com,Los Angeles
8937,User_8937,24,user8937@example.com,Los Angeles
8938,User_8938,30,user8938@example.com,Houston
8939,User_8939,45,user8939@example.com,Phoenix
8940,User_8940,40,user8940@example.com,Chicago
8941,User_8941,25,user8941@example.com,Chicago
8942,User_8942,52,user8942@example.com,Los Angeles
8943,User_8943,52,user8943@example.com,Los Angeles
8944,User_8944,40,user8944@example.com,Houston
8945,User_8945,39,user8945@example.com,Los Angeles
8946,User_8946,24,user8946@example.com,Phoenix
8947,User_8947,36,user8947@example.com,Phoenix
8948,User_8948,57,user8948@example.com,Chicago
8949,User_8949,26,user8949@example.com,Chicago
8950,User_8950,39,user8950@example.com,Phoenix
8951,User_8951,36,user8951@example.com,Los Angeles
8952,User_8952,20,user8952@example.com,Phoenix
8953,User_8953,28,user8953@example.com,Houston
8954,User_8954,50,user8954@example.com,Los Angeles
8955,User_8955,61,user8955@example.com,Phoenix
8956,User_8956,18,user8956@example.com,Los Angeles
8957,User_8957,35,user8957@example.com,Los Angeles
8958,User_8958,33,user8958@example.com,Phoenix
8959,User_8959,64,user8959@example.com,New York
8960,User_8960,18,user8960@example.com,Los Angeles
8961,User_8961,22,user8961@example.com,Chicago
8962,User_8962,31,user8962@example.com,Phoenix
8963,User_8963,54,user8963@example.com,Chicago
8964,User_8964,27,user8964@example.com,Houston
8965,User_8965,28,user8965@example.com,Phoenix
8966,User_8966,30,user8966@example.com,New York
8967,User_8967,49,user8967@example.com,Phoenix
8968,User_8968,30,user8968@example.com,New York
8969,User_8969,38,user8969@example.com,New York
8970,User_8970,42,user8970@example.com,Houston
8971,User_8971,29,user8971@example.com,Houston
8972,User_8972,56,user8972@example.com,New York
8973,User_8973,26,user8973@example.com,New York
8974,User_8974,22,user8974@example.com,Los Angeles
8975,User_8975,24,user8975@example.com,Chicago
8976,User_8976,37,user8976@example.com,Houston
8977,User_8977,50,user8977@example.com,Chicago
8978,User_8978,49,user8978@example.com,New York
8979,User_8979,22,user8979@example.com,Phoenix
8980,User_8980,65,user8980@example.com,Los Angeles
8981,User_8981,32,user8981@example.com,Chicago
8982,User_8982,41,user8982@example.com,Chicago
8983,User_8983,51,user8983@example.com,Chicago
8984,User_8984,55,user8984@example.com,Los Angeles
8985,User_8985,24,user8985@example.com,Houston
8986,User_8986,60,user8986@example.com,Phoenix
8987,User_8987,57,user8987@example.com,Houston
8988,User_8988,29,user8988@example.com,Los Angeles
8989,User_8989,41,user8989@example.com,Phoenix
8990,User_8990,18,user8990@example.com,Houston
8991,User_8991,25,user8991@example.com,New York
8992,User_8992,28,user8992@example.com,Houston
8993,User_8993,54,user8993@example.com,Los Angeles
8994,User_8994,39,user8994@example.com,Houston
8995,User_8995,28,user8995@example.com,Chicago
8996,User_8996,23,user8996@example.com,Houston
8997,User_8997,61,user8997@example.com,Chicago
8998,User_8998,27,user8998@example.com,Los Angeles
8999,User_8999,54,user8999@example.com,Houston
9000,User_9000,47,user9000@example.com,Chicago
9001,User_9001,26,user9001@example.com,Phoenix
9002,User_9002,58,user9002@example.com,New York
9003,User_9003,63,user9003@example.com,New York
9004,User_9004,61,user9004@example.com,Los Angeles
9005,User_9005,19,user9005@example.com,Houston
9006,User_9006,26,user9006@example.com,Los Angeles
9007,User_9007,64,user9007@example.com,Chicago
9008,User_9008,48,user9008@example.com,Houston
9009,User_9009,51,user9009@example.com,Houston
9010,User_9010,35,user9010@example.com,Houston
9011,User_9011,21,user9011@example.com,Phoenix
9012,User_9012,60,user9012@example.com,Chicago
9013,User_9013,28,user9013@example.com,New York
9014,User_9014,32,user9014@example.com,New York
9015,User_9015,48,user9015@example.com,Phoenix
9016,User_9016,31,user9016@example.com,Los Angeles
9017,User_9017,53,user9017@example.com,Houston
9018,User_9018,32,user9018@example.com,Phoenix
9019,User_9019,48,user9019@example.com,New York
9020,User_9020,23,user9020@example.com,Chicago
9021,User_9021,60,user9021@example.com,Chicago
9022,User_9022,28,user9022@example.com,Phoenix
9023,User_9023,22,user9023@example.com,Chicago
9024,User_9024,63,user9024@example.com,Chicago
9025,User_9025,24,user9025@example.com,Chicago
9026,User_9026,60,user9026@example.com,Houston
9027,User_9027,40,user9027@example.com,Phoenix
9028,User_9028,38,user9028@example.com,Chicago
9029,User_9029,29,user9029@example.com,Los Angeles
9030,User_9030,40,user9030@example.com,Chicago
9031,User_9031,24,user9031@example.com,Phoenix
9032,User_9032,38,user9032@example.com,Phoenix
9033,User_9033,62,user9033@example.com,Houston
9034,User_9034,38,user9034@example.com,Phoenix
9035,User_9035,30,user9035@example.com,Houston
9036,User_9036,55,user9036@example.com,New York
9037,User_9037,62,user9037@example.com,Los Angeles
9038,User_9038,39,user9038@example.com,Phoenix
9039,User_9039,18,user9039@example.com,New York
9040,User_9040,36,user9040@example.com,Phoenix
9041,User_9041,64,user9041@example.com,Houston
9042,User_9042,27,user9042@example.com,New York
9043,User_9043,48,user9043@example.com,Los Angeles
9044,User_9044,65,user9044@example.com,New York
9045,User_9045,33,user9045@example.com,Phoenix
9046,User_9046,18,user9046@example.com,Chicago
9047,User_9047,37,user9047@example.com,New York
9048,User_9048,34,user9048@example.com,Houston
9049,User_9049,42,user9049@example.com,Phoenix
9050,User_9050,37,user9050@example.com,Houston
9051,User_9051,36,user9051@example.com,Houston
9052,User_9052,22,user9052@example.com,Phoenix
9053,User_9053,36,user9053@example.com,Chicago
9054,User_9054,27,user9054@example.com,Houston
9055,User_9055,35,user9055@example.com,Houston
9056,User_9056,63,user9056@example.com,New York
9057,User_9057,44,user9057@example.com,New York
9058,User_9058,38,user9058@example.com,New York
9059,User_9059,37,user9059@example.com,Phoenix
9060,User_9060,28,user9060@example.com,Los Angeles
9061,User_9061,53,user9061@example.com,Phoenix
9062,User_9062,26,user9062@example.com,New York
9063,User_9063,46,user9063@example.com,Chicago
9064,User_9064,37,user9064@example.com,Chicago
9065,User_9065,52,user9065@example.com,Phoenix
9066,User_9066,47,user9066@example.com,Los Angeles
9067,User_9067,19,user9067@example.com,Los Angeles
9068,User_9068,42,user9068@example.com,Chicago
9069,User_9069,52,user9069@example.com,Houston
9070,User_9070,36,user9070@example.com,Chicago
9071,User_9071,57,user9071@example.com,Phoenix
9072,User_9072,51,user9072@example.com,Houston
9073,User_9073,34,user9073@example.com,New York
9074,User_9074,32,user9074@example.com,New York
9075,User_9075,28,user9075@example.com,Houston
9076,User_9076,30,user9076@example.com,Los Angeles
9077,User_9077,41,user9077@example.com,New York
9078,User_9078,38,user9078@example.com,New York
9079,User_9079,24,user9079@example.com,Phoenix
9080,User_9080,45,user9080@example.com,Phoenix
9081,User_9081,26,user9081@example.com,Los Angeles
9082,User_9082,37,user9082@example.com,Phoenix
9083,User_9083,22,user9083@example.com,Houston
9084,User_9084,29,user9084@example.com,Houston
9085,User_9085,33,user9085@example.com,Chicago
9086,User_9086,45,user9086@example.com,Phoenix
9087,User_9087,44,user9087@example.com,Chicago
9088,User_9088,63,user9088@example.com,Houston
9089,User_9089,55,user9089@example.com,Los Angeles
9090,User_9090,20,user9090@example.com,Phoenix
9091,User_9091,42,user9091@example.com,Los Angeles
9092,User_9092,22,user9092@example.com,Los Angeles
9093,User_9093,58,user9093@example.com,Houston
9094,User_9094,65,user9094@example.com,Phoenix
9095,User_9095,52,user9095@example.com,Chicago
9096,User_9096,24,user9096@example.com,Houston
9097,User_9097,62,user9097@example.com,Chicago
9098,User_9098,56,user9098@example.com,Los Angeles
9099,User_9099,22,user9099@example.com,Phoenix
9100,User_9100,47,user9100@example.com,Los Angeles
9101,User_9101,52,user9101@example.com,New York
9102,User_9102,35,user9102@example.com,Los Angeles
9103,User_9103,44,user9103@example.com,Chicago
9104,User_9104,42,user9104@example.com,Houston
9105,User_9105,63,user9105@example.com,Los Angeles
9106,User_9106,47,user9106@example.com,Phoenix
9107,User_9107,24,user9107@example.com,Chicago
9108,User_9108,62,user9108@example.com,Chicago
9109,User_9109,46,user9109@example.com,Los Angeles
9110,User_9110,39,user9110@example.com,Los Angeles
9111,User_9111,49,user9111@example.com,New York
9112,User_9112,38,user9112@example.com,Phoenix
9113,User_9113,36,user9113@example.com,New York
9114,User_9114,54,user9114@example.com,Houston
9115,User_9115,23,user9115@example.com,Phoenix
9116,User_9116,34,user9116@example.com,Phoenix
9117,User_9117,38,user9117@example.com,Houston
9118,User_9118,60,user9118@example.com,Chicago
9119,User_9119,54,user9119@example.com,Chicago
9120,User_9120,39,user9120@example.com,Chicago
9121,User_9121,33,user9121@example.com,Chicago
9122,User_9122,63,user9122@example.com,New York
9123,User_9123,56,user9123@example.com,Houston
9124,User_9124,45,user9124@example.com,Chicago
9125,User_9125,62,user9125@example.com,New York
9126,User_9126,45,user9126@example.com,Chicago
9127,User_9127,30,user9127@example.com,Phoenix
9128,User_9128,64,user9128@example.com,Houston
9129,User_9129,64,user9129@example.com,Phoenix
9130,User_9130,35,user9130@example.com,Houston
9131,User_9131,38,user9131@example.com,New York
9132,User_9132,45,user9132@example.com,New York
9133,User_9133,65,user9133@example.com,Phoenix
9134,User_9134,53,user9134@example.com,Chicago
9135,User_9135,21,user9135@example.com,New York
9136,User_9136,52,user9136@example.com,New York
9137,User_9137,40,user9137@example.com,Los Angeles
9138,User_9138,45,user9138@example.com,Phoenix
9139,User_9139,22,user9139@example.com,Chicago
9140,User_9140,49,user9140@example.com,Los Angeles
9141,User_9141,41,user9141@example.com,Chicago
9142,User_9142,38,user9142@example.com,Phoenix
9143,User_9143,60,user9143@example.com,Phoenix
9144,User_9144,34,user9144@example.com,Houston
9145,User_9145,22,user9145@example.com,Phoenix
9146,User_9146,45,user9146@example.com,Houston
9147,User_9147,58,user9147@example.com,Chicago
9148,User_9148,34,user9148@example.com,Phoenix
9149,User_9149,21,user9149@example.com,Los Angeles
9150,User_9150,31,user9150@example.com,Phoenix
9151,User_9151,34,user9151@example.com,Phoenix
9152,User_9152,54,user9152@example.com,New York
9153,User_9153,34,user9153@example.com,Los Angeles
9154,User_9154,49,user9154@example.com,Los Angeles
9155,User_9155,55,user9155@example.com,Phoenix
9156,User_9156,44,user9156@example.com,Chicago
9157,User_9157,44,user9157@example.com,Los Angeles
9158,User_9158,61,user9158@example.com,New York
9159,User_9159,44,user9159@example.com,Phoenix
9160,User_9160,63,user9160@example.com,New York
9161,User_9161,39,user9161@example.com,Phoenix
9162,User_9162,37,user9162@example.com,Chicago
9163,User_9163,49,user9163@example.com,Chicago
9164,User_9164,56,user9164@example.com,Chicago
9165,User_9165,33,user9165@example.com,Chicago
9166,User_9166,46,user9166@example.com,Los Angeles
9167,User_9167,60,user9167@example.com,Phoenix
9168,User_9168,50,user9168@example.com,Houston
9169,User_9169,23,user9169@example.com,Los Angeles
9170,User_9170,20,user9170@example.com,New York
9171,User_9171,54,user9171@example.com,Los Angeles
9172,User_9172,50,user9172@example.com,Los Angeles
9173,User_9173,30,user9173@example.com,Phoenix
9174,User_9174,25,user9174@example.com,Phoenix
9175,User_9175,31,user9175@example.com,Chicago
9176,User_9176,48,user9176@example.com,Houston
9177,User_9177,59,user9177@example.com,Houston
9178,User_9178,47,user9178@example.com,Los Angeles
9179,User_9179,36,user9179@example.com,Phoenix
9180,User_9180,64,user9180@example.com,Houston
9181,User_9181,19,user9181@example.com,Houston
9182,User_9182,39,user9182@example.com,Houston
9183,User_9183,30,user9183@example.com,Los Angeles
9184,User_9184,57,user9184@example.com,Phoenix
9185,User_9185,24,user9185@example.com,New York
9186,User_9186,36,user9186@example.com,Houston
9187,User_9187,57,user9187@example.com,Chicago
9188,User_9188,59,user9188@example.com,Houston
9189,User_9189,43,user9189@example.com,Phoenix
9190,User_9190,39,user9190@example.com,New York
9191,User_9191,22,user9191@example.com,Los Angeles
9192,User_9192,54,user9192@example.com,Chicago
9193,User_9193,50,user9193@example.com,Los Angeles
9194,User_9194,25,user9194@example.com,Phoenix
9195,User_9195,47,user9195@example.com,Chicago
9196,User_9196,33,user9196@example.com,Los Angeles
9197,User_9197,34,user9197@example.com,Los Angeles
9198,User_9198,56,user9198@example.com,Chicago
9199,User_9199,52,user9199@example.com,Phoenix
9200,User_9200,56,user9200@example.com,Phoenix
9201,User_9201,38,user9201@example.com,New York
9202,User_9202,50,user9202@example.com,New York
9203,User_9203,45,user9203@example.com,Los Angeles
9204,User_9204,40,user9204@example.com,New York
9205,User_9205,31,user9205@example.com,Phoenix
9206,User_9206,64,user9206@example.com,New York
9207,User_9207,23,user9207@example.com,Chicago
9208,User_9208,39,user9208@example.com,New York
9209,User_9209,28,user9209@example.com,Chicago
9210,User_9210,64,user9210@example.com,Los Angeles
9211,User_9211,44,user9211@example.com,Los Angeles
9212,User_9212,36,user9212@example.com,Chicago
9213,User_9213,52,user9213@example.com,Houston
9214,User_9214,43,user9214@example.com,Los Angeles
9215,User_9215,37,user9215@example.com,Los Angeles
9216,User_9216,37,user9216@example.com,Houston
9217,User_9217,22,user9217@example.com,Phoenix
9218,User_9218,28,user9218@example.com,Phoenix
9219,User_9219,39,user9219@example.com,Houston
9220,User_9220,53,user9220@example.com,Phoenix
9221,User_9221,53,user9221@example.com,Phoenix
9222,User_9222,38,user9222@example.com,New York
9223,User_9223,55,user9223@example.com,New York
9224,User_9224,62,user9224@example.com,Chicago
9225,User_9225,21,user9225@example.com,Houston
9226,User_9226,51,user9226@example.com,Los Angeles
9227,User_9227,32,user9227@example.com,Phoenix
9228,User_9228,40,user9228@example.com,Houston
9229,User_9229,56,user9229@example.com,Houston
9230,User_9230,35,user9230@example.com,Chicago
9231,User_9231,43,user9231@example.com,New York
9232,User_9232,63,user9232@example.com,Houston
9233,User_9233,51,user9233@example.com,Phoenix
9234,User_9234,28,user9234@example.com,Los Angeles
9235,User_9235,22,user9235@example.com,Chicago
9236,User_9236,30,user9236@example.com,Phoenix
9237,User_9237,25,user9237@example.com,Chicago
9238,User_9238,40,user9238@example.com,Phoenix
9239,User_9239,40,user9239@example.com,Phoenix
9240,User_9240,23,user9240@example.com,Los Angeles
9241,User_9241,41,user9241@example.com,Los Angeles
9242,User_9242,27,user9242@example.com,Houston
9243,User_9243,24,user9243@example.com,Phoenix
9244,User_9244,43,user9244@example.com,Chicago
9245,User_9245,55,user9245@example.com,Houston
9246,User_9246,36,user9246@example.com,Los Angeles
9247,User_9247,63,user9247@example.com,Phoenix
9248,User_9248,48,user9248@example.com,Houston
9249,User_9249,27,user9249@example.com,Houston
9250,User_9250,47,user9250@example.com,Los Angeles
9251,User_9251,48,user9251@example.com,Phoenix
9252,User_9252,48,user9252@example.com,Los Angeles
9253,User_9253,25,user9253@example.com,Los Angeles
9254,User_9254,59,user9254@example.com,Houston
9255,User_9255,45,user9255@example.com,Phoenix
9256,User_9256,48,user9256@example.com,Chicago
9257,User_9257,23,user9257@example.com,New York
9258,User_9258,64,user9258@example.com,Houston
9259,User_9259,43,user9259@example.com,Los Angeles
9260,User_9260,22,user9260@example.com,Chicago
9261,User_9261,19,user9261@example.com,New York
9262,User_9262,52,user9262@example.com,Phoenix
9263,User_9263,27,user9263@example.com,Los Angeles
9264,User_9264,47,user9264@example.com,New York
9265,User_9265,45,user9265@example.com,Los Angeles
9266,User_9266,28,user9266@example.com,Los Angeles
9267,User_9267,19,user9267@example.com,Los Angeles
9268,User_9268,59,user9268@example.com,Phoenix
9269,User_9269,39,user9269@example.com,Houston
9270,User_9270,22,user9270@example.com,Phoenix
9271,User_9271,30,user9271@example.com,New York
9272,User_9272,24,user9272@example.com,Los Angeles
9273,User_9273,26,user9273@example.com,Chicago
9274,User_9274,39,user9274@example.com,Phoenix
9275,User_9275,37,user9275@example.com,Phoenix
9276,User_9276,43,user9276@example.com,Phoenix
9277,User_9277,26,user9277@example.com,Phoenix
9278,User_9278,61,user9278@example.com,Houston
9279,User_9279,33,user9279@example.com,Los Angeles
9280,User_9280,47,user9280@example.com,Phoenix
9281,User_9281,42,user9281@example.com,Chicago
9282,User_9282,39,user9282@example.com,New York
9283,User_9283,29,user9283@example.com,Houston
9284,User_9284,35,user9284@example.com,Chicago
9285,User_9285,28,user9285@example.com,Chicago
9286,User_9286,56,user9286@example.com,New York
9287,User_9287,51,user9287@example.com,Phoenix
9288,User_9288,18,user9288@example.com,New York
9289,User_9289,50,user9289@example.com,Phoenix
9290,User_9290,28,user9290@example.com,New York
9291,User_9291,49,user9291@example.com,Phoenix
9292,User_9292,37,user9292@example.com,Chicago
9293,User_9293,61,user9293@example.com,Los Angeles
9294,User_9294,51,user9294@example.com,New York
9295,User_9295,38,user9295@example.com,Chicago
9296,User_9296,48,user9296@example.com,Los Angeles
9297,User_9297,42,user9297@example.com,New York
9298,User_9298,29,user9298@example.com,Chicago
9299,User_9299,44,user9299@example.com,Phoenix
9300,User_9300,19,user9300@example.com,New York
9301,User_9301,34,user9301@example.com,Los Angeles
9302,User_9302,38,user9302@example.com,Phoenix
9303,User_9303,29,user9303@example.com,Phoenix
9304,User_9304,28,user9304@example.com,Los Angeles
9305,User_9305,31,user9305@example.com,Los Angeles
9306,User_9306,53,user9306@example.com,Phoenix
9307,User_9307,33,user9307@example.com,Phoenix
9308,User_9308,27,user9308@example.com,Phoenix
9309,User_9309,44,user9309@example.com,Phoenix
9310,User_9310,56,user9310@example.com,Chicago
9311,User_9311,57,user9311@example.com,Phoenix
9312,User_9312,63,user9312@example.com,New York
9313,User_9313,24,user9313@example.com,Chicago
9314,User_9314,45,user9314@example.com,Los Angeles
9315,User_9315,42,user9315@example.com,New York
9316,User_9316,33,user9316@example.com,Chicago
9317,User_9317,61,user9317@example.com,Chicago
9318,User_9318,33,user9318@example.com,Chicago
9319,User_9319,53,user9319@example.com,Phoenix
9320,User_9320,48,user9320@example.com,Chicago
9321,User_9321,23,user9321@example.com,Los Angeles
9322,User_9322,65,user9322@example.com,New York
9323,User_9323,53,user9323@example.com,Los Angeles
9324,User_9324,61,user9324@example.com,New York
9325,User_9325,22,user9325@example.com,Chicago
9326,User_9326,27,user9326@example.com,New York
9327,User_9327,47,user9327@example.com,Phoenix
9328,User_9328,64,user9328@example.com,Chicago
9329,User_9329,22,user9329@example.com,New York
9330,User_9330,19,user9330@example.com,Chicago
9331,User_9331,63,user9331@example.com,Houston
9332,User_9332,18,user9332@example.com,Chicago
9333,User_9333,30,user9333@example.com,Houston
9334,User_9334,22,user9334@example.com,Chicago
9335,User_9335,39,user9335@example.com,New York
9336,User_9336,22,user9336@example.com,Houston
9337,User_9337,26,user9337@example.com,Los Angeles
9338,User_9338,60,user9338@example.com,Phoenix
9339,User_9339,19,user9339@example.com,New York
9340,User_9340,19,user9340@example.com,New York
9341,User_9341,48,user9341@example.com,New York
9342,User_9342,56,user9342@example.com,Los Angeles
9343,User_9343,64,user9343@example.com,Houston
9344,User_9344,62,user9344@example.com,Houston
9345,User_9345,42,user9345@example.com,Phoenix
9346,User_9346,25,user9346@example.com,Chicago
9347,User_9347,36,user9347@example.com,Houston
9348,User_9348,28,user9348@example.com,Chicago
9349,User_9349,60,user9349@example.com,Houston
9350,User_9350,28,user9350@example.com,Chicago
9351,User_9351,19,user9351@example.com,Houston
9352,User_9352,46,user9352@example.com,Chicago
9353,User_9353,65,user9353@example.com,Chicago
9354,User_9354,53,user9354@example.com,New York
9355,User_9355,34,user9355@example.com,New York
9356,User_9356,21,user9356@example.com,Los Angeles
9357,User_9357,27,user9357@example.com,Houston
9358,User_9358,55,user9358@example.com,Phoenix
9359,User_9359,45,user9359@example.com,Houston
9360,User_9360,55,user9360@example.com,Los Angeles
9361,User_9361,21,user9361@example.com,Los Angeles
9362,User_9362,19,user9362@example.com,Los Angeles
9363,User_9363,34,user9363@example.com,Chicago
9364,User_9364,50,user9364@example.com,New York
9365,User_9365,46,user9365@example.com,Houston
9366,User_9366,40,user9366@example.com,Phoenix
9367,User_9367,47,user9367@example.com,Houston
9368,User_9368,53,user9368@example.com,Phoenix
9369,User_9369,62,user9369@example.com,New York
9370,User_9370,35,user9370@example.com,Chicago
9371,User_9371,56,user9371@example.com,Los Angeles
9372,User_9372,28,user9372@example.com,Los Angeles
9373,User_9373,20,user9373@example.com,Los Angeles
9374,User_9374,49,user9374@example.com,Los Angeles
9375,User_9375,20,user9375@example.com,New York
9376,User_9376,24,user9376@example.com,Phoenix
9377,User_9377,28,user9377@example.com,Los Angeles
9378,User_9378,35,user9378@example.com,Chicago
9379,User_9379,38,user9379@example.com,Los Angeles
9380,User_9380,45,user9380@example.com,Phoenix
9381,User_9381,39,user9381@example.com,Chicago
9382,User_9382,53,user9382@example.com,Chicago
9383,User_9383,57,user9383@example.com,Chicago
9384,User_9384,57,user9384@example.com,Phoenix
9385,User_9385,56,user9385@example.com,Chicago
9386,User_9386,46,user9386@example.com,Phoenix
9387,User_9387,48,user9387@example.com,New York
9388,User_9388,28,user9388@example.com,Houston
9389,User_9389,22,user9389@example.com,Chicago
9390,User_9390,51,user9390@example.com,Chicago
9391,User_9391,60,user9391@example.com,Los Angeles
9392,User_9392,24,user9392@example.com,Phoenix
9393,User_9393,50,user9393@example.com,Chicago
9394,User_9394,29,user9394@example.com,Houston
9395,User_9395,34,user9395@example.com,Los Angeles
9396,User_9396,25,user9396@example.com,New York
9397,User_9397,30,user9397@example.com,New York
9398,User_9398,18,user9398@example.com,Los Angeles
9399,User_9399,28,user9399@example.com,Chicago
9400,User_9400,44,user9400@example.com,Los Angeles
9401,User_9401,18,user9401@example.com,Chicago
9402,User_9402,45,user9402@example.com,New York
9403,User_9403,37,user9403@example.com,Houston
9404,User_9404,45,user9404@example.com,New York
9405,User_9405,18,user9405@example.com,Los Angeles
9406,User_9406,44,user9406@example.com,Phoenix
9407,User_9407,53,user9407@example.com,Phoenix
9408,User_9408,44,user9408@example.com,Chicago
9409,User_9409,44,user9409@example.com,Chicago
9410,User_9410,34,user9410@example.com,Houston
9411,User_9411,20,user9411@example.com,Phoenix
9412,User_9412,45,user9412@example.com,Los Angeles
9413,User_9413,30,user9413@example.com,Chicago
9414,User_9414,55,user9414@example.com,Phoenix
9415,User_9415,37,user9415@example.com,Phoenix
9416,User_9416,38,user9416@example.com,New York
9417,User_9417,43,user9417@example.com,Phoenix
9418,User_9418,62,user9418@example.com,Los Angeles
9419,User_9419,59,user9419@example.com,Chicago
9420,User_9420,53,user9420@example.com,Los Angeles
9421,User_9421,43,user9421@example.com,Phoenix
9422,User_9422,41,user9422@example.com,Los Angeles
9423,User_9423,42,user9423@example.com,New York
9424,User_9424,59,user9424@example.com,Phoenix
9425,User_9425,42,user9425@example.com,Phoenix
9426,User_9426,43,user9426@example.com,Chicago
9427,User_9427,33,user9427@example.com,Houston
9428,User_9428,23,user9428@example.com,Houston
9429,User_9429,49,user9429@example.com,Phoenix
9430,User_9430,26,user9430@example.com,New York
9431,User_9431,31,user9431@example.com,Los Angeles
9432,User_9432,37,user9432@example.com,Chicago
9433,User_9433,37,user9433@example.com,Chicago
9434,User_9434,41,user9434@example.com,Chicago
9435,User_9435,23,user9435@example.com,New York
9436,User_9436,58,user9436@example.com,Houston
9437,User_9437,52,user9437@example.com,Los Angeles
9438,User_9438,64,user9438@example.com,Los Angeles
9439,User_9439,62,user9439@example.com,Chicago
9440,User_9440,50,user9440@example.com,Chicago
9441,User_9441,55,user9441@example.com,New York
9442,User_9442,35,user9442@example.com,New York
9443,User_9443,55,user9443@example.com,Los Angeles
9444,User_9444,55,user9444@example.com,Houston
9445,User_9445,58,user9445@example.com,Chicago
9446,User_9446,38,user9446@example.com,Phoenix
9447,User_9447,41,user9447@example.com,New York
9448,User_9448,62,user9448@example.com,Los Angeles
9449,User_9449,30,user9449@example.com,Chicago
9450,User_9450,54,user9450@example.com,Los Angeles
9451,User_9451,39,user9451@example.com,Houston
9452,User_9452,52,user9452@example.com,New York
9453,User_9453,34,user9453@example.com,Los Angeles
9454,User_9454,57,user9454@example.com,Los Angeles
9455,User_9455,32,user9455@example.com,Phoenix
9456,User_9456,30,user9456@example.com,Los Angeles
9457,User_9457,30,user9457@example.com,Los Angeles
9458,User_9458,56,user9458@example.com,Houston
9459,User_9459,42,user9459@example.com,Los Angeles
9460,User_9460,61,user9460@example.com,Houston
9461,User_9461,28,user9461@example.com,Chicago
9462,User_9462,57,user9462@example.com,New York
9463,User_9463,22,user9463@example.com,Chicago
9464,User_9464,52,user9464@example.com,Los Angeles
9465,User_9465,58,user9465@example.com,Phoenix
9466,User_9466,54,user9466@example.com,Chicago
9467,User_9467,46,user9467@example.com,Phoenix
9468,User_9468,65,user9468@example.com,Houston
9469,User_9469,23,user9469@example.com,Chicago
9470,User_9470,62,user9470@example.com,Houston
9471,User_9471,46,user9471@example.com,Phoenix
9472,User_9472,50,user9472@example.com,New York
9473,User_9473,22,user9473@example.com,New York
9474,User_9474,54,user9474@example.com,Phoenix
9475,User_9475,51,user9475@example.com,New York
9476,User_9476,57,user9476@example.com,Phoenix
9477,User_9477,38,user9477@example.com,Houston
9478,User_9478,34,user9478@example.com,Phoenix
9479,User_9479,35,user9479@example.com,Chicago
9480,User_9480,36,user9480@example.com,Chicago
9481,User_9481,37,user9481@example.com,Houston
9482,User_9482,65,user9482@example.com,Los Angeles
9483,User_9483,30,user9483@example.com,Chicago
9484,User_9484,18,user9484@example.com,Chicago
9485,User_9485,42,user9485@example.com,Chicago
9486,User_9486,47,user9486@example.com,Houston
9487,User_9487,56,user9487@example.com,Houston
9488,User_9488,45,user9488@example.com,New York
9489,User_9489,30,user9489@example.com,Houston
9490,User_9490,49,user9490@example.com,Phoenix
9491,User_9491,27,user9491@example.com,Phoenix
9492,User_9492,21,user9492@example.com,Los Angeles
9493,User_9493,19,user9493@example.com,Los Angeles
9494,User_9494,52,user9494@example.com,Los Angeles
9495,User_9495,61,user9495@example.com,Phoenix
9496,User_9496,30,user9496@example.com,Los Angeles
9497,User_9497,64,user9497@example.com,Los Angeles
9498,User_9498,62,user9498@example.com,New York
9499,User_9499,52,user9499@example.com,Los Angeles
9500,User_9500,29,user9500@example.com,Chicago
9501,User_9501,48,user9501@example.com,Phoenix
9502,User_9502,19,user9502@example.com,Los Angeles
9503,User_9503,35,user9503@example.com,Phoenix
9504,User_9504,49,user9504@example.com,Chicago
9505,User_9505,32,user9505@example.com,Los Angeles
9506,User_9506,35,user9506@example.com,Houston
9507,User_9507,43,user9507@example.com,Los Angeles
9508,User_9508,43,user9508@example.com,Houston
9509,User_9509,64,user9509@example.com,Chicago
9510,User_9510,20,user9510@example.com,Houston
9511,User_9511,54,user9511@example.com,Chicago
9512,User_9512,47,user9512@example.com,Chicago
9513,User_9513,53,user9513@example.com,Los Angeles
9514,User_9514,45,user9514@example.com,Los Angeles
9515,User_9515,39,user9515@example.com,Los Angeles
9516,User_9516,55,user9516@example.com,Los Angeles
9517,User_9517,31,user9517@example.com,Phoenix
9518,User_9518,36,user9518@example.com,Houston
9519,User_9519,29,user9519@example.com,New York
9520,User_9520,63,user9520@example.com,Chicago
9521,User_9521,37,user9521@example.com,New York
9522,User_9522,33,user9522@example.com,Los Angeles
9523,User_9523,57,user9523@example.com,Los Angeles
9524,User_9524,22,user9524@example.com,Houston
9525,User_9525,31,user9525@example.com,Los Angeles
9526,User_9526,63,user9526@example.com,Chicago
9527,User_9527,55,user9527@example.com,New York
9528,User_9528,25,user9528@example.com,Los Angeles
9529,User_9529,44,user9529@example.com,Houston
9530,User_9530,43,user9530@example.com,Houston
9531,User_9531,41,user9531@example.com,Los Angeles
9532,User_9532,29,user9532@example.com,Los Angeles
9533,User_9533,30,user9533@example.com,Phoenix
9534,User_9534,22,user9534@example.com,Phoenix
9535,User_9535,29,user9535@example.com,Phoenix
9536,User_9536,36,user9536@example.com,Los Angeles
9537,User_9537,24,user9537@example.com,New York
9538,User_9538,39,user9538@example.com,New York
9539,User_9539,50,user9539@example.com,New York
9540,User_9540,53,user9540@example.com,Phoenix
9541,User_9541,65,user9541@example.com,Los Angeles
9542,User_9542,36,user9542@example.com,Chicago
9543,User_9543,36,user9543@example.com,Chicago
9544,User_9544,40,user9544@example.com,Houston
9545,User_9545,63,user9545@example.com,Los Angeles
9546,User_9546,57,user9546@example.com,Los Angeles
9547,User_9547,34,user9547@example.com,Phoenix
9548,User_9548,21,user9548@example.com,Phoenix
9549,User_9549,18,user9549@example.com,New York
9550,User_9550,41,user9550@example.com,Los Angeles
9551,User_9551,38,user9551@example.com,Phoenix
9552,User_9552,29,user9552@example.com,Phoenix
9553,User_9553,65,user9553@example.com,New York
9554,User_9554,54,user9554@example.com,Phoenix
9555,User_9555,36,user9555@example.com,New York
9556,User_9556,38,user9556@example.com,New York
9557,User_9557,19,user9557@example.com,Phoenix
9558,User_9558,57,user9558@example.com,New York
9559,User_9559,36,user9559@example.com,Los Angeles
9560,User_9560,41,user9560@example.com,Phoenix
9561,User_9561,34,user9561@example.com,Houston
9562,User_9562,44,user9562@example.com,New York
9563,User_9563,56,user9563@example.com,Chicago
9564,User_9564,40,user9564@example.com,Los Angeles
9565,User_9565,44,user9565@example.com,New York
9566,User_9566,37,user9566@example.com,Chicago
9567,User_9567,36,user9567@example.com,Phoenix
9568,User_9568,42,user9568@example.com,Houston
9569,User_9569,26,user9569@example.com,New York
9570,User_9570,52,user9570@example.com,Houston
9571,User_9571,54,user9571@example.com,Phoenix
9572,User_9572,20,user9572@example.com,Chicago
9573,User_9573,27,user9573@example.com,New York
9574,User_9574,46,user9574@example.com,New York
9575,User_9575,26,user9575@example.com,Houston
9576,User_9576,57,user9576@example.com,Houston
9577,User_9577,57,user9577@example.com,New York
9578,User_9578,49,user9578@example.com,New York
9579,User_9579,62,user9579@example.com,Los Angeles
9580,User_9580,19,user9580@example.com,Phoenix
9581,User_9581,45,user9581@example.com,Phoenix
9582,User_9582,39,user9582@example.com,Houston
9583,User_9583,35,user9583@example.com,Chicago
9584,User_9584,63,user9584@example.com,Los Angeles
9585,User_9585,63,user9585@example.com,Phoenix
9586,User_9586,55,user9586@example.com,Phoenix
9587,User_9587,30,user9587@example.com,Chicago
9588,User_9588,43,user9588@example.com,Los Angeles
9589,User_9589,33,user9589@example.com,Chicago
9590,User_9590,29,user9590@example.com,Phoenix
9591,User_9591,59,user9591@example.com,New York
9592,User_9592,40,user9592@example.com,Houston
9593,User_9593,24,user9593@example.com,Los Angeles
9594,User_9594,58,user9594@example.com,New York
9595,User_9595,48,user9595@example.com,Houston
9596,User_9596,62,user9596@example.com,Chicago
9597,User_9597,64,user9597@example.com,Houston
9598,User_9598,50,user9598@example.com,Los Angeles
9599,User_9599,38,user9599@example.com,New York
9600,User_9600,32,user9600@example.com,Chicago
9601,User_9601,64,user9601@example.com,Los Angeles
9602,User_9602,58,user9602@example.com,Chicago
9603,User_9603,55,user9603@example.com,Phoenix
9604,User_9604,64,user9604@example.com,New York
9605,User_9605,58,user9605@example.com,Chicago
9606,User_9606,55,user9606@example.com,New York
9607,User_9607,59,user9607@example.com,Los Angeles
9608,User_9608,35,user9608@example.com,Chicago
9609,User_9609,19,user9609@example.com,Houston
9610,User_9610,18,user9610@example.com,Phoenix
9611,User_9611,52,user9611@example.com,Los Angeles
9612,User_9612,57,user9612@example.com,Chicago
9613,User_9613,59,user9613@example.com,Chicago
9614,User_9614,22,user9614@example.com,Houston
9615,User_9615,52,user9615@example.com,Chicago
9616,User_9616,40,user9616@example.com,New York
9617,User_9617,29,user9617@example.com,Houston
9618,User_9618,33,user9618@example.com,Los Angeles
9619,User_9619,56,user9619@example.com,New York
9620,User_9620,18,user9620@example.com,Houston
9621,User_9621,56,user9621@example.com,Phoenix
9622,User_9622,65,user9622@example.com,New York
9623,User_9623,48,user9623@example.com,Los Angeles
9624,User_9624,46,user9624@example.com,Houston
9625,User_9625,39,user9625@example.com,New York
9626,User_9626,65,user9626@example.com,Los Angeles
9627,User_9627,35,user9627@example.com,Los Angeles
9628,User_9628,63,user9628@example.com,Houston
9629,User_9629,34,user9629@example.com,New York
9630,User_9630,38,user9630@example.com,Phoenix
9631,User_9631,27,user9631@example.com,New York
9632,User_9632,30,user9632@example.com,Los Angeles
9633,User_9633,56,user9633@example.com,Los Angeles
9634,User_9634,48,user9634@example.com,Houston
9635,User_9635,26,user9635@example.com,New York
9636,User_9636,42,user9636@example.com,New York
9637,User_9637,40,user9637@example.com,Chicago
9638,User_9638,29,user9638@example.com,Houston
9639,User_9639,41,user9639@example.com,Chicago
9640,User_9640,27,user9640@example.com,Los Angeles
9641,User_9641,49,user9641@example.com,New York
9642,User_9642,38,user9642@example.com,Houston
9643,User_9643,60,user9643@example.com,Phoenix
9644,User_9644,24,user9644@example.com,Los Angeles
9645,User_9645,58,user9645@example.com,Houston
9646,User_9646,48,user9646@example.com,Houston
9647,User_9647,61,user9647@example.com,Los Angeles
9648,User_9648,64,user9648@example.com,Phoenix
9649,User_9649,58,user9649@example.com,Phoenix
9650,User_9650,51,user9650@example.com,Chicago
9651,User_9651,22,user9651@example.com,New York
9652,User_9652,18,user9652@example.com,Chicago
9653,User_9653,19,user9653@example.com,Houston
9654,User_9654,51,user9654@example.com,Phoenix
9655,User_9655,29,user9655@example.com,Houston
9656,User_9656,50,user9656@example.com,Los Angeles
9657,User_9657,63,user9657@example.com,Phoenix
9658,User_9658,32,user9658@example.com,Los Angeles
9659,User_9659,60,user9659@example.com,New York
9660,User_9660,59,user9660@example.com,Houston
9661,User_9661,22,user9661@example.com,Chicago
9662,User_9662,50,user9662@example.com,Phoenix
9663,User_9663,18,user9663@example.com,Phoenix
9664,User_9664,30,user9664@example.com,New York
9665,User_9665,46,user9665@example.com,Chicago
9666,User_9666,30,user9666@example.com,New York
9667,User_9667,32,user9667@example.com,Chicago
9668,User_9668,56,user9668@example.com,Los Angeles
9669,User_9669,64,user9669@example.com,Chicago
9670,User_9670,50,user9670@example.com,Houston
9671,User_9671,20,user9671@example.com,Houston
9672,User_9672,53,user9672@example.com,Los Angeles
9673,User_9673,37,user9673@example.com,Houston
9674,User_9674,32,user9674@example.com,Phoenix
9675,User_9675,60,user9675@example.com,Chicago
9676,User_9676,61,user9676@example.com,New York
9677,User_9677,49,user9677@example.com,New York
9678,User_9678,55,user9678@example.com,Chicago
9679,User_9679,41,user9679@example.com,Los Angeles
9680,User_9680,34,user9680@example.com,New York
9681,User_9681,35,user9681@example.com,Phoenix
9682,User_9682,18,user9682@example.com,Houston
9683,User_9683,43,user9683@example.com,Los Angeles
9684,User_9684,36,user9684@example.com,Phoenix
9685,User_9685,36,user9685@example.com,New York
9686,User_9686,31,user9686@example.com,Chicago
9687,User_9687,37,user9687@example.com,Chicago
9688,User_9688,53,user9688@example.com,Houston
9689,User_9689,56,user9689@example.com,Chicago
9690,User_9690,20,user9690@example.com,Los Angeles
9691,User_9691,48,user9691@example.com,Chicago
9692,User_9692,43,user9692@example.com,Chicago
9693,User_9693,53,user9693@example.com,Chicago
9694,User_9694,61,user9694@example.com,Houston
9695,User_9695,60,user9695@example.com,Chicago
9696,User_9696,60,user9696@example.com,New York
9697,User_9697,61,user9697@example.com,Los Angeles
9698,User_9698,60,user9698@example.com,New York
9699,User_9699,58,user9699@example.com,Houston
9700,User_9700,32,user9700@example.com,Chicago
9701,User_9701,26,user9701@example.com,Los Angeles
9702,User_9702,56,user9702@example.com,Chicago
9703,User_9703,61,user9703@example.com,New York
9704,User_9704,50,user9704@example.com,Phoenix
9705,User_9705,47,user9705@example.com,Los Angeles
9706,User_9706,60,user9706@example.com,Los Angeles
9707,User_9707,41,user9707@example.com,Chicago
9708,User_9708,18,user9708@example.com,New York
9709,User_9709,31,user9709@example.com,Houston
9710,User_9710,56,user9710@example.com,New York
9711,User_9711,61,user9711@example.com,Houston
9712,User_9712,39,user9712@example.com,New York
9713,User_9713,19,user9713@example.com,Chicago
9714,User_9714,64,user9714@example.com,Phoenix
9715,User_9715,32,user9715@example.com,Phoenix
9716,User_9716,33,user9716@example.com,New York
9717,User_9717,22,user9717@example.com,Chicago
9718,User_9718,60,user9718@example.com,New York
9719,User_9719,29,user9719@example.com,Houston
9720,User_9720,40,user9720@example.com,Chicago
9721,User_9721,45,user9721@example.com,Chicago
9722,User_9722,55,user9722@example.com,Los Angeles
9723,User_9723,38,user9723@example.com,Chicago
9724,User_9724,38,user9724@example.com,Houston
9725,User_9725,41,user9725@example.com,Phoenix
9726,User_9726,64,user9726@example.com,Chicago
9727,User_9727,21,user9727@example.com,Chicago
9728,User_9728,49,user9728@example.com,New York
9729,User_9729,42,user9729@example.com,Chicago
9730,User_9730,36,user9730@example.com,Chicago
9731,User_9731,44,user9731@example.com,Phoenix
9732,User_9732,47,user9732@example.com,Los Angeles
9733,User_9733,50,user9733@example.com,Chicago
9734,User_9734,39,user9734@example.com,Los Angeles
9735,User_9735,58,user9735@example.com,Los Angeles
9736,User_9736,41,user9736@example.com,Phoenix
9737,User_9737,33,user9737@example.com,Chicago
9738,User_9738,30,user9738@example.com,Los Angeles
9739,User_9739,64,user9739@example.com,Phoenix
9740,User_9740,37,user9740@example.com,Los Angeles
9741,User_9741,59,user9741@example.com,Phoenix
9742,User_9742,51,user9742@example.com,Houston
9743,User_9743,26,user9743@example.com,Phoenix
9744,User_9744,20,user9744@example.com,Los Angeles
9745,User_9745,21,user9745@example.com,Phoenix
9746,User_9746,34,user9746@example.com,New York
9747,User_9747,39,user9747@example.com,Chicago
9748,User_9748,33,user9748@example.com,Los Angeles
9749,User_9749,22,user9749@example.com,Chicago
9750,User_9750,39,user9750@example.com,New York
9751,User_9751,34,user9751@example.com,Chicago
9752,User_9752,52,user9752@example.com,Houston
9753,User_9753,20,user9753@example.com,Chicago
9754,User_9754,44,user9754@example.com,Chicago
9755,User_9755,62,user9755@example.com,New York
9756,User_9756,61,user9756@example.com,Los Angeles
9757,User_9757,33,user9757@example.com,Phoenix
9758,User_9758,32,user9758@example.com,Los Angeles
9759,User_9759,61,user9759@example.com,Los Angeles
9760,User_9760,46,user9760@example.com,Houston
9761,User_9761,38,user9761@example.com,Chicago
9762,User_9762,48,user9762@example.com,New York
9763,User_9763,31,user9763@example.com,Houston
9764,User_9764,43,user9764@example.com,Los Angeles
9765,User_9765,19,user9765@example.com,Phoenix
9766,User_9766,50,user9766@example.com,Phoenix
9767,User_9767,24,user9767@example.com,New York
9768,User_9768,32,user9768@example.com,Phoenix
9769,User_9769,34,user9769@example.com,Houston
9770,User_9770,19,user9770@example.com,Chicago
9771,User_9771,59,user9771@example.com,Los Angeles
9772,User_9772,59,user9772@example.com,Houston
9773,User_9773,65,user9773@example.com,Chicago
9774,User_9774,38,user9774@example.com,New York
9775,User_9775,44,user9775@example.com,Los Angeles
9776,User_9776,46,user9776@example.com,Los Angeles
9777,User_9777,39,user9777@example.com,Chicago
9778,User_9778,38,user9778@example.com,Los Angeles
9779,User_9779,32,user9779@example.com,Houston
9780,User_9780,20,user9780@example.com,Houston
9781,User_9781,19,user9781@example.com,Los Angeles
9782,User_9782,36,user9782@example.com,Chicago
9783,User_9783,61,user9783@example.com,Phoenix
9784,User_9784,18,user9784@example.com,Houston
9785,User_9785,65,user9785@example.com,Phoenix
9786,User_9786,54,user9786@example.com,Chicago
9787,User_9787,46,user9787@example.com,Los Angeles
9788,User_9788,58,user9788@example.com,Phoenix
9789,User_9789,54,user9789@example.com,Phoenix
9790,User_9790,45,user9790@example.com,Chicago
9791,User_9791,61,user9791@example.com,Chicago
9792,User_9792,64,user9792@example.com,Houston
9793,User_9793,46,user9793@example.com,New York
9794,User_9794,34,user9794@example.com,Chicago
9795,User_9795,45,user9795@example.com,Los Angeles
9796,User_9796,63,user9796@example.com,Los Angeles
9797,User_9797,49,user9797@example.com,Los Angeles
9798,User_9798,33,user9798@example.com,Phoenix
9799,User_9799,65,user9799@example.com,Chicago
9800,User_9800,43,user9800@example.com,Houston
9801,User_9801,50,user9801@example.com,Phoenix
9802,User_9802,20,user9802@example.com,Chicago
9803,User_9803,43,user9803@example.com,New York
9804,User_9804,58,user9804@example.com,New York
9805,User_9805,57,user9805@example.com,Chicago
9806,User_9806,47,user9806@example.com,Chicago
9807,User_9807,22,user9807@example.com,New York
9808,User_9808,43,user9808@example.com,Phoenix
9809,User_9809,49,user9809@example.com,Phoenix
9810,User_9810,19,user9810@example.com,Phoenix
9811,User_9811,18,user9811@example.com,Houston
9812,User_9812,65,user9812@example.com,Houston
9813,User_9813,29,user9813@example.com,Phoenix
9814,User_9814,34,user9814@example.com,Phoenix
9815,User_9815,31,user9815@example.com,Los Angeles
9816,User_9816,32,user9816@example.com,Los Angeles
9817,User_9817,43,user9817@example.com,Phoenix
9818,User_9818,46,user9818@example.com,New York
9819,User_9819,33,user9819@example.com,New York
9820,User_9820,26,user9820@example.com,Los Angeles
9821,User_9821,22,user9821@example.com,Houston
9822,User_9822,47,user9822@example.com,Houston
9823,User_9823,24,user9823@example.com,Phoenix
9824,User_9824,60,user9824@example.com,Phoenix
9825,User_9825,60,user9825@example.com,New York
9826,User_9826,35,user9826@example.com,Chicago
9827,User_9827,28,user9827@example.com,Chicago
9828,User_9828,35,user9828@example.com,Chicago
9829,User_9829,38,user9829@example.com,Phoenix
9830,User_9830,22,user9830@example.com,New York
9831,User_9831,59,user9831@example.com,New York
9832,User_9832,50,user9832@example.com,Phoenix
9833,User_9833,42,user9833@example.com,Chicago
9834,User_9834,21,user9834@example.com,New York
9835,User_9835,30,user9835@example.com,Phoenix
9836,User_9836,64,user9836@example.com,Houston
9837,User_9837,27,user9837@example.com,Chicago
9838,User_9838,19,user9838@example.com,Chicago
9839,User_9839,50,user9839@example.com,Houston
9840,User_9840,24,user9840@example.com,Los Angeles
9841,User_9841,60,user9841@example.com,Phoenix
9842,User_9842,58,user9842@example.com,Chicago
9843,User_9843,64,user9843@example.com,New York
9844,User_9844,57,user9844@example.com,Chicago
9845,User_9845,49,user9845@example.com,Los Angeles
9846,User_9846,65,user9846@example.com,Chicago
9847,User_9847,50,user9847@example.com,Chicago
9848,User_9848,64,user9848@example.com,Los Angeles
9849,User_9849,64,user9849@example.com,Phoenix
9850,User_9850,43,user9850@example.com,Chicago
9851,User_9851,63,user9851@example.com,Houston
9852,User_9852,34,user9852@example.com,Los Angeles
9853,User_9853,40,user9853@example.com,Phoenix
9854,User_9854,40,user9854@example.com,Los Angeles
9855,User_9855,37,user9855@example.com,Houston
9856,User_9856,41,user9856@example.com,Los Angeles
9857,User_9857,38,user9857@example.com,Los Angeles
9858,User_9858,24,user9858@example.com,Chicago
9859,User_9859,59,user9859@example.com,Los Angeles
9860,User_9860,33,user9860@example.com,Los Angeles
9861,User_9861,26,user9861@example.com,Chicago
9862,User_9862,57,user9862@example.com,New York
9863,User_9863,48,user9863@example.com,New York
9864,User_9864,31,user9864@example.com,Houston
9865,User_9865,24,user9865@example.com,Los Angeles
9866,User_9866,64,user9866@example.com,Phoenix
9867,User_9867,21,user9867@example.com,New York
9868,User_9868,22,user9868@example.com,Los Angeles
9869,User_9869,24,user9869@example.com,New York
9870,User_9870,58,user9870@example.com,Los Angeles
9871,User_9871,51,user9871@example.com,Chicago
9872,User_9872,52,user9872@example.com,Houston
9873,User_9873,45,user9873@example.com,New York
9874,User_9874,19,user9874@example.com,Los Angeles
9875,User_9875,39,user9875@example.com,Phoenix
9876,User_9876,62,user9876@example.com,Phoenix
9877,User_9877,44,user9877@example.com,New York
9878,User_9878,64,user9878@example.com,Los Angeles
9879,User_9879,31,user9879@example.com,New York
9880,User_9880,29,user9880@example.com,Houston
9881,User_9881,48,user9881@example.com,Los Angeles
9882,User_9882,59,user9882@example.com,New York
9883,User_9883,45,user9883@example.com,Phoenix
9884,User_9884,62,user9884@example.com,Chicago
9885,User_9885,30,user9885@example.com,Houston
9886,User_9886,23,user9886@example.com,Houston
9887,User_9887,54,user9887@example.com,New York
9888,User_9888,35,user9888@example.com,Chicago
9889,User_9889,24,user9889@example.com,Phoenix
9890,User_9890,55,user9890@example.com,Los Angeles
9891,User_9891,48,user9891@example.com,New York
9892,User_9892,32,user9892@example.com,Phoenix
9893,User_9893,20,user9893@example.com,Chicago
9894,User_9894,48,user9894@example.com,Phoenix
9895,User_9895,26,user9895@example.com,New York
9896,User_9896,65,user9896@example.com,Los Angeles
9897,User_9897,52,user9897@example.com,Chicago
9898,User_9898,62,user9898@example.com,Houston
9899,User_9899,40,user9899@example.com,Houston
9900,User_9900,56,user9900@example.com,Los Angeles
9901,User_9901,23,user9901@example.com,Los Angeles
9902,User_9902,56,user9902@example.com,Houston
9903,User_9903,54,user9903@example.com,Chicago
9904,User_9904,19,user9904@example.com,Los Angeles
9905,User_9905,39,user9905@example.com,Chicago
9906,User_9906,43,user9906@example.com,Los Angeles
9907,User_9907,64,user9907@example.com,Los Angeles
9908,User_9908,21,user9908@example.com,Houston
9909,User_9909,26,user9909@example.com,Houston
9910,User_9910,61,user9910@example.com,Phoenix
9911,User_9911,33,user9911@example.com,Chicago
9912,User_9912,20,user9912@example.com,New York
9913,User_9913,22,user9913@example.com,New York
9914,User_9914,45,user9914@example.com,Chicago
9915,User_9915,28,user9915@example.com,Houston
9916,User_9916,28,user9916@example.com,Phoenix
9917,User_9917,50,user9917@example.com,Los Angeles
9918,User_9918,39,user9918@example.com,Houston
9919,User_9919,65,user9919@example.com,Los Angeles
9920,User_9920,55,user9920@example.com,New York
9921,User_9921,51,user9921@example.com,Phoenix
9922,User_9922,41,user9922@example.com,Chicago
9923,User_9923,42,user9923@example.com,New York
9924,User_9924,24,user9924@example.com,Houston
9925,User_9925,43,user9925@example.com,Phoenix
9926,User_9926,50,user9926@example.com,Chicago
9927,User_9927,35,user9927@example.com,Los Angeles
9928,User_9928,43,user9928@example.com,Los Angeles
9929,User_9929,26,user9929@example.com,Los Angeles
9930,User_9930,24,user9930@example.com,Los Angeles
9931,User_9931,25,user9931@example.com,Phoenix
9932,User_9932,28,user9932@example.com,Los Angeles
9933,User_9933,38,user9933@example.com,Phoenix
9934,User_9934,21,user9934@example.com,Houston
9935,User_9935,46,user9935@example.com,Los Angeles
9936,User_9936,23,user9936@example.com,New York
9937,User_9937,33,user9937@example.com,New York
9938,User_9938,62,user9938@example.com,Los Angeles
9939,User_9939,42,user9939@example.com,Los Angeles
9940,User_9940,34,user9940@example.com,Los Angeles
9941,User_9941,39,user9941@example.com,New York
9942,User_9942,35,user9942@example.com,Los Angeles
9943,User_9943,59,user9943@example.com,Houston
9944,User_9944,26,user9944@example.com,New York
9945,User_9945,35,user9945@example.com,Houston
9946,User_9946,55,user9946@example.com,Phoenix
9947,User_9947,24,user9947@example.com,New York
9948,User_9948,64,user9948@example.com,Phoenix
9949,User_9949,39,user9949@example.com,Chicago
9950,User_9950,42,user9950@example.com,Los Angeles
9951,User_9951,64,user9951@example.com,New York
9952,User_9952,39,user9952@example.com,Phoenix
9953,User_9953,23,user9953@example.com,New York
9954,User_9954,60,user9954@example.com,Phoenix
9955,User_9955,59,user9955@example.com,Phoenix
9956,User_9956,53,user9956@example.com,New York
9957,User_9957,52,user9957@example.com,Chicago
9958,User_9958,56,user9958@example.com,Phoenix
9959,User_9959,41,user9959@example.com,Houston
9960,User_9960,44,user9960@example.com,New York
9961,User_9961,61,user9961@example.com,New York
9962,User_9962,65,user9962@example.com,Phoenix
9963,User_9963,49,user9963@example.com,New York
9964,User_9964,60,user9964@example.com,Phoenix
9965,User_9965,57,user9965@example.com,Los Angeles
9966,User_9966,44,user9966@example.com,Chicago
9967,User_9967,21,user9967@example.com,Phoenix
9968,User_9968,36,user9968@example.com,Houston
9969,User_9969,33,user9969@example.com,New York
9970,User_9970,40,user9970@example.com,Chicago
9971,User_9971,21,user9971@example.com,New York
9972,User_9972,62,user9972@example.com,Houston
9973,User_9973,63,user9973@example.com,New York
9974,User_9974,21,user9974@example.com,Chicago
9975,User_9975,34,user9975@example.com,Houston
9976,User_9976,55,user9976@example.com,Houston
9977,User_9977,63,user9977@example.com,Chicago
9978,User_9978,18,user9978@example.com,Chicago
9979,User_9979,29,user9979@example.com,Phoenix
9980,User_9980,31,user9980@example.com,Chicago
9981,User_9981,58,user9981@example.com,Houston
9982,User_9982,53,user9982@example.com,Chicago
9983,User_9983,54,user9983@example.com,Houston
9984,User_9984,37,user9984@example.com,Los Angeles
9985,User_9985,36,user9985@example.com,New York
9986,User_9986,32,user9986@example.com,Houston
9987,User_9987,59,user9987@example.com,Houston
9988,User_9988,36,user9988@example.com,Los Angeles
9989,User_9989,54,user9989@example.com,Houston
9990,User_9990,42,user9990@example.com,Houston
9991,User_9991,27,user9991@example.com,New York
9992,User_9992,64,user9992@example.com,Houston
9993,User_9993,65,user9993@example.com,Chicago
9994,User_9994,37,user9994@example.com,Phoenix
9995,User_9995,56,user9995@example.com,Phoenix
9996,User_9996,48,user9996@example.com,Houston
9997,User_9997,35,user9997@example.com,New York
9998,User_9998,63,user9998@example.com,Los Angeles
9999,User_9999,33,user9999@example.com,Chicago
10000,User_10000,21,user10000@example.com,Chicago
